case_id,mode,source_distance_m,true_angle_deg,first_error_deg,first_report_deg,second_error_deg,receiver_radius_m,q_x,q_y,second_response,safety_certificate,movement_m,movement_and_second_measure_s,crossing_acute_angle_deg,posterior_diameter_m,posterior_mec_radius_m,direction_outcome_bound_m,mec_center_error_m,certified_clear_after_two,extra_clear_movement_m
d100_a0_e-1,fixed,100.0,0.0,-1.0,359.0,0.75,1000.0,706.8743491843873,387.72239355645803,direction,Q_safe,806.2257748298549,166.24515496597098,32.573863703538336,50.15890731878136,25.079453659392666,112.20357240224872,14.10218456329999,False,
d100_a0_e-1,estimated,100.0,0.0,-1.0,359.0,0.75,1000.0,721.6858947833327,140.81998142704794,direction,Q_safe,735.2964013908498,152.05928027816998,12.762871971235686,102.94312482177718,51.47156241089113,175.58841794431993,26.40550610232891,False,
d100_a0_e-1,active,100.0,0.0,-1.0,359.0,0.75,1000.0,371.0160942352579,-231.51038382416937,direction,convex_hull_first_station_and_Q_safe,437.32139211339756,92.46427842267951,40.504983694352205,24.507951882939313,12.253975941471182,241.71886404388374,5.704716725414308,True,349.9238707755804
d100_a0_e0,fixed,100.0,0.0,0.0,0.0,0.75,1000.0,700.0,400.0,direction,Q_safe,806.2257748298549,166.24515496597098,33.6900675259798,50.005601549744696,25.00280077487437,111.91092581755662,16.65856054956853,False,
d100_a0_e0,estimated,100.0,0.0,0.0,0.0,0.75,1000.0,721.8211308091836,159.1479957554249,direction,Q_safe,739.1575132782033,152.83150265564066,14.356031974737514,99.46458192535925,49.73229096268223,172.89590806730575,32.37247243007021,False,
d100_a0_e0,active,100.0,0.0,0.0,0.0,0.75,1000.0,375.0,225.0,direction,convex_hull_first_station_and_Q_safe,437.3213921133975,92.4642784226795,39.28940686250034,23.845129356743964,11.922564678373675,241.9103211568431,7.205266645677934,True,339.91923175542433
d100_a0_e1,fixed,100.0,0.0,1.0,1.0,0.75,1000.0,692.9124240345604,412.15576256865495,direction,Q_safe,806.2257748298549,166.24515496597098,34.804619069438594,49.86608380367426,24.933041901839175,111.6672558693896,19.1860359222157,False,
d100_a0_e1,estimated,100.0,0.0,1.0,1.0,0.75,1000.0,721.6858947833327,177.54852987719914,direction,Q_safe,743.2052281777721,153.64104563555443,15.93891903217331,96.40011141713057,48.20005570856794,167.98139298877288,37.59936903355496,False,
d100_a0_e1,active,100.0,0.0,1.0,1.0,0.75,1000.0,371.016094235258,231.51038382416934,direction,convex_hull_first_station_and_Q_safe,437.32139211339756,92.46427842267951,40.504983694352184,23.741731961684998,11.870865980844219,241.7188640438828,9.405418056701416,True,338.35855212813965
d100_a0.0049_e-1,fixed,100.0,0.0049,-1.0,359.0,0.75,1000.0,706.8743491843873,387.72239355645803,direction,Q_safe,806.2257748298549,166.24515496597098,32.568390305840424,50.15890731878136,25.079453659392666,112.20357240224872,14.103128381592724,False,
d100_a0.0049_e-1,estimated,100.0,0.0049,-1.0,359.0,0.75,1000.0,721.6858947833327,140.81998142704794,direction,Q_safe,735.2964013908498,152.05928027816998,12.75722224878017,102.94312482177718,51.47156241089113,175.58841794431993,26.405930032207696,False,
d100_a0.0049_e-1,active,100.0,0.0049,-1.0,359.0,0.75,1000.0,371.0160942352579,-231.51038382416937,direction,convex_hull_first_station_and_Q_safe,437.32139211339756,92.46427842267951,40.51092890749735,24.50262382938843,12.251311914695743,241.71886404388374,5.6135594431170555,True,349.84344916897936
d100_a0.0049_e0,fixed,100.0,0.0049,0.0,0.0,0.75,1000.0,700.0,400.0,direction,Q_safe,806.2257748298549,166.24515496597098,33.68460212152838,50.005601549744696,25.00280077487437,111.91092581755662,16.65833867106418,False,
d100_a0.0049_e0,estimated,100.0,0.0049,0.0,0.0,0.75,1000.0,721.8211308091836,159.1479957554249,direction,Q_safe,739.1575132782033,152.83150265564066,14.350392400990218,99.46458192535925,49.73229096268223,172.89590806730575,32.372243677833,False,
d100_a0.0049_e0,active,100.0,0.0049,0.0,0.0,0.75,1000.0,375.0,225.0,direction,convex_hull_first_station_and_Q_safe,437.3213921133975,92.4642784226795,39.2834394821602,23.845129356743964,11.922564678373675,241.9103211568431,7.205026921093079,True,339.91923175542433
d100_a0.0049_e1,fixed,100.0,0.0049,1.0,1.0,0.75,1000.0,692.9124240345604,412.15576256865495,direction,Q_safe,806.2257748298549,166.24515496597098,34.79916186205941,49.86608380367426,24.933041901839175,111.6672558693896,19.184917786813703,False,
d100_a0.0049_e1,estimated,100.0,0.0049,1.0,1.0,0.75,1000.0,721.6858947833327,177.54852987719914,direction,Q_safe,743.2052281777721,153.64104563555443,15.93329027942686,96.40011141713057,48.20005570856794,167.98139298877288,37.598632491305565,False,
d100_a0.0049_e1,active,100.0,0.0049,1.0,1.0,0.75,1000.0,371.016094235258,231.51038382416934,direction,convex_hull_first_station_and_Q_safe,437.32139211339756,92.46427842267951,40.49903837226619,23.741731961684998,11.870865980844219,241.7188640438828,9.403502575729458,True,338.35855212813965
d100_a90_e-1,fixed,100.0,90.0,-1.0,89.0,0.75,1000.0,-387.722393556458,706.8743491843873,direction,Q_safe,806.2257748298549,166.24515496597098,32.573863703538336,50.1589073187806,25.079453659392286,112.20357240224983,14.10218456329991,False,
d100_a90_e-1,estimated,100.0,90.0,-1.0,89.0,0.75,1000.0,177.54852987722586,721.6858947833309,direction,Q_safe,743.2052281777767,153.64104563555534,15.938919032175628,106.34702129308796,53.17351064654578,167.98139298875142,27.72325862901789,False,
d100_a90_e-1,active,100.0,90.0,-1.0,89.0,0.75,1000.0,231.51038382416937,371.0160942352579,direction,convex_hull_first_station_and_Q_safe,437.32139211339756,92.46427842267951,40.504983694352205,24.507951882938553,12.253975941470802,241.71886404388073,5.70471672541432,True,349.92387077558004
d100_a90_e0,fixed,100.0,90.0,0.0,90.0,0.75,1000.0,-399.99999999999994,700.0,direction,Q_safe,806.2257748298549,166.24515496597098,33.6900675259798,50.005601549744505,25.002800774874267,111.910925817556,16.65856054956863,False,
d100_a90_e0,estimated,100.0,90.0,0.0,90.0,0.75,1000.0,159.1479957554244,721.8211308091813,direction,Q_safe,739.157513278201,152.8315026556402,14.356031974737514,110.1846050744142,55.0923025372088,172.89590806730567,35.548815562803206,False,
d100_a90_e0,active,100.0,90.0,0.0,90.0,0.75,1000.0,225.00000000000003,375.0,direction,convex_hull_first_station_and_Q_safe,437.32139211339756,92.46427842267951,39.28940686250034,24.620552513865036,12.310276256934015,241.91032115684192,7.490316591106694,True,351.62346398686407
d100_a90_e1,fixed,100.0,90.0,1.0,91.0,0.75,1000.0,-412.15576256865495,692.9124240345604,direction,Q_safe,806.2257748298549,166.24515496597098,34.804619069438594,49.866083803673845,24.93304190183897,111.66725586938725,19.186035922215673,False,
d100_a90_e1,estimated,100.0,90.0,1.0,91.0,0.75,1000.0,140.81998142702287,721.6858947833309,direction,Q_safe,735.2964013908432,152.05928027816864,12.762871971233526,112.50343345812013,56.25171672906167,175.58841794433752,43.748283781360506,False,
d100_a90_e1,active,100.0,90.0,1.0,91.0,0.75,1000.0,-231.51038382416934,371.016094235258,direction,convex_hull_first_station_and_Q_safe,437.32139211339756,92.46427842267951,40.504983694352184,23.74173196168595,11.870865980844702,241.71886404388107,9.405418056701379,True,338.3585521281401
d100_a179.995_e-1,fixed,100.0,179.995,-1.0,179.0,0.75,1000.0,-692.9124240345604,412.15576256865495,direction,Q_safe,806.2257748298549,166.24515496597098,34.79905049005693,51.85521114681576,25.927605573409462,111.66725586938702,14.943386570891066,False,
d100_a179.995_e-1,estimated,100.0,179.995,-1.0,179.0,0.75,1000.0,-562.5016391312076,243.4848074846014,direction,Q_safe,612.9379621961009,127.58759243922017,27.758794913184886,49.02828677264505,24.51414338632413,181.82498431467357,12.339973094158996,False,
d100_a179.995_e-1,active,100.0,179.995,-1.0,179.0,0.75,1000.0,-371.016094235258,231.5103838241693,direction,convex_hull_first_station_and_Q_safe,437.32139211339756,92.46427842267951,40.49891703802813,24.50795188293976,12.253975941471406,241.71886404387993,5.701870259495247,True,349.9238707755868
d100_a179.995_e0,fixed,100.0,179.995,0.0,180.0,0.75,1000.0,-700.0,-399.9999999999999,direction,Q_safe,806.2257748298549,166.24515496597098,33.695644428401074,50.005601549743474,25.00280077487376,111.9109258175563,16.658792232525215,False,
d100_a179.995_e0,estimated,100.0,179.995,0.0,180.0,0.75,1000.0,-562.6731350537568,225.06925402181702,direction,Q_safe,606.017512962423,126.2035025924846,25.934922126252278,49.944686525608205,24.972343262805655,184.7424539512601,15.871823735537536,False,
d100_a179.995_e0,active,100.0,179.995,0.0,180.0,0.75,1000.0,-375.0,-224.99999999999994,direction,convex_hull_first_station_and_Q_safe,437.3213921133975,92.4642784226795,39.2954959155903,23.845129356744,11.922564678373698,241.9103211568415,7.2055224711785275,True,339.91923175542433
d100_a179.995_e1,fixed,100.0,179.995,1.0,181.0,0.75,1000.0,-706.8743491843873,387.722393556458,direction,Q_safe,806.2257748298549,166.24515496597098,32.56827860344405,52.17754633675785,26.08877316838044,112.2035724022494,20.253684533652695,False,
d100_a179.995_e1,estimated,100.0,179.995,1.0,181.0,0.75,1000.0,-537.7565113054457,187.75997523602894,direction,Q_safe,569.5927262106128,118.91854524212256,23.209214635899887,50.18688655489893,25.09344327745097,210.45160034329416,19.858942236504017,False,
d100_a179.995_e1,active,100.0,179.995,1.0,181.0,0.75,1000.0,-371.0160942352579,-231.5103838241694,direction,convex_hull_first_station_and_Q_safe,437.32139211339756,92.46427842267951,40.51105023724351,23.73683857951607,11.868419289759762,241.7188640438797,9.499345773755918,True,338.28469144861094
d100_a359.995_e-1,fixed,100.0,359.995,-1.0,359.0,0.75,1000.0,706.8743491843873,387.72239355645803,direction,Q_safe,806.2257748298549,166.24515496597098,32.57944876337841,50.15890731878136,25.079453659392666,112.20357240224872,14.101227514237191,False,
d100_a359.995_e-1,estimated,100.0,359.995,-1.0,359.0,0.75,1000.0,721.6858947833327,140.81998142704794,direction,Q_safe,735.2964013908498,152.05928027816998,12.768636974597525,102.94312482177718,51.47156241089113,175.58841794431993,26.40507712206463,False,
d100_a359.995_e-1,active,100.0,359.995,-1.0,359.0,0.75,1000.0,371.0160942352579,-231.51038382416937,direction,convex_hull_first_station_and_Q_safe,437.32139211339756,92.46427842267951,40.498917038028154,24.507951882939313,12.253975941471182,241.71886404388374,5.701870259495345,True,349.9238707755804
d100_a359.995_e0,fixed,100.0,359.995,0.0,0.0,0.75,1000.0,700.0,400.0,direction,Q_safe,806.2257748298549,166.24515496597098,33.695644428401046,50.005601549744696,25.00280077487437,111.91092581755662,16.658792232525045,False,
d100_a359.995_e0,estimated,100.0,359.995,0.0,0.0,0.75,1000.0,721.8211308091836,159.1479957554249,direction,Q_safe,739.1575132782033,152.83150265564066,14.361786620102817,99.46458192535925,49.73229096268223,172.89590806730575,32.37270893160394,False,
d100_a359.995_e0,active,100.0,359.995,0.0,0.0,0.75,1000.0,375.0,225.0,direction,convex_hull_first_station_and_Q_safe,437.3213921133975,92.4642784226795,39.29549591559028,23.845129356743964,11.922564678373675,241.9103211568431,7.205522471178541,True,339.91923175542433
d100_a359.995_e1,fixed,100.0,359.995,1.0,1.0,0.75,1000.0,692.9124240345604,412.15576256865495,direction,Q_safe,806.2257748298549,166.24515496597098,34.81018760648642,49.85344806849083,24.92672403424747,111.6672558693896,19.402704608147236,False,
d100_a359.995_e1,estimated,100.0,359.995,1.0,1.0,0.75,1000.0,721.6858947833327,177.54852987719914,direction,Q_safe,743.2052281777721,153.64104563555443,15.94466263361992,96.40011141713057,48.20005570856794,167.98139298877288,37.60012334862922,False,
d100_a359.995_e1,active,100.0,359.995,1.0,1.0,0.75,1000.0,371.016094235258,231.51038382416934,direction,convex_hull_first_station_and_Q_safe,437.32139211339756,92.46427842267951,40.511050237243474,23.736838579515407,11.868419289759423,241.7188640438828,9.499345773756035,True,338.28469144861697
d300_a0_e-1,fixed,300.0,0.0,-1.0,359.0,0.75,1000.0,706.8743491843873,387.72239355645803,direction,Q_safe,806.2257748298549,166.24515496597098,43.61928227531109,39.73861194277309,19.869305971391185,112.20357240224872,7.061611067052984,True,560.7709935365305
d300_a0_e-1,estimated,300.0,0.0,-1.0,359.0,0.75,1000.0,721.6858947833327,140.81998142704794,direction,Q_safe,735.2964013908498,152.05928027816998,18.466494785957778,74.62491586485218,37.312457932430924,175.58841794431993,5.2770983514159475,False,
d300_a0_e-1,active,300.0,0.0,-1.0,359.0,0.75,1000.0,371.0160942352579,-231.51038382416937,direction,convex_hull_first_station_and_Q_safe,437.32139211339756,92.46427842267951,72.94654067121012,16.204631413705957,8.102315706857306,241.71886404388374,5.5909081837877785,True,224.5936041154786
d300_a0_e0,fixed,300.0,0.0,0.0,0.0,0.75,1000.0,700.0,400.0,direction,Q_safe,806.2257748298549,166.24515496597098,44.99999999999998,39.480994510326184,19.740497255167803,111.91092581755662,10.247169628602617,True,556.6702555819759
d300_a0_e0,estimated,300.0,0.0,0.0,0.0,0.75,1000.0,721.8211308091836,159.1479957554249,direction,Q_safe,739.1575132782033,152.83150265564066,20.67088275709699,70.99563804797754,35.49781902399376,172.89590806730575,16.054719568376992,False,
d300_a0_e0,active,300.0,0.0,0.0,0.0,0.75,1000.0,375.0,225.0,direction,convex_hull_first_station_and_Q_safe,437.3213921133975,92.4642784226795,71.56505117707793,16.100571777245964,8.0502858886274,241.9103211568431,3.1883134200285803,True,223.0229286208125
d300_a0_e1,fixed,300.0,0.0,1.0,1.0,0.75,1000.0,692.9124240345604,412.15576256865495,direction,Q_safe,806.2257748298549,166.24515496597098,46.36926560053302,39.234993616360846,19.6174968081852,111.6672558693896,16.27052651621951,True,552.8568991347225
d300_a0_e1,estimated,300.0,0.0,1.0,1.0,0.75,1000.0,721.6858947833327,177.54852987719914,direction,Q_safe,743.2052281777721,153.64104563555443,22.833258795124554,67.89465112295781,33.94732556148405,167.98139298877288,28.617766437598554,False,
d300_a0_e1,active,300.0,0.0,1.0,1.0,0.75,1000.0,371.016094235258,231.51038382416934,direction,convex_hull_first_station_and_Q_safe,437.32139211339756,92.46427842267951,72.9465406712101,16.06695870441907,8.03347935221395,241.7188640438828,7.22932911358479,True,222.5155731121845
d300_a0.0049_e-1,fixed,300.0,0.0049,-1.0,359.0,0.75,1000.0,706.8743491843873,387.72239355645803,direction,Q_safe,806.2257748298549,166.24515496597098,43.61248865359234,39.73861194277309,19.869305971391185,112.20357240224872,7.079757648727739,True,560.7709935365305
d300_a0.0049_e-1,estimated,300.0,0.0049,-1.0,359.0,0.75,1000.0,721.6858947833327,140.81998142704794,direction,Q_safe,735.2964013908498,152.05928027816998,18.45845842995841,74.66029523912438,37.33014761956702,175.58841794431993,5.192701219772971,False,
d300_a0.0049_e-1,active,300.0,0.0049,-1.0,359.0,0.75,1000.0,371.0160942352579,-231.51038382416937,direction,convex_hull_first_station_and_Q_safe,437.32139211339756,92.46427842267951,72.95322047890295,16.204631413705957,8.102315706857306,241.71886404388374,5.615302597455347,True,224.5936041154786
d300_a0.0049_e0,fixed,300.0,0.0049,0.0,0.0,0.75,1000.0,700.0,400.0,direction,Q_safe,806.2257748298549,166.24515496597098,44.993262362499024,39.480994510326184,19.740497255167803,111.91092581755662,10.246369302842059,True,556.6702555819759
d300_a0.0049_e0,estimated,300.0,0.0049,0.0,0.0,0.75,1000.0,721.8211308091836,159.1479957554249,direction,Q_safe,739.1575132782033,152.83150265564066,20.662932004323714,70.99563804797754,35.49781902399376,172.89590806730575,16.053758118561987,False,
d300_a0.0049_e0,active,300.0,0.0049,0.0,0.0,0.75,1000.0,375.0,225.0,direction,convex_hull_first_station_and_Q_safe,437.3213921133975,92.4642784226795,71.55819072445966,16.101467802531086,8.05073390126996,241.9103211568431,3.1443300284730378,True,223.03645322079814
d300_a0.0049_e1,fixed,300.0,0.0049,1.0,1.0,0.75,1000.0,692.9124240345604,412.15576256865495,direction,Q_safe,806.2257748298549,166.24515496597098,46.36258419275633,39.234993616360846,19.6174968081852,111.6672558693896,16.261349071063943,True,552.8568991347225
d300_a0.0049_e1,estimated,300.0,0.0049,1.0,1.0,0.75,1000.0,721.6858947833327,177.54852987719914,direction,Q_safe,743.2052281777721,153.64104563555443,22.825397604788172,67.89465112295781,33.94732556148405,167.98139298877288,28.612120711184414,False,
d300_a0.0049_e1,active,300.0,0.0049,1.0,1.0,0.75,1000.0,371.016094235258,231.51038382416934,direction,convex_hull_first_station_and_Q_safe,437.32139211339756,92.46427842267951,72.93986000655187,16.067832411819417,8.033916205914146,241.7188640438828,7.181082389436225,True,222.52876084616057
d300_a90_e-1,fixed,300.0,90.0,-1.0,89.0,0.75,1000.0,-387.722393556458,706.8743491843873,direction,Q_safe,806.2257748298549,166.24515496597098,43.61928227531109,39.73861194277339,19.869305971391306,112.20357240224983,7.061611067052904,True,560.770993536531
d300_a90_e-1,estimated,300.0,90.0,-1.0,89.0,0.75,1000.0,177.54852987722586,721.6858947833309,direction,Q_safe,743.2052281777767,153.64104563555534,22.833258795127733,72.482091900722,36.24104595036573,167.98139298875142,6.696626409941396,False,
d300_a90_e-1,active,300.0,90.0,-1.0,89.0,0.75,1000.0,231.51038382416937,371.0160942352579,direction,convex_hull_first_station_and_Q_safe,437.32139211339756,92.46427842267951,72.9465406712101,16.204631413705076,8.102315706856865,241.71886404388073,5.590908183787805,True,224.59360411548386
d300_a90_e0,fixed,300.0,90.0,0.0,90.0,0.75,1000.0,-399.99999999999994,700.0,direction,Q_safe,806.2257748298549,166.24515496597098,44.99999999999998,39.480994510327356,19.74049725516836,111.910925817556,10.247169628602675,True,556.6702555819776
d300_a90_e0,estimated,300.0,90.0,0.0,90.0,0.75,1000.0,159.1479957554244,721.8211308091813,direction,Q_safe,739.157513278201,152.8315026556402,20.670882757097026,76.09962483622841,38.0498124181188,172.89590806730567,17.44086083845884,False,
d300_a90_e0,active,300.0,90.0,0.0,90.0,0.75,1000.0,225.00000000000003,375.0,direction,convex_hull_first_station_and_Q_safe,437.32139211339756,92.46427842267951,71.56505117707792,16.24165880975595,8.120829404882304,241.91032115684192,3.358323282674285,True,225.152495397262
d300_a90_e1,fixed,300.0,90.0,1.0,91.0,0.75,1000.0,-412.15576256865495,692.9124240345604,direction,Q_safe,806.2257748298549,166.24515496597098,46.369265600533026,39.234993616361685,19.617496808185592,111.66725586938725,16.27052651621968,True,552.8568991347236
d300_a90_e1,estimated,300.0,90.0,1.0,91.0,0.75,1000.0,140.81998142702287,721.6858947833309,direction,Q_safe,735.2964013908432,152.05928027816864,18.466494785954765,80.36394401975677,40.18197200988276,175.58841794433752,33.88465830593654,False,
d300_a90_e1,active,300.0,90.0,1.0,91.0,0.75,1000.0,-231.51038382416934,371.016094235258,direction,convex_hull_first_station_and_Q_safe,437.32139211339756,92.46427842267951,72.9465406712101,16.066958704418866,8.033479352213849,241.71886404388107,7.229329113584819,True,222.51557311218434
d300_a179.995_e-1,fixed,300.0,179.995,-1.0,179.0,0.75,1000.0,-692.9124240345604,412.15576256865495,direction,Q_safe,806.2257748298549,166.24515496597098,46.362447834622046,40.26231566173354,20.131157830871263,111.66725586938702,7.734942130567878,False,
d300_a179.995_e-1,estimated,300.0,179.995,-1.0,179.0,0.75,1000.0,-562.5016391312076,243.4848074846014,direction,Q_safe,612.9379621961009,127.58759243922017,42.83955506545982,32.712792123867956,16.356396061938472,181.82498431467357,5.631503666146654,True,350.5406804169089
d300_a179.995_e-1,active,300.0,179.995,-1.0,179.0,0.75,1000.0,-371.016094235258,231.5103838241693,direction,convex_hull_first_station_and_Q_safe,437.32139211339756,92.46427842267951,72.9397236575322,16.2055945297687,8.102797264888698,241.71886404387993,5.579136051153105,True,224.60814138324903
d300_a179.995_e0,fixed,300.0,179.995,0.0,180.0,0.75,1000.0,-700.0,-399.9999999999999,direction,Q_safe,806.2257748298549,166.24515496597098,45.0068748568274,39.480994510326795,19.74049725516811,111.9109258175563,10.248054694869433,True,556.670255581916
d300_a179.995_e0,estimated,300.0,179.995,0.0,180.0,0.75,1000.0,-562.6731350537568,225.06925402181702,direction,Q_safe,606.017512962423,126.2035025924846,40.58304770580221,33.18139604918053,16.59069802459468,184.7424539512601,7.174720838028703,True,346.66954354613557
d300_a179.995_e0,active,300.0,179.995,0.0,180.0,0.75,1000.0,-375.0,-224.99999999999994,direction,convex_hull_first_station_and_Q_safe,437.3213921133975,92.4642784226795,71.57205070588199,16.100571777245733,8.050285888627263,241.9103211568415,3.1892923942016713,True,223.02292862080654
d300_a179.995_e1,fixed,300.0,179.995,1.0,181.0,0.75,1000.0,-706.8743491843873,387.722393556458,direction,Q_safe,806.2257748298549,166.24515496597098,43.612350005402696,40.80709266560931,20.403546332809004,112.2035724022494,16.87031525020484,False,
d300_a179.995_e1,estimated,300.0,179.995,1.0,181.0,0.75,1000.0,-537.7565113054457,187.75997523602894,direction,Q_safe,569.5927262106128,118.91854524212256,38.28980743260351,32.06723448554157,16.033617242775108,210.45160034329416,14.019019325328433,True,311.3655568697053
d300_a179.995_e1,active,300.0,179.995,1.0,181.0,0.75,1000.0,-371.0160942352579,-231.5103838241694,direction,convex_hull_first_station_and_Q_safe,437.32139211339756,92.46427842267951,72.95335679258757,16.0669587044187,8.033479352213766,241.7188640438797,7.248996752448379,True,222.51557311219008
d300_a359.995_e-1,fixed,300.0,359.995,-1.0,359.0,0.75,1000.0,706.8743491843873,387.72239355645803,direction,Q_safe,806.2257748298549,166.24515496597098,43.62621426036964,39.73861194277309,19.869305971391185,112.20357240224872,7.043143896741733,True,560.7709935365305
d300_a359.995_e-1,estimated,300.0,359.995,-1.0,359.0,0.75,1000.0,721.6858947833327,140.81998142704794,direction,Q_safe,735.2964013908498,152.05928027816998,18.474694938699873,74.62491586485218,37.312457932430924,175.58841794431993,5.254131415184482,False,
d300_a359.995_e-1,active,300.0,359.995,-1.0,359.0,0.75,1000.0,371.0160942352579,-231.51038382416937,direction,convex_hull_first_station_and_Q_safe,437.32139211339756,92.46427842267951,72.93972365753223,16.205594529769748,8.102797264889222,241.71886404388374,5.579136051153242,True,224.60814138324972
d300_a359.995_e0,fixed,300.0,359.995,0.0,0.0,0.75,1000.0,700.0,400.0,direction,Q_safe,806.2257748298549,166.24515496597098,45.00687485682739,39.480994510326184,19.740497255167803,111.91092581755662,10.248054694869316,True,556.6702555819759
d300_a359.995_e0,estimated,300.0,359.995,0.0,0.0,0.75,1000.0,721.8211308091836,159.1479957554249,direction,Q_safe,739.1575132782033,152.83150265564066,20.678995542323026,70.99563804797754,35.49781902399376,172.89590806730575,16.055745101524884,False,
d300_a359.995_e0,active,300.0,359.995,0.0,0.0,0.75,1000.0,375.0,225.0,direction,convex_hull_first_station_and_Q_safe,437.3213921133975,92.4642784226795,71.57205070588196,16.100571777245964,8.0502858886274,241.9103211568431,3.189292394201554,True,223.0229286208125
d300_a359.995_e1,fixed,300.0,359.995,1.0,1.0,0.75,1000.0,692.9124240345604,412.15576256865495,direction,Q_safe,806.2257748298549,166.24515496597098,46.376083079087344,39.234993616360846,19.6174968081852,111.6672558693896,16.279929712721035,True,552.8568991347225
d300_a359.995_e1,estimated,300.0,359.995,1.0,1.0,0.75,1000.0,721.6858947833327,177.54852987719914,direction,Q_safe,743.2052281777721,153.64104563555443,22.841280175171068,67.8661686376825,33.9330843188464,167.98139298877288,28.814506481838983,False,
d300_a359.995_e1,active,300.0,359.995,1.0,1.0,0.75,1000.0,371.016094235258,231.51038382416934,direction,convex_hull_first_station_and_Q_safe,437.32139211339756,92.46427842267951,72.95335679258751,16.06695870441907,8.03347935221395,241.7188640438828,7.248996752448226,True,222.5155731121845
d600_a0_e-1,fixed,600.0,0.0,-1.0,359.0,0.75,1000.0,706.8743491843873,387.72239355645803,direction,Q_safe,806.2257748298549,166.24515496597098,74.58931314845643,29.103528894491646,14.551764447254573,112.20357240224872,10.642178383878814,True,404.4572064264093
d600_a0_e-1,estimated,600.0,0.0,-1.0,359.0,0.75,1000.0,721.6858947833327,140.81998142704794,direction,Q_safe,735.2964013908498,152.05928027816998,49.16892395062972,33.22608157560015,16.613040787808753,175.58841794431993,11.648471815805642,True,193.82503077464673
d600_a0_e-1,active,600.0,0.0,-1.0,359.0,0.75,1000.0,371.0160942352579,-231.51038382416937,direction,convex_hull_first_station_and_Q_safe,437.32139211339756,92.46427842267951,45.31434717149005,39.60688510034565,19.803442550181387,241.71886404388374,17.95966317659392,True,307.3190010550291
d600_a0_e0,fixed,600.0,0.0,0.0,0.0,0.75,1000.0,700.0,400.0,direction,Q_safe,806.2257748298549,166.24515496597098,75.96375653207345,29.058529301156938,14.529264650587214,111.91092581755662,5.334237015834926,True,403.8183009897752
d600_a0_e0,estimated,600.0,0.0,0.0,0.0,0.75,1000.0,721.8211308091836,159.1479957554249,direction,Q_safe,739.1575132782033,152.83150265564066,52.56745574871306,32.329479695220776,16.164739847619135,172.89590806730575,3.1040488245133298,True,194.20130983440419
d600_a0_e0,active,600.0,0.0,0.0,0.0,0.75,1000.0,375.0,225.0,direction,convex_hull_first_station_and_Q_safe,437.3213921133975,92.4642784226795,45.00000000000007,43.65959380623489,21.829796903126343,241.9103211568431,6.850344848333997,False,
d600_a0_e1,fixed,600.0,0.0,1.0,1.0,0.75,1000.0,692.9124240345604,412.15576256865495,direction,Q_safe,806.2257748298549,166.24515496597098,77.29614873408872,29.01836620486389,14.509183102440758,111.6672558693896,13.270093926387084,True,403.24914268997935
d600_a0_e1,estimated,600.0,0.0,1.0,1.0,0.75,1000.0,721.6858947833327,177.54852987719914,direction,Q_safe,743.2052281777721,153.64104563555443,55.574548927657595,31.701765261915664,15.85088263096667,167.98139298877288,14.94855036907975,True,195.98487901112478
d600_a0_e1,active,600.0,0.0,1.0,1.0,0.75,1000.0,371.016094235258,231.51038382416934,direction,convex_hull_first_station_and_Q_safe,437.32139211339756,92.46427842267951,45.31434717149006,41.68350248346459,20.841751241741033,241.7188640438828,10.72867462232074,False,
d600_a0.0049_e-1,fixed,600.0,0.0049,-1.0,359.0,0.75,1000.0,706.8743491843873,387.72239355645803,direction,Q_safe,806.2257748298549,166.24515496597098,74.58247004818327,29.103528894491646,14.551764447254573,112.20357240224872,10.692048359544549,True,404.4572064264093
d600_a0.0049_e-1,estimated,600.0,0.0049,-1.0,359.0,0.75,1000.0,721.6858947833327,140.81998142704794,direction,Q_safe,735.2964013908498,152.05928027816998,49.15369276152162,33.23079214538047,16.615396072698868,175.58841794431993,11.71425979101789,True,193.8553453037717
d600_a0.0049_e-1,active,600.0,0.0049,-1.0,359.0,0.75,1000.0,371.0160942352579,-231.51038382416937,direction,convex_hull_first_station_and_Q_safe,437.32139211339756,92.46427842267951,45.31579595962673,39.59365680402419,19.796828402020704,241.71886404388374,18.04879538339799,True,307.2562545827436
d600_a0.0049_e0,fixed,600.0,0.0049,0.0,0.0,0.75,1000.0,700.0,400.0,direction,Q_safe,806.2257748298549,166.24515496597098,75.95712661564839,29.058529301156938,14.529264650587214,111.91092581755662,5.332812442288553,True,403.8183009897752
d600_a0.0049_e0,estimated,600.0,0.0049,0.0,0.0,0.75,1000.0,721.8211308091836,159.1479957554249,direction,Q_safe,739.1575132782033,152.83150265564066,52.55363713825853,32.333683504638124,16.16684175232781,172.89590806730575,3.05781442529948,True,194.22916234820144
d600_a0.0049_e0,active,600.0,0.0049,0.0,0.0,0.75,1000.0,375.0,225.0,direction,convex_hull_first_station_and_Q_safe,437.3213921133975,92.4642784226795,44.998366201002995,43.675309124701656,21.837654562359777,241.9103211568431,6.934149746553181,False,
d600_a0.0049_e1,fixed,600.0,0.0049,1.0,1.0,0.75,1000.0,692.9124240345604,412.15576256865495,direction,Q_safe,806.2257748298549,166.24515496597098,77.28971798383205,29.019531308195262,14.509765654106443,111.6672558693896,13.184588438450207,True,403.26563834267193
d600_a0.0049_e1,estimated,600.0,0.0049,1.0,1.0,0.75,1000.0,721.6858947833327,177.54852987719914,direction,Q_safe,743.2052281777721,153.64104563555443,55.561925163933644,31.701765261915664,15.85088263096667,167.98139298877288,14.911324089434657,True,195.98487901112478
d600_a0.0049_e1,active,600.0,0.0049,1.0,1.0,0.75,1000.0,371.016094235258,231.51038382416934,direction,convex_hull_first_station_and_Q_safe,437.32139211339756,92.46427842267951,45.31289750963417,41.68350248346459,20.841751241741033,241.7188640438828,10.680414311179465,False,
d600_a90_e-1,fixed,600.0,90.0,-1.0,89.0,0.75,1000.0,-387.722393556458,706.8743491843873,direction,Q_safe,806.2257748298549,166.24515496597098,74.58931314845643,29.103528894489845,14.551764447253634,112.20357240224983,10.642178383878722,True,404.45720642640816
d600_a90_e-1,estimated,600.0,90.0,-1.0,89.0,0.75,1000.0,177.54852987722586,721.6858947833309,direction,Q_safe,743.2052281777767,153.64104563555534,55.574548927662015,32.29781952115355,16.14890976058553,167.98139298875142,11.395708058287902,True,200.04579202156341
d600_a90_e-1,active,600.0,90.0,-1.0,89.0,0.75,1000.0,231.51038382416937,371.0160942352579,direction,convex_hull_first_station_and_Q_safe,437.32139211339756,92.46427842267951,45.31434717149005,39.606885100342915,19.80344255018002,241.71886404388073,17.959663176594105,True,307.3190010550265
d600_a90_e0,fixed,600.0,90.0,0.0,90.0,0.75,1000.0,-399.99999999999994,700.0,direction,Q_safe,806.2257748298549,166.24515496597098,75.96375653207345,29.05852930115642,14.529264650586994,111.910925817556,5.334237015834928,True,403.8183009897748
d600_a90_e0,estimated,600.0,90.0,0.0,90.0,0.75,1000.0,159.1479957554244,721.8211308091813,direction,Q_safe,739.157513278201,152.8315026556402,52.56745574871348,32.98388527350188,16.491942636759603,172.89590806730567,3.516777185318241,True,198.53710115986325
d600_a90_e0,active,600.0,90.0,0.0,90.0,0.75,1000.0,225.00000000000003,375.0,direction,convex_hull_first_station_and_Q_safe,437.32139211339756,92.46427842267951,45.00000000000007,41.409937081014945,20.70496854051623,241.91032115684192,5.030160401145699,False,
d600_a90_e1,fixed,600.0,90.0,1.0,91.0,0.75,1000.0,-412.15576256865495,692.9124240345604,direction,Q_safe,806.2257748298549,166.24515496597098,77.29614873408872,29.018366204863362,14.509183102440456,111.66725586938725,13.270093926387142,True,403.249142689979
d600_a90_e1,estimated,600.0,90.0,1.0,91.0,0.75,1000.0,140.81998142702287,721.6858947833309,direction,Q_safe,735.2964013908432,152.05928027816864,49.16892395062511,33.95964161643394,16.97982080822556,175.58841794433752,16.041685312295712,True,198.54580305058903
d600_a90_e1,active,600.0,90.0,1.0,91.0,0.75,1000.0,-231.51038382416934,371.016094235258,direction,convex_hull_first_station_and_Q_safe,437.32139211339756,92.46427842267951,45.31434717149006,41.68350248346352,20.841751241740496,241.71886404388107,10.728674622320867,False,
d600_a179.995_e-1,fixed,600.0,179.995,-1.0,179.0,0.75,1000.0,-692.9124240345604,412.15576256865495,direction,Q_safe,806.2257748298549,166.24515496597098,77.28958673420836,29.205478319235503,14.602739159626374,111.66725586938702,11.082613904887907,True,405.9088349410119
d600_a179.995_e-1,estimated,600.0,179.995,-1.0,179.0,0.75,1000.0,-562.5016391312076,243.4848074846014,direction,Q_safe,612.9379621961009,127.58759243922017,81.24798268696217,23.568253099027515,11.78412654952233,181.82498431467357,11.186978549417425,True,226.62744684308439
d600_a179.995_e-1,active,600.0,179.995,-1.0,179.0,0.75,1000.0,-371.016094235258,231.5103838241693,direction,convex_hull_first_station_and_Q_safe,437.32139211339756,92.46427842267951,45.31286791559896,39.606885100343014,19.80344255018012,241.71886404387993,17.930809563727497,True,307.31900105502655
d600_a179.995_e0,fixed,600.0,179.995,0.0,180.0,0.75,1000.0,-700.0,-399.9999999999999,direction,Q_safe,806.2257748298549,166.24515496597098,75.97052071260484,29.057331835681854,14.528665917849674,111.9109258175563,5.409818935568792,True,403.8013162888242
d600_a179.995_e0,estimated,600.0,179.995,0.0,180.0,0.75,1000.0,-562.6731350537568,225.06925402181702,direction,Q_safe,606.017512962423,126.2035025924846,80.58627513480519,23.798450903961,11.89922545198907,184.7424539512601,2.7971223093904607,True,219.0548342398695
d600_a179.995_e0,active,600.0,179.995,0.0,180.0,0.75,1000.0,-375.0,-224.99999999999994,direction,convex_hull_first_station_and_Q_safe,437.3213921133975,92.4642784226795,45.00166618190475,43.64388840358019,21.821944201799038,241.9103211568415,6.766858534348445,False,
d600_a179.995_e1,fixed,600.0,179.995,1.0,181.0,0.75,1000.0,-706.8743491843873,387.722393556458,direction,Q_safe,806.2257748298549,166.24515496597098,74.58233038182202,29.29997259724623,14.649986298631712,112.2035724022494,13.366502179204105,True,407.25870319273895
d600_a179.995_e1,estimated,600.0,179.995,1.0,181.0,0.75,1000.0,-537.7565113054457,187.75997523602894,direction,Q_safe,569.5927262106128,118.91854524212256,71.65957770518021,25.766063761655243,12.883031880836267,210.45160034329416,10.710246211633079,True,200.57895843573888
d600_a179.995_e1,active,600.0,179.995,1.0,181.0,0.75,1000.0,-371.0160942352579,-231.5103838241694,direction,convex_hull_first_station_and_Q_safe,437.32139211339756,92.46427842267951,45.31582551763602,41.66902497766374,20.834512488840655,241.7188640438797,10.803207026262552,False,
d600_a359.995_e-1,fixed,600.0,359.995,-1.0,359.0,0.75,1000.0,706.8743491843873,387.72239355645803,direction,Q_safe,806.2257748298549,166.24515496597098,74.59629478998146,29.103528894491646,14.551764447254573,112.20357240224872,10.591305934026112,True,404.4572064264093
d600_a359.995_e-1,estimated,600.0,359.995,-1.0,359.0,0.75,1000.0,721.6858947833327,140.81998142704794,direction,Q_safe,735.2964013908498,152.05928027816998,49.18446048451623,33.22137335294444,16.6106866764809,175.58841794431993,11.581791421504656,True,193.79473135027078
d600_a359.995_e-1,active,600.0,359.995,-1.0,359.0,0.75,1000.0,371.0160942352579,-231.51038382416937,direction,convex_hull_first_station_and_Q_safe,437.32139211339756,92.46427842267951,45.312867915598964,39.60688510034565,19.803442550181387,241.71886404388374,17.930809563727383,True,307.3190010550291
d600_a359.995_e0,fixed,600.0,359.995,0.0,0.0,0.75,1000.0,700.0,400.0,direction,Q_safe,806.2257748298549,166.24515496597098,75.97052071260482,29.057331835681943,14.528665917849718,111.91092581755662,5.4098189355692385,True,403.80131628882424
d600_a359.995_e0,estimated,600.0,359.995,0.0,0.0,0.75,1000.0,721.8211308091836,159.1479957554249,direction,Q_safe,739.1575132782033,152.83150265564066,52.58155160762937,32.32527796331979,16.162638981668685,172.89590806730575,3.151111917732976,True,194.17347108525703
d600_a359.995_e0,active,600.0,359.995,0.0,0.0,0.75,1000.0,375.0,225.0,direction,convex_hull_first_station_and_Q_safe,437.3213921133975,92.4642784226795,45.001666181904774,43.643888403581236,21.821944201799514,241.9103211568431,6.7668585343484535,False,
d600_a359.995_e1,fixed,600.0,359.995,1.0,1.0,0.75,1000.0,692.9124240345604,412.15576256865495,direction,Q_safe,806.2257748298549,166.24515496597098,77.30270975193447,29.01836620486389,14.509183102440758,111.6672558693896,13.31266786618336,True,403.24914268997935
d600_a359.995_e1,estimated,600.0,359.995,1.0,1.0,0.75,1000.0,721.6858947833327,177.54852987719914,direction,Q_safe,743.2052281777721,153.64104563555443,55.58742619559224,31.697937831547353,15.848968915782514,167.98139298877288,15.016322204257122,True,195.95880275793644
d600_a359.995_e1,active,600.0,359.995,1.0,1.0,0.75,1000.0,371.016094235258,231.51038382416934,direction,convex_hull_first_station_and_Q_safe,437.32139211339756,92.46427842267951,45.31582551763601,41.66902497766442,20.834512488840993,241.7188640438828,10.803207026262342,False,
d1000_a0_e-1,fixed,1000.0,0.0,-1.0,359.0,0.75,1000.0,706.8743491843873,387.72239355645803,direction,Q_safe,806.2257748298549,166.24515496597098,52.91001222088849,63.25850469112439,31.6292523455771,112.20357240224872,29.364855331982262,False,
d1000_a0_e-1,estimated,1000.0,0.0,-1.0,359.0,0.75,1000.0,721.6858947833327,140.81998142704794,direction,Q_safe,735.2964013908498,152.05928027816998,26.83827026879903,115.13612235070853,57.56806117537008,175.58841794431993,54.493909980876026,False,
d1000_a0_e-1,active,1000.0,0.0,-1.0,359.0,0.75,1000.0,371.0160942352579,-231.51038382416937,direction,convex_hull_first_station_and_Q_safe,437.32139211339756,92.46427842267951,20.207169701607146,142.65028410036433,71.32514205019652,241.71886404388374,62.644173631758264,False,
d1000_a0_e0,fixed,1000.0,0.0,0.0,0.0,0.75,1000.0,700.0,400.0,direction,Q_safe,806.2257748298549,166.24515496597098,53.13010235415607,61.029086954081826,30.514543477055657,111.91092581755662,9.25690287364513,False,
d1000_a0_e0,estimated,1000.0,0.0,0.0,0.0,0.75,1000.0,721.8211308091836,159.1479957554249,direction,Q_safe,739.1575132782033,152.83150265564066,29.77416274631813,94.84100518875395,47.42050259439199,172.89590806730575,11.813374015204658,False,
d1000_a0_e0,active,1000.0,0.0,0.0,0.0,0.75,1000.0,375.0,225.0,direction,convex_hull_first_station_and_Q_safe,437.3213921133975,92.4642784226795,19.79887635452493,184.0353844886289,92.01769224433046,241.9103211568431,36.11943338122828,False,
d1000_a0_e1,fixed,1000.0,0.0,1.0,1.0,0.75,1000.0,692.9124240345604,412.15576256865495,direction,Q_safe,806.2257748298549,166.24515496597098,53.31107046335398,59.005021990988254,29.502510995508676,111.6672558693896,17.409300528687343,False,
d1000_a0_e1,estimated,1000.0,0.0,1.0,1.0,0.75,1000.0,721.6858947833327,177.54852987719914,direction,Q_safe,743.2052281777721,153.64104563555443,32.53555364731187,81.11806803539375,40.559034017711376,167.98139298877288,23.805263950833755,False,
d1000_a0_e1,active,1000.0,0.0,1.0,1.0,0.75,1000.0,371.016094235258,231.51038382416934,direction,convex_hull_first_station_and_Q_safe,437.32139211339756,92.46427842267951,20.207169701607146,161.84195635205765,80.92097817604402,241.7188640438828,21.333768081292018,False,
d1000_a0.0049_e-1,fixed,1000.0,0.0049,-1.0,359.0,0.75,1000.0,706.8743491843873,387.72239355645803,direction,Q_safe,806.2257748298549,166.24515496597098,52.908832101762755,63.2773876844152,31.638693842222555,112.20357240224872,29.509968168049827,False,
d1000_a0.0049_e-1,estimated,1000.0,0.0049,-1.0,359.0,0.75,1000.0,721.6858947833327,140.81998142704794,direction,Q_safe,735.2964013908498,152.05928027816998,26.82915143513243,115.27257693725859,57.63628846864501,175.58841794431993,54.813653669852265,False,
d1000_a0.0049_e-1,active,1000.0,0.0049,-1.0,359.0,0.75,1000.0,371.0160942352579,-231.51038382416937,direction,convex_hull_first_station_and_Q_safe,437.32139211339756,92.46427842267951,20.209130368592103,142.65028410036433,71.32514205019652,241.71886404388374,62.66494383363705,False,
d1000_a0.0049_e0,fixed,1000.0,0.0049,0.0,0.0,0.75,1000.0,700.0,400.0,direction,Q_safe,806.2257748298549,166.24515496597098,53.12912188475386,61.04677942806778,30.523389714048637,111.91092581755662,9.37298692276989,False,
d1000_a0.0049_e0,estimated,1000.0,0.0049,0.0,0.0,0.75,1000.0,721.8211308091836,159.1479957554249,direction,Q_safe,739.1575132782033,152.83150265564066,29.765790397611696,94.88820526557815,47.44410263280409,172.89590806730575,11.9397911955364,False,
d1000_a0.0049_e0,active,1000.0,0.0049,0.0,0.0,0.75,1000.0,375.0,225.0,direction,convex_hull_first_station_and_Q_safe,437.3213921133975,92.4642784226795,19.79683564878342,184.21013573373398,92.10506786688302,241.9103211568431,36.505987231996954,False,
d1000_a0.0049_e1,fixed,1000.0,0.0049,1.0,1.0,0.75,1000.0,692.9124240345604,412.15576256865495,direction,Q_safe,806.2257748298549,166.24515496597098,53.31027407768134,59.005021990988254,29.502510995508676,111.6672558693896,17.32594611763485,False,
d1000_a0.0049_e1,estimated,1000.0,0.0049,1.0,1.0,0.75,1000.0,721.6858947833327,177.54852987719914,direction,Q_safe,743.2052281777721,153.64104563555443,32.527938836086314,81.18775531138736,40.593877655708184,167.98139298877288,23.6039908796397,False,
d1000_a0.0049_e1,active,1000.0,0.0049,1.0,1.0,0.75,1000.0,371.016094235258,231.51038382416934,direction,convex_hull_first_station_and_Q_safe,437.32139211339756,92.46427842267951,20.20520864580956,161.9837986212082,80.9918993106193,241.7188640438828,21.05163808290754,False,
d1000_a90_e-1,fixed,1000.0,90.0,-1.0,89.0,0.75,1000.0,-387.722393556458,706.8743491843873,direction,Q_safe,806.2257748298549,166.24515496597098,52.91001222088849,63.258504691119214,31.629252345574514,112.20357240224983,29.364855331982245,False,
d1000_a90_e-1,estimated,1000.0,90.0,-1.0,89.0,0.75,1000.0,177.54852987722586,721.6858947833309,direction,Q_safe,743.2052281777767,153.64104563555534,32.5355536473156,76.19867282791296,38.09933641397079,167.98139298875142,35.51113398315323,False,
d1000_a90_e-1,active,1000.0,90.0,-1.0,89.0,0.75,1000.0,231.51038382416937,371.0160942352579,direction,convex_hull_first_station_and_Q_safe,437.32139211339756,92.46427842267951,20.207169701607146,142.65028410035436,71.32514205019159,241.71886404388073,62.64417363175895,False,
d1000_a90_e0,fixed,1000.0,90.0,0.0,90.0,0.75,1000.0,-399.99999999999994,700.0,direction,Q_safe,806.2257748298549,166.24515496597098,53.13010235415607,61.02908695408022,30.514543477054808,111.910925817556,9.256902873644783,False,
d1000_a90_e0,estimated,1000.0,90.0,0.0,90.0,0.75,1000.0,159.1479957554244,721.8211308091813,direction,Q_safe,739.157513278201,152.8315026556402,29.77416274631785,88.22673985651015,44.11336992826984,172.89590806730567,5.5428365855600745,False,
d1000_a90_e0,active,1000.0,90.0,0.0,90.0,0.75,1000.0,225.00000000000003,375.0,direction,convex_hull_first_station_and_Q_safe,437.32139211339756,92.46427842267951,19.79887635452493,160.57441551281514,80.28720775642266,241.91032115684192,17.22050151477911,False,
d1000_a90_e1,fixed,1000.0,90.0,1.0,91.0,0.75,1000.0,-412.15576256865495,692.9124240345604,direction,Q_safe,806.2257748298549,166.24515496597098,53.311070463353985,59.00502199098657,29.502510995507834,111.66725586938725,17.40930052868754,False,
d1000_a90_e1,estimated,1000.0,90.0,1.0,91.0,0.75,1000.0,140.81998142702287,721.6858947833309,direction,Q_safe,735.2964013908432,152.05928027816864,26.838270268794773,105.68407145804984,52.842035729040255,175.58841794433752,34.74659595305344,False,
d1000_a90_e1,active,1000.0,90.0,1.0,91.0,0.75,1000.0,-231.51038382416934,371.016094235258,direction,convex_hull_first_station_and_Q_safe,437.32139211339756,92.46427842267951,20.207169701607146,161.8419563520523,80.92097817604136,241.71886404388107,21.33376808129323,False,
d1000_a179.995_e-1,fixed,1000.0,179.995,-1.0,179.0,0.75,1000.0,-692.9124240345604,412.15576256865495,direction,Q_safe,806.2257748298549,166.24515496597098,53.31025781589104,56.603024923179376,28.301512461603945,111.66725586938702,25.878830569470612,False,
d1000_a179.995_e-1,estimated,1000.0,179.995,-1.0,179.0,0.75,1000.0,-562.5016391312076,243.4848074846014,direction,Q_safe,612.9379621961009,127.58759243922017,29.093908200387094,94.10259580097257,47.05129790050058,181.82498431467357,42.39174193781779,False,
d1000_a179.995_e-1,active,1000.0,179.995,-1.0,179.0,0.75,1000.0,-371.016094235258,231.5103838241693,direction,convex_hull_first_station_and_Q_safe,437.32139211339756,92.46427842267951,20.205168620214096,142.76574102479577,71.38287051241224,241.71886404387993,62.34352190336851,False,
d1000_a179.995_e0,fixed,1000.0,179.995,0.0,180.0,0.75,1000.0,-700.0,-399.9999999999999,direction,Q_safe,806.2257748298549,166.24515496597098,53.13110186552997,61.01140380365349,30.505701901841487,111.9109258175563,9.141486967664553,False,
d1000_a179.995_e0,estimated,1000.0,179.995,0.0,180.0,0.75,1000.0,-562.6731350537568,225.06925402181702,direction,Q_safe,606.017512962423,126.2035025924846,27.228470522266797,107.37585473399423,53.687927367011966,184.7424539512601,9.885142637219387,False,
d1000_a179.995_e0,active,1000.0,179.995,0.0,180.0,0.75,1000.0,-375.0,-224.99999999999994,direction,convex_hull_first_station_and_Q_safe,437.3213921133975,92.4642784226795,19.800958303602844,183.86090162680165,91.9304508134169,241.9103211568415,35.73335188598224,False,
d1000_a179.995_e1,fixed,1000.0,179.995,1.0,181.0,0.75,1000.0,-706.8743491843873,387.722393556458,direction,Q_safe,806.2257748298549,166.24515496597098,52.90880800708747,60.55489230880691,30.277446154418143,112.2035724022494,19.07432565791451,False,
d1000_a179.995_e1,estimated,1000.0,179.995,1.0,181.0,0.75,1000.0,-537.7565113054457,187.75997523602894,direction,Q_safe,569.5927262106128,118.91854524212256,22.102349728959272,145.47191398835395,72.73595699419269,210.45160034329416,37.633677965053714,False,
d1000_a179.995_e1,active,1000.0,179.995,1.0,181.0,0.75,1000.0,-371.0160942352579,-231.5103838241694,direction,convex_hull_first_station_and_Q_safe,437.32139211339756,92.46427842267951,20.209170378155676,161.84195635205288,80.92097817604159,241.7188640438797,21.398550113983156,False,
d1000_a359.995_e-1,fixed,1000.0,359.995,-1.0,359.0,0.75,1000.0,706.8743491843873,387.72239355645803,direction,Q_safe,806.2257748298549,166.24515496597098,52.91121537382993,63.23963190047814,31.619815950253972,112.20357240224872,29.218686221027053,False,
d1000_a359.995_e-1,estimated,1000.0,359.995,-1.0,359.0,0.75,1000.0,721.6858947833327,140.81998142704794,direction,Q_safe,735.2964013908498,152.05928027816998,26.84757224906924,115.06800569778554,57.53400284890853,175.58841794431993,54.31845682758152,False,
d1000_a359.995_e-1,active,1000.0,359.995,-1.0,359.0,0.75,1000.0,371.0160942352579,-231.51038382416937,direction,convex_hull_first_station_and_Q_safe,437.32139211339756,92.46427842267951,20.205168620214152,142.76574102480444,71.38287051241663,241.71886404388374,62.343521903367325,False,
d1000_a359.995_e0,fixed,1000.0,359.995,0.0,0.0,0.75,1000.0,700.0,400.0,direction,Q_safe,806.2257748298549,166.24515496597098,53.13110186552997,61.011403803654545,30.505701901842016,111.91092581755662,9.141486967665248,False,
d1000_a359.995_e0,estimated,1000.0,359.995,0.0,0.0,0.75,1000.0,721.8211308091836,159.1479957554249,direction,Q_safe,739.1575132782033,152.83150265564066,29.782703003097193,94.74673630150454,47.37336815076728,172.89590806730575,11.566987368387393,False,
d1000_a359.995_e0,active,1000.0,359.995,0.0,0.0,0.75,1000.0,375.0,225.0,direction,convex_hull_first_station_and_Q_safe,437.3213921133975,92.4642784226795,19.80095830360281,183.8609016268032,91.93045081341774,241.9103211568431,35.73335188598316,False,
d1000_a359.995_e1,fixed,1000.0,359.995,1.0,1.0,0.75,1000.0,692.9124240345604,412.15576256865495,direction,Q_safe,806.2257748298549,166.24515496597098,53.3118822089076,58.98839293262399,29.494196466326493,111.6672558693896,17.517065625997287,False,
d1000_a359.995_e1,estimated,1000.0,359.995,1.0,1.0,0.75,1000.0,721.6858947833327,177.54852987719914,direction,Q_safe,743.2052281777721,153.64104563555443,32.543320972218744,81.08326709806192,40.541633549045464,167.98139298877288,23.936774878808844,False,
d1000_a359.995_e1,active,1000.0,359.995,1.0,1.0,0.75,1000.0,371.016094235258,231.51038382416934,direction,convex_hull_first_station_and_Q_safe,437.32139211339756,92.46427842267951,20.209170378155676,161.84195635205765,80.92097817604402,241.7188640438828,21.39855011398179,False,
d1250_a0_e-1,fixed,1250.0,0.0,-1.0,359.0,0.75,1249.9999999999989,706.8743491843873,387.72239355645803,direction,Q_safe,806.2257748298549,166.24515496597098,35.521992677194945,122.74834275603442,61.374171378036515,112.20357240224872,56.574781780386374,False,
d1250_a0_e-1,estimated,1250.0,0.0,-1.0,359.0,0.75,1249.9999999999989,721.6858947833327,140.81998142704794,direction,Q_safe,735.2964013908498,152.05928027816998,14.924959249766987,264.58759117474517,132.29379558739393,175.58841794431993,122.9491822303355,False,
d1250_a0_e-1,active,1250.0,0.0,-1.0,359.0,0.75,1249.9999999999989,371.0160942352579,-231.51038382416937,direction,convex_hull_first_station_and_Q_safe,437.32139211339756,92.46427842267951,14.755683283181101,238.8907774131097,119.44538870657297,241.71886404388374,103.32322887566593,False,
d1250_a0_e0,fixed,1250.0,0.0,0.0,0.0,0.75,1249.9999999999989,700.0,400.0,direction,Q_safe,806.2257748298549,166.24515496597098,36.02737338510366,114.18662490664666,57.093312453342214,111.91092581755662,18.37971495678631,False,
d1250_a0_e0,estimated,1250.0,0.0,0.0,0.0,0.75,1249.9999999999989,721.8211308091836,159.1479957554249,direction,Q_safe,739.1575132782033,152.83150265564066,16.768320181964057,237.27869822639852,118.63934911321927,172.89590806730575,40.786236661555286,False,
d1250_a0_e0,active,1250.0,0.0,0.0,0.0,0.75,1249.9999999999989,375.0,225.0,direction,convex_hull_first_station_and_Q_safe,437.3213921133975,92.4642784226795,14.420773127510982,339.32855187899276,169.6642759395176,241.9103211568431,74.80380411071303,False,
d1250_a0_e1,fixed,1250.0,0.0,1.0,1.0,0.75,1249.9999999999989,692.9124240345604,412.15576256865495,direction,Q_safe,806.2257748298549,166.24515496597098,36.49552309866594,106.78876455482309,53.39438227742985,111.6672558693896,23.893761003725114,False,
d1250_a0_e1,estimated,1250.0,0.0,1.0,1.0,0.75,1249.9999999999989,721.6858947833327,177.54852987719914,direction,Q_safe,743.2052281777721,153.64104563555443,18.575758221730013,186.8908771854457,93.44543859274158,167.98139298877288,37.651893884955406,False,
d1250_a0_e1,active,1250.0,0.0,1.0,1.0,0.75,1249.9999999999989,371.016094235258,231.51038382416934,direction,convex_hull_first_station_and_Q_safe,437.32139211339756,92.46427842267951,14.755683283181101,284.894292041084,142.44714602056166,241.7188640438828,25.67455203701035,False,
d1250_a0.0049_e-1,fixed,1250.0,0.0049,-1.0,359.0,0.75,1249.9999999999989,706.8743491843873,387.72239355645803,direction,Q_safe,806.2257748298549,166.24515496597098,35.51942187735418,122.80866977118595,61.40433488561228,112.20357240224872,56.82921058811326,False,
d1250_a0.0049_e-1,estimated,1250.0,0.0049,-1.0,359.0,0.75,1249.9999999999989,721.6858947833327,140.81998142704794,direction,Q_safe,735.2964013908498,152.05928027816998,14.919034387442514,264.23625964210703,132.11812982107486,175.58841794431993,123.14711725646431,False,
d1250_a0.0049_e-1,active,1250.0,0.0049,-1.0,359.0,0.75,1249.9999999999989,371.0160942352579,-231.51038382416937,direction,convex_hull_first_station_and_Q_safe,437.32139211339756,92.46427842267951,14.757299395698515,238.8907774131097,119.44538870657297,241.71886404388374,103.34187752779256,False,
d1250_a0.0049_e0,fixed,1250.0,0.0049,0.0,0.0,0.75,1249.9999999999989,700.0,400.0,direction,Q_safe,806.2257748298549,166.24515496597098,36.02498915437827,114.23994259552825,57.119971297782904,111.91092581755662,18.596811635615662,False,
d1250_a0.0049_e0,estimated,1250.0,0.0049,0.0,0.0,0.75,1249.9999999999989,721.8211308091836,159.1479957554249,direction,Q_safe,739.1575132782033,152.83150265564066,16.76258848923525,237.52174045430428,118.76087022717216,172.89590806730575,41.18070835623727,False,
d1250_a0.0049_e0,active,1250.0,0.0049,0.0,0.0,0.75,1249.9999999999989,375.0,225.0,direction,convex_hull_first_station_and_Q_safe,437.3213921133975,92.4642784226795,14.419107156304902,339.795812046003,169.89790602302276,241.9103211568431,75.56371735756896,False,
d1250_a0.0049_e1,fixed,1250.0,0.0049,1.0,1.0,0.75,1249.9999999999989,692.9124240345604,412.15576256865495,direction,Q_safe,806.2257748298549,166.24515496597098,36.493317242872315,106.83628989791659,53.418144948976696,111.6672558693896,23.706188007311088,False,
d1250_a0.0049_e1,estimated,1250.0,0.0049,1.0,1.0,0.75,1249.9999999999989,721.6858947833327,177.54852987719914,direction,Q_safe,743.2052281777721,153.64104563555443,18.570240752425523,187.04940916474945,93.52470458239335,167.98139298877288,37.3505952235609,False,
d1250_a0.0049_e1,active,1250.0,0.0049,1.0,1.0,0.75,1249.9999999999989,371.016094235258,231.51038382416934,direction,convex_hull_first_station_and_Q_safe,437.32139211339756,92.46427842267951,14.754066927058844,285.247560742538,142.62378037128855,241.7188640438828,25.186997787474173,False,
d1250_a90_e-1,fixed,1250.0,90.0,-1.0,89.0,0.75,1249.9999999999989,-387.722393556458,706.8743491843873,direction,Q_safe,806.2257748298549,166.24515496597098,35.521992677194945,122.74834275602394,61.37417137803128,112.20357240224983,56.57478178038521,False,
d1250_a90_e-1,estimated,1250.0,90.0,-1.0,89.0,0.75,1249.9999999999989,177.54852987722586,721.6858947833309,direction,Q_safe,743.2052281777767,153.64104563555534,18.57575822173255,165.52533582546408,82.76266791275003,167.98139298875142,74.8804936552407,False,
d1250_a90_e-1,active,1250.0,90.0,-1.0,89.0,0.75,1249.9999999999989,231.51038382416937,371.0160942352579,direction,convex_hull_first_station_and_Q_safe,437.32139211339756,92.46427842267951,14.755683283181101,238.8907774130922,119.4453887065641,241.71886404388073,103.32322887566887,False,
d1250_a90_e0,fixed,1250.0,90.0,0.0,90.0,0.75,1249.9999999999989,-399.99999999999994,700.0,direction,Q_safe,806.2257748298549,166.24515496597098,36.02737338510366,114.18662490664322,57.093312453340495,111.910925817556,18.379714956785392,False,
d1250_a90_e0,estimated,1250.0,90.0,0.0,90.0,0.75,1249.9999999999989,159.1479957554244,721.8211308091813,direction,Q_safe,739.157513278201,152.8315026556402,16.76832018196395,205.15648313042138,102.57824156522983,172.89590806730567,12.638387474949878,False,
d1250_a90_e0,active,1250.0,90.0,0.0,90.0,0.75,1249.9999999999989,225.00000000000003,375.0,direction,convex_hull_first_station_and_Q_safe,437.32139211339756,92.46427842267951,14.420773127510982,279.3359517836407,139.66797589183975,241.91032115684192,27.01722572215916,False,
d1250_a90_e1,fixed,1250.0,90.0,1.0,91.0,0.75,1249.9999999999989,-412.15576256865495,692.9124240345604,direction,Q_safe,806.2257748298549,166.24515496597098,36.49552309866595,106.7887645548199,53.39438227742836,111.66725586938725,23.893761003725185,False,
d1250_a90_e1,estimated,1250.0,90.0,1.0,91.0,0.75,1249.9999999999989,140.81998142702287,721.6858947833309,direction,Q_safe,735.2964013908432,152.05928027816864,14.924959249764392,267.8276430047927,133.91382150241705,175.58841794433752,77.21215285398893,False,
d1250_a90_e1,active,1250.0,90.0,1.0,91.0,0.75,1249.9999999999989,-231.51038382416934,371.016094235258,direction,convex_hull_first_station_and_Q_safe,437.32139211339756,92.46427842267951,14.755683283181153,284.89429204106807,142.4471460205537,241.71886404388107,25.674552037013616,False,
d1250_a179.995_e-1,fixed,1250.0,179.995,-1.0,179.0,0.75,1249.999999999999,-692.9124240345604,412.15576256865495,direction,Q_safe,806.2257748298549,166.24515496597098,36.493272216510846,100.09387665661063,50.04693832832327,111.66725586938702,44.99574242779546,False,
d1250_a179.995_e-1,estimated,1250.0,179.995,-1.0,179.0,0.75,1249.999999999999,-562.5016391312076,243.4848074846014,direction,Q_safe,612.9379621961009,127.58759243922017,19.49905981772771,174.331551730646,87.16577586534105,181.82498431467357,76.75911298892217,False,
d1250_a179.995_e-1,active,1250.0,179.995,-1.0,179.0,0.75,1249.999999999999,-371.016094235258,231.5103838241693,direction,convex_hull_first_station_and_Q_safe,437.32139211339756,92.46427842267951,14.754033937662806,239.15704556449677,119.5785227822664,241.71886404387993,102.801778019141,False,
d1250_a179.995_e0,fixed,1250.0,179.995,0.0,180.0,0.75,1249.999999999999,-700.0,-399.9999999999999,direction,Q_safe,806.2257748298549,166.24515496597098,36.02980535223479,114.18662490664471,57.09331245334124,111.9109258175563,18.374568033297884,False,
d1250_a179.995_e0,estimated,1250.0,179.995,0.0,180.0,0.75,1249.999999999999,-562.6731350537568,225.06925402181702,direction,Q_safe,606.017512962423,126.2035025924846,18.12812783116469,207.6932292421997,103.84661462111893,184.7424539512601,18.12083175014194,False,
d1250_a179.995_e0,active,1250.0,179.995,0.0,180.0,0.75,1249.999999999999,-375.0,-224.99999999999994,direction,convex_hull_first_station_and_Q_safe,437.3213921133975,92.4642784226795,14.422472848086052,338.86231645027533,169.4311582251589,241.9103211568415,74.04506515767903,False,
d1250_a179.995_e1,fixed,1250.0,179.995,1.0,181.0,0.75,1249.999999999999,-706.8743491843873,387.722393556458,direction,Q_safe,806.2257748298549,166.24515496597098,35.519369402319114,114.2933029297836,57.146651464910576,112.2035724022494,29.6981719910231,False,
d1250_a179.995_e1,estimated,1250.0,179.995,1.0,181.0,0.75,1249.999999999999,-537.7565113054457,187.75997523602894,direction,Q_safe,569.5927262106128,118.91854524212256,14.764992425731743,295.08767978027004,147.54383989015594,210.45160034329416,70.7664867777488,False,
d1250_a179.995_e1,active,1250.0,179.995,1.0,181.0,0.75,1249.999999999999,-371.0160942352579,-231.5103838241694,direction,convex_hull_first_station_and_Q_safe,437.32139211339756,92.46427842267951,14.75733237505011,284.8942920410647,142.4471460205519,241.7188640438797,25.755580962706205,False,
d1250_a359.995_e-1,fixed,1250.0,359.995,-1.0,359.0,0.75,1249.999999999999,706.8743491843873,387.72239355645803,direction,Q_safe,806.2257748298549,166.24515496597098,35.524614978991515,122.6880662110244,61.34403310553161,112.20357240224872,56.319558672213695,False,
d1250_a359.995_e-1,estimated,1250.0,359.995,-1.0,359.0,0.75,1249.999999999999,721.6858947833327,140.81998142704794,direction,Q_safe,735.2964013908498,152.05928027816998,14.931004158239494,265.28895742759056,132.64447871381674,175.58841794431993,122.57635413342251,False,
d1250_a359.995_e-1,active,1250.0,359.995,-1.0,359.0,0.75,1249.999999999999,371.0160942352579,-231.51038382416937,direction,convex_hull_first_station_and_Q_safe,437.32139211339756,92.46427842267951,14.754033937662806,239.1570455645163,119.57852278227617,241.71886404388374,102.80177801913875,False,
d1250_a359.995_e0,fixed,1250.0,359.995,0.0,0.0,0.75,1249.999999999999,700.0,400.0,direction,Q_safe,806.2257748298549,166.24515496597098,36.02980535223479,114.18662490664666,57.093312453342214,111.91092581755662,18.374568033298356,False,
d1250_a359.995_e0,estimated,1250.0,359.995,0.0,0.0,0.75,1249.999999999999,721.8211308091836,159.1479957554249,direction,Q_safe,739.1575132782033,152.83150265564066,16.77416790500966,237.03608563383153,118.51804281693578,172.89590806730575,40.39236634009618,False,
d1250_a359.995_e0,active,1250.0,359.995,0.0,0.0,0.75,1249.999999999999,375.0,225.0,direction,convex_hull_first_station_and_Q_safe,437.3213921133975,92.4642784226795,14.422472848086052,338.86231645027885,169.43115822516077,241.9103211568431,74.04506515768064,False,
d1250_a359.995_e1,fixed,1250.0,359.995,1.0,1.0,0.75,1249.999999999999,692.9124240345604,412.15576256865495,direction,Q_safe,806.2257748298549,166.24515496597098,36.497773091326934,106.78876455482309,53.39438227742985,111.6672558693896,23.988579484156332,False,
d1250_a359.995_e1,estimated,1250.0,359.995,1.0,1.0,0.75,1249.999999999999,721.6858947833327,177.54852987719914,direction,Q_safe,743.2052281777721,153.64104563555443,18.581387288870285,186.73258032485265,93.36629016244505,167.98139298877288,37.9541649563486,False,
d1250_a359.995_e1,active,1250.0,359.995,1.0,1.0,0.75,1249.999999999999,371.016094235258,231.51038382416934,direction,convex_hull_first_station_and_Q_safe,437.32139211339756,92.46427842267951,14.75733237505011,284.894292041084,142.44714602056166,241.7188640438828,25.755580962704062,False,
d1500_a0_e-1,fixed,1500.0,0.0,-1.0,359.0,0.75,1499.9999999999984,706.8743491843873,387.72239355645803,direction,Q_safe,806.2257748298549,166.24515496597098,26.05186714588671,10.121322743651445,5.060661391895112,112.20357240224872,5.002914001485833,True,864.7445055211401
d1500_a0_e-1,estimated,1500.0,0.0,-1.0,359.0,0.75,1499.9999999999984,721.6858947833327,140.81998142704794,direction,Q_safe,735.2964013908498,152.05928027816998,10.255550386381573,20.690444150012404,10.345222116010657,175.58841794431993,10.32167888244882,True,771.6086950842856
d1500_a0_e-1,active,1500.0,0.0,-1.0,359.0,0.75,1499.9999999999984,371.0160942352579,-231.51038382416937,direction,convex_hull_first_station_and_Q_safe,437.32139211339756,92.46427842267951,11.588471267828526,328.87358769104117,164.43679384554193,241.71886404388374,164.42011024076396,False,
d1500_a0_e0,fixed,1500.0,0.0,0.0,0.0,0.75,1499.9999999999984,700.0,400.0,direction,Q_safe,806.2257748298549,166.24515496597098,26.565051177078036,66.10320848972029,33.05669042245811,111.91092581755662,31.193443654071164,False,
d1500_a0_e0,estimated,1500.0,0.0,0.0,0.0,0.75,1499.9999999999984,721.8211308091836,159.1479957554249,direction,Q_safe,739.1575132782033,152.83150265564066,11.558367199455464,134.96474495014553,67.48323040089592,172.89590806730575,66.81544453894195,False,
d1500_a0_e0,active,1500.0,0.0,0.0,0.0,0.75,1499.9999999999984,375.0,225.0,direction,convex_hull_first_station_and_Q_safe,437.3213921133975,92.4642784226795,11.309932474020227,144.85952991245458,72.440910879565,241.9103211568431,71.48733563052954,False,
d1500_a0_e1,fixed,1500.0,0.0,1.0,1.0,0.75,1499.9999999999984,692.9124240345604,412.15576256865495,direction,Q_safe,806.2257748298549,166.24515496597098,27.052057431002275,114.46487049014225,57.23243524509245,111.6672558693896,57.17537467406332,False,
d1500_a0_e1,estimated,1500.0,0.0,1.0,1.0,0.75,1499.9999999999984,721.6858947833327,177.54852987719914,direction,Q_safe,743.2052281777721,153.64104563555443,12.850384562819125,214.5339751264281,107.26698756323538,167.98139298877288,107.23886957700623,False,
d1500_a0_e1,active,1500.0,0.0,1.0,1.0,0.75,1499.9999999999984,371.016094235258,231.51038382416934,direction,convex_hull_first_station_and_Q_safe,437.32139211339756,92.46427842267951,11.588471267828526,240.25690111948649,120.12845055976457,241.7188640438828,120.10385792731542,False,
d1500_a0.0049_e-1,fixed,1500.0,0.0049,-1.0,359.0,0.75,1499.9999999999984,706.8743491843873,387.72239355645803,direction,Q_safe,806.2257748298549,166.24515496597098,26.049287166286252,9.7361596160595,4.868079827336305,112.20357240224872,4.86575714852081,True,864.6681909053736
d1500_a0.0049_e-1,estimated,1500.0,0.0049,-1.0,359.0,0.75,1499.9999999999984,721.6858947833327,140.81998142704794,direction,Q_safe,735.2964013908498,152.05928027816998,10.251306043165027,19.939575728108718,9.969787903571584,175.58841794431993,9.96882863986937,True,771.5830635666556
d1500_a0.0049_e-1,active,1500.0,0.0049,-1.0,359.0,0.75,1499.9999999999984,371.0160942352579,-231.51038382416937,direction,convex_hull_first_station_and_Q_safe,437.32139211339756,92.46427842267951,11.589818751787663,328.87358769104117,164.43679384554193,241.71886404388374,164.4361320373824,False,
d1500_a0.0049_e0,fixed,1500.0,0.0049,0.0,0.0,0.75,1499.9999999999984,700.0,400.0,direction,Q_safe,806.2257748298549,166.24515496597098,26.562600862776662,65.74947742831179,32.87979767463336,111.91092581755662,31.035176968494138,False,
d1500_a0.0049_e0,estimated,1500.0,0.0049,0.0,0.0,0.75,1499.9999999999984,721.8211308091836,159.1479957554249,direction,Q_safe,739.1575132782033,152.83150265564066,11.554201045633864,134.42909675317213,67.21578095824042,172.89590806730575,66.54748746903662,False,
d1500_a0.0049_e0,active,1500.0,0.0049,0.0,0.0,0.75,1499.9999999999984,375.0,225.0,direction,convex_hull_first_station_and_Q_safe,437.3213921133975,92.4642784226795,11.308550338708587,144.0324744407339,72.02731950759554,241.9103211568431,71.08694874829052,False,
d1500_a0.0049_e1,fixed,1500.0,0.0049,1.0,1.0,0.75,1499.9999999999984,692.9124240345604,412.15576256865495,direction,Q_safe,806.2257748298549,166.24515496597098,27.049733986108283,114.21413284870678,57.107066424374715,111.6672558693896,56.99515009184952,False,
d1500_a0.0049_e1,estimated,1500.0,0.0049,1.0,1.0,0.75,1499.9999999999984,721.6858947833327,177.54852987719914,direction,Q_safe,743.2052281777721,153.64104563555443,12.846307957951982,214.15479737266492,107.07739868635379,167.98139298877288,107.02229564836524,False,
d1500_a0.0049_e1,active,1500.0,0.0049,1.0,1.0,0.75,1499.9999999999984,371.016094235258,231.51038382416934,direction,convex_hull_first_station_and_Q_safe,437.32139211339756,92.46427842267951,11.587123614042339,239.60749092065262,119.80374546034776,241.7188640438828,119.75549857640866,False,
d1500_a90_e-1,fixed,1500.0,90.0,-1.0,89.0,0.75,1499.9999999999984,-387.722393556458,706.8743491843873,direction,Q_safe,806.2257748298549,166.24515496597098,26.05186714588671,10.121322743638009,5.060661391888478,112.20357240224983,5.002914001484129,True,864.7445055211351
d1500_a90_e-1,estimated,1500.0,90.0,-1.0,89.0,0.75,1499.9999999999984,177.54852987722586,721.6858947833309,direction,Q_safe,743.2052281777767,153.64104563555534,12.850384562820985,266.6861446470331,133.34307232353788,167.98139298875142,133.32139067951064,False,
d1500_a90_e-1,active,1500.0,90.0,-1.0,89.0,0.75,1499.9999999999984,231.51038382416937,371.0160942352579,direction,convex_hull_first_station_and_Q_safe,437.32139211339756,92.46427842267951,11.588471267828526,328.87358769102815,164.43679384553553,241.71886404388073,164.42011024076197,False,
d1500_a90_e0,fixed,1500.0,90.0,0.0,90.0,0.75,1499.9999999999984,-399.99999999999994,700.0,direction,Q_safe,806.2257748298549,166.24515496597098,26.565051177078036,66.10320848971338,33.056690422454636,111.910925817556,31.193443654072574,False,
d1500_a90_e0,estimated,1500.0,90.0,0.0,90.0,0.75,1499.9999999999984,159.1479957554244,721.8211308091813,direction,Q_safe,739.157513278201,152.8315026556402,11.558367199455338,207.529630030358,103.76481501520044,172.89590806730567,100.98169303883228,False,
d1500_a90_e0,active,1500.0,90.0,0.0,90.0,0.75,1499.9999999999984,225.00000000000003,375.0,direction,convex_hull_first_station_and_Q_safe,437.32139211339756,92.46427842267951,11.309932474020227,254.5628502246033,127.28142511232298,241.91032115684192,124.99368320560231,False,
d1500_a90_e1,fixed,1500.0,90.0,1.0,91.0,0.75,1499.9999999999984,-412.15576256865495,692.9124240345604,direction,Q_safe,806.2257748298549,166.24515496597098,27.05205743100229,114.4648704901355,57.23243524508908,111.66725586938725,57.17537467406425,False,
d1500_a90_e1,estimated,1500.0,90.0,1.0,91.0,0.75,1499.9999999999984,140.81998142702287,721.6858947833309,direction,Q_safe,735.2964013908432,152.05928027816864,10.255550386379786,119.8699808355969,59.93499065525522,175.58841794433752,59.90732696075742,False,
d1500_a90_e1,active,1500.0,90.0,1.0,91.0,0.75,1499.9999999999984,-231.51038382416934,371.016094235258,direction,convex_hull_first_station_and_Q_safe,437.32139211339756,92.46427842267951,11.588471267828526,240.25690111948,120.12845055976133,241.71886404388107,120.1038579273166,False,
d1500_a179.995_e-1,fixed,1500.0,179.995,-1.0,179.0,0.75,1499.9999999999986,-692.9124240345604,412.15576256865495,direction,Q_safe,806.2257748298549,166.24515496597098,27.04968656246587,151.31125704521148,75.65562852262707,111.66725586938702,75.5728232544943,False,
d1500_a179.995_e-1,estimated,1500.0,179.995,-1.0,179.0,0.75,1499.9999999999986,-562.5016391312076,243.4848074846014,direction,Q_safe,612.9379621961009,127.58759243922017,14.556563741201503,257.95802435111494,128.97901217557882,181.82498431467357,128.9344262171836,False,
d1500_a179.995_e-1,active,1500.0,179.995,-1.0,179.0,0.75,1499.9999999999986,-371.016094235258,231.5103838241693,direction,convex_hull_first_station_and_Q_safe,437.32139211339756,92.46427842267951,11.587096109135658,328.336340623326,164.16817031168446,241.71886404387993,164.13515904231153,False,
d1500_a179.995_e0,fixed,1500.0,179.995,0.0,180.0,0.75,1499.9999999999986,-700.0,-399.9999999999999,direction,Q_safe,806.2257748298549,166.24515496597098,26.56755084984069,66.10320848971546,33.05669042245566,111.9109258175563,31.23935072326325,False,
d1500_a179.995_e0,estimated,1500.0,179.995,0.0,180.0,0.75,1499.9999999999986,-562.6731350537568,225.06925402181702,direction,Q_safe,606.017512962423,126.2035025924846,13.499572011363407,201.57678477025786,100.78839238515037,184.7424539512601,97.7572326987094,False,
d1500_a179.995_e0,active,1500.0,179.995,0.0,180.0,0.75,1499.9999999999986,-375.0,-224.99999999999994,direction,convex_hull_first_station_and_Q_safe,437.3213921133975,92.4642784226795,11.311342642932889,145.68536316872041,72.85389104976632,241.9103211568415,71.88748799844467,False,
d1500_a179.995_e1,fixed,1500.0,179.995,1.0,181.0,0.75,1499.9999999999986,-706.8743491843873,387.722393556458,direction,Q_safe,806.2257748298549,166.24515496597098,26.04923450695663,65.37914477177266,32.68957251540902,112.2035724022494,32.688346449346284,False,
d1500_a179.995_e1,estimated,1500.0,179.995,1.0,181.0,0.75,1499.9999999999986,-537.7565113054457,187.75997523602894,direction,Q_safe,569.5927262106128,118.91854524212256,11.038726946730517,138.79540461806687,69.39770258397725,210.45160034329416,69.39711738621146,False,
d1500_a179.995_e1,active,1500.0,179.995,1.0,181.0,0.75,1499.9999999999986,-371.0160942352579,-231.5103838241694,direction,convex_hull_first_station_and_Q_safe,437.32139211339756,92.46427842267951,11.58984624969198,240.2569011194789,120.12845055976089,241.7188640438797,120.12796126235592,False,
d1500_a359.995_e-1,fixed,1500.0,359.995,-1.0,359.0,0.75,1499.9999999999986,706.8743491843873,387.72239355645803,direction,Q_safe,806.2257748298549,166.24515496597098,26.054499116389184,10.506281401901042,5.2531407217824215,112.20357240224872,5.141361714837177,True,864.8208602598334
d1500_a359.995_e-1,estimated,1500.0,359.995,-1.0,359.0,0.75,1499.9999999999986,721.6858947833327,140.81998142704794,direction,Q_safe,735.2964013908498,152.05928027816998,10.259880950337248,20.690444150012404,10.345222116010657,175.58841794431993,10.300219792091806,True,771.6086950842856
d1500_a359.995_e-1,active,1500.0,359.995,-1.0,359.0,0.75,1499.9999999999986,371.0160942352579,-231.51038382416937,direction,convex_hull_first_station_and_Q_safe,437.32139211339756,92.46427842267951,11.587096109135658,328.33634062333925,164.16817031169109,241.71886404388374,164.1351590423138,False,
d1500_a359.995_e0,fixed,1500.0,359.995,0.0,0.0,0.75,1499.9999999999986,700.0,400.0,direction,Q_safe,806.2257748298549,166.24515496597098,26.567550849840703,66.10320848972029,33.05669042245811,111.91092581755662,31.239350723260934,False,
d1500_a359.995_e0,estimated,1500.0,359.995,0.0,0.0,0.75,1499.9999999999986,721.8211308091836,159.1479957554249,direction,Q_safe,739.1575132782033,152.83150265564066,11.562617935439707,135.49962285311355,67.75036341345943,172.89590806730575,67.0834775124438,False,
d1500_a359.995_e0,active,1500.0,359.995,0.0,0.0,0.75,1499.9999999999986,375.0,225.0,direction,convex_hull_first_station_and_Q_safe,437.3213921133975,92.4642784226795,11.311342642932955,145.68536316872715,72.8538910497696,241.9103211568431,71.88748799844343,False,
d1500_a359.995_e1,fixed,1500.0,359.995,1.0,1.0,0.75,1499.9999999999986,692.9124240345604,412.15576256865495,direction,Q_safe,806.2257748298549,166.24515496597098,27.054427659618558,114.71559937476682,57.357799687404736,111.6672558693896,57.35667582746553,False,
d1500_a359.995_e1,estimated,1500.0,359.995,1.0,1.0,0.75,1499.9999999999986,721.6858947833327,177.54852987719914,direction,Q_safe,743.2052281777721,153.64104563555443,12.854543882836037,214.9127058173263,107.45635290868448,167.98139298877288,107.45579550935963,False,
d1500_a359.995_e1,active,1500.0,359.995,1.0,1.0,0.75,1499.9999999999986,371.016094235258,231.51038382416934,direction,convex_hull_first_station_and_Q_safe,437.32139211339756,92.46427842267951,11.589846249691949,240.25690111948649,120.12845055976457,241.7188640438828,120.12796126235513,False,
