case_id,problem,pool,composition_model,partition,error_mode,variant,mechanism_id,mechanism_status,baseline_complete,candidate_complete,baseline_variant,both_complete,completion_delta,penalized_time_delta_s,completed_time_delta_s,completed_reduction_pct,baseline_total_virtual_time_s,candidate_total_virtual_time_s
round-calibrated-p3-0005-8fc1390efd33a81f,3,calibrated,broad_joint,confirmation,correlated,joint_triangular_l1,mixed_correlated150_after_observable_screen,unresolved,True,True,joint_triangular_l5,True,0,-553.7920020000001,-553.7920020000001,10.395492075009622,5327.232208,4773.440206
round-calibrated-p3-0023-0a2d68df44373a75,3,calibrated,broad_joint,confirmation,extreme,joint_triangular_l1,mixed_extreme150_after_observable_screen,unresolved,True,True,joint_triangular_l5,True,0,-477.5943470000002,-477.5943470000002,9.3746712078792,5094.518372,4616.924025
round-calibrated-p3-0026-35433c5d5fce37f8,3,calibrated,smoothed_joint,confirmation,extreme,joint_triangular_l1,mixed_extreme150_after_observable_screen,unresolved,True,True,joint_triangular_l5,True,0,-114.44631699999991,-114.44631699999991,2.705281163015695,4230.477725,4116.031408
round-calibrated-p3-0031-9f0923362ce66c4e,3,calibrated,broad_joint,confirmation,extreme,joint_triangular_l1,mixed_extreme150_after_observable_screen,unresolved,True,True,joint_triangular_l5,True,0,-773.4960249999995,-773.4960249999995,12.822481885915387,6032.342505,5258.84648
round-calibrated-p3-0033-143ac6013ec1965b,3,calibrated,broad_joint,confirmation,correlated,joint_triangular_l1,mixed_correlated150_after_observable_screen,unresolved,True,True,joint_triangular_l5,True,0,-572.777349,-572.777349,10.555830451189395,5426.170415,4853.393066
round-calibrated-p3-0038-9a37d6f8a8834cb1,3,calibrated,smoothed_joint,confirmation,extreme,joint_triangular_l1,mixed_extreme150_after_observable_screen,unresolved,True,True,joint_triangular_l5,True,0,-365.7884950000007,-365.7884950000007,7.151588483119934,5114.786678,4748.998183
round-calibrated-p3-0045-dbe41c7bff121d88,3,calibrated,broad_joint,confirmation,correlated,joint_triangular_l1,mixed_correlated150_after_observable_screen,unresolved,True,True,joint_triangular_l5,True,0,-414.0640229999999,-414.0640229999999,7.540949475169082,5490.873853,5076.80983
round-calibrated-p3-0055-afa872ef4b03de17,3,calibrated,broad_joint,confirmation,extreme,joint_triangular_l1,mixed_extreme150_after_observable_screen,unresolved,True,True,joint_triangular_l5,True,0,-380.3771630000001,-380.3771630000001,7.635162115163073,4981.91338,4601.536217
round-calibrated-p3-0058-618e766dc92e0604,3,calibrated,smoothed_joint,confirmation,extreme,joint_triangular_l1,mixed_extreme150_after_observable_screen,unresolved,True,True,joint_triangular_l5,True,0,-283.64286200000015,-283.64286200000015,6.535763958317771,4339.857801,4056.214939
round-calibrated-p3-0061-f7090ea1cc53c803,3,calibrated,broad_joint,confirmation,correlated,joint_triangular_l1,mixed_correlated150_after_observable_screen,unresolved,True,True,joint_triangular_l5,True,0,-431.976776,-431.976776,10.423780013663505,4144.147089,3712.170313
round-calibrated-p3-0064-d842bb05d9414fa0,3,calibrated,smoothed_joint,confirmation,correlated,joint_triangular_l1,mixed_correlated150_after_observable_screen,unresolved,True,True,joint_triangular_l5,True,0,-628.9936029999999,-628.9936029999999,12.340640323605815,5096.928413,4467.93481
round-calibrated-p3-0069-bc6ec12dc9b62926,3,calibrated,broad_joint,confirmation,correlated,joint_triangular_l1,mixed_correlated150_after_observable_screen,unresolved,True,True,joint_triangular_l5,True,0,-523.9554899999994,-523.9554899999994,9.57464169019052,5472.324782,4948.369292
round-calibrated-p3-0070-04da4f1f58d6f2b1,3,calibrated,smoothed_joint,confirmation,extreme,joint_triangular_l1,mixed_extreme150_after_observable_screen,unresolved,True,True,joint_triangular_l5,True,0,-312.334969,-312.334969,7.828013058051896,3989.964844,3677.629875
round-calibrated-p3-0073-ac5bd1468b1578f6,3,calibrated,broad_joint,confirmation,correlated,joint_triangular_l1,mixed_correlated150_after_observable_screen,unresolved,True,True,joint_triangular_l5,True,0,-815.9108310000001,-815.9108310000001,15.77064273322657,5173.605444,4357.694613
round-calibrated-p3-0079-a88031c0c0fb67fc,3,calibrated,broad_joint,confirmation,extreme,joint_triangular_l1,mixed_extreme150_after_observable_screen,unresolved,True,True,joint_triangular_l5,True,0,-269.5748960000001,-269.5748960000001,5.435736806415317,4959.307369,4689.732473
round-calibrated-p3-0088-fd1b970a1b374237,3,calibrated,smoothed_joint,confirmation,correlated,joint_triangular_l1,mixed_correlated150_after_observable_screen,unresolved,True,True,joint_triangular_l5,True,0,-583.549779,-583.549779,10.971991351517968,5318.540275,4734.990496
round-calibrated-p3-0097-8b813ca188debf96,3,calibrated,broad_joint,confirmation,correlated,joint_triangular_l1,mixed_correlated150_after_observable_screen,unresolved,True,True,joint_triangular_l5,True,0,-823.5637660000002,-823.5637660000002,14.09858386054518,5841.464463,5017.900697
round-calibrated-p3-0106-8e631d80c4254850,3,calibrated,smoothed_joint,confirmation,extreme,joint_triangular_l1,mixed_extreme150_after_observable_screen,unresolved,True,True,joint_triangular_l5,True,0,-568.5888219999997,-568.5888219999997,10.334457598292577,5501.873868,4933.285046
round-calibrated-p3-0107-a2bc197d893ad66a,3,calibrated,broad_joint,confirmation,extreme,joint_triangular_l1,mixed_extreme150_after_observable_screen,unresolved,True,True,joint_triangular_l5,True,0,-164.5057840000004,-164.5057840000004,4.063304031206451,4048.57187,3884.066086
round-calibrated-p3-0111-a27390556a0a2496,3,calibrated,broad_joint,confirmation,extreme,joint_triangular_l1,mixed_extreme150_after_observable_screen,unresolved,True,True,joint_triangular_l5,True,0,-521.1052540000001,-521.1052540000001,9.963600114011653,5230.090008,4708.984754
round-calibrated-p3-0112-3a0c26690ac35954,3,calibrated,smoothed_joint,confirmation,correlated,joint_triangular_l1,mixed_correlated150_after_observable_screen,unresolved,True,True,joint_triangular_l5,True,0,-476.2741249999999,-476.2741249999999,10.648319536626921,4472.763269,3996.489144
round-calibrated-p3-0114-981941ede07ab246,3,calibrated,smoothed_joint,confirmation,extreme,joint_triangular_l1,mixed_extreme150_after_observable_screen,unresolved,True,True,joint_triangular_l5,True,0,-426.07384999999977,-426.07384999999977,7.6832196457407065,5545.511773,5119.437923
round-calibrated-p3-0116-4bc96b4a1e52a4c3,3,calibrated,smoothed_joint,confirmation,correlated,joint_triangular_l1,mixed_correlated150_after_observable_screen,unresolved,True,True,joint_triangular_l5,True,0,-969.7630910000007,-969.7630910000007,16.477635145878086,5885.329311,4915.56622
round-calibrated-p3-0120-d9aab0b02e36d34e,3,calibrated,smoothed_joint,confirmation,correlated,joint_triangular_l1,mixed_correlated150_after_observable_screen,unresolved,True,True,joint_triangular_l5,True,0,-669.5681910000003,-669.5681910000003,14.931391492353846,4484.298676,3814.730485
round-calibrated-p3-0121-0a355dd5d5bdb1e3,3,calibrated,broad_joint,confirmation,correlated,joint_triangular_l1,mixed_correlated150_after_observable_screen,unresolved,True,True,joint_triangular_l5,True,0,-599.887041,-599.887041,11.321333500955093,5298.731293,4698.844252
round-calibrated-p3-0124-74623875279ba88d,3,calibrated,smoothed_joint,confirmation,correlated,joint_triangular_l1,mixed_correlated150_after_observable_screen,unresolved,True,True,joint_triangular_l5,True,0,-177.28473099999974,-177.28473099999974,4.127939081776418,4294.75163,4117.466899
round-calibrated-p3-0130-610ee988360eaea9,3,calibrated,smoothed_joint,confirmation,extreme,joint_triangular_l1,mixed_extreme150_after_observable_screen,unresolved,True,True,joint_triangular_l5,True,0,-596.4797410000001,-596.4797410000001,12.53710369145365,4757.715623,4161.235882
round-calibrated-p3-0147-1faaf8137b207574,3,calibrated,broad_joint,confirmation,extreme,joint_triangular_l1,mixed_extreme150_after_observable_screen,unresolved,True,True,joint_triangular_l5,True,0,-237.75712699999985,-237.75712699999985,5.176046122992904,4593.412063,4355.654936
round-calibrated-p3-0149-40f6649a3d8c9e87,3,calibrated,broad_joint,confirmation,correlated,joint_triangular_l1,mixed_correlated150_after_observable_screen,unresolved,True,True,joint_triangular_l5,True,0,-577.7076820000007,-577.7076820000007,12.795786630699986,4514.827409,3937.119727
round-calibrated-p3-0150-6507e9c43f04f234,3,calibrated,smoothed_joint,confirmation,extreme,joint_triangular_l1,mixed_extreme150_after_observable_screen,unresolved,True,True,joint_triangular_l5,True,0,-112.9312130000003,-112.9312130000003,2.878251032645517,3923.605402,3810.674189
round-calibrated-p3-0151-7d4e1b1a720a359f,3,calibrated,broad_joint,confirmation,extreme,joint_triangular_l1,mixed_extreme150_after_observable_screen,unresolved,True,True,joint_triangular_l5,True,0,-242.44133799999963,-242.44133799999963,4.555791696852708,5321.607179,5079.165841
round-calibrated-p3-0152-a1667fd06200650b,3,calibrated,smoothed_joint,confirmation,correlated,joint_triangular_l1,mixed_correlated150_after_observable_screen,unresolved,True,True,joint_triangular_l5,True,0,-573.9815209999997,-573.9815209999997,12.111026953526723,4739.329895,4165.348374
round-calibrated-p3-0162-e58e1c47ee1323af,3,calibrated,smoothed_joint,confirmation,extreme,joint_triangular_l1,mixed_extreme150_after_observable_screen,unresolved,True,True,joint_triangular_l5,True,0,-196.03947199999948,-196.03947199999948,3.9245161244061775,4995.252046,4799.212574
round-calibrated-p3-0163-7aa109c20dbc4876,3,calibrated,broad_joint,confirmation,extreme,joint_triangular_l1,mixed_extreme150_after_observable_screen,unresolved,True,True,joint_triangular_l5,True,0,-798.8904549999997,-798.8904549999997,13.834945917546696,5774.438583,4975.548128
round-calibrated-p3-0166-75492d81c1f002df,3,calibrated,smoothed_joint,confirmation,extreme,joint_triangular_l1,mixed_extreme150_after_observable_screen,unresolved,True,True,joint_triangular_l5,True,0,-252.03222300000016,-252.03222300000016,4.9257171901020005,5116.660443,4864.62822
round-calibrated-p3-0173-a972156a0934a45c,3,calibrated,broad_joint,confirmation,correlated,joint_triangular_l1,mixed_correlated150_after_observable_screen,unresolved,True,True,joint_triangular_l5,True,0,-586.4136939999999,-586.4136939999999,14.43144683497471,4063.443539,3477.029845
round-calibrated-p3-0174-084d9665389efe74,3,calibrated,smoothed_joint,confirmation,extreme,joint_triangular_l1,mixed_extreme150_after_observable_screen,unresolved,True,True,joint_triangular_l5,True,0,-705.0236420000001,-705.0236420000001,12.116657363869265,5818.631499,5113.607857
round-calibrated-p3-0178-3b2c4fab315890aa,3,calibrated,smoothed_joint,confirmation,extreme,joint_triangular_l1,mixed_extreme150_after_observable_screen,unresolved,True,True,joint_triangular_l5,True,0,-456.92988700000024,-456.92988700000024,8.613742636089235,5304.661473,4847.731586
round-calibrated-p3-0186-bad9967bb12155d7,3,calibrated,smoothed_joint,confirmation,extreme,joint_triangular_l1,mixed_extreme150_after_observable_screen,unresolved,True,True,joint_triangular_l5,True,0,-437.4201800000001,-437.4201800000001,8.887298699737435,4921.857527,4484.437347
round-calibrated-p3-0189-03e226b073815a70,3,calibrated,broad_joint,confirmation,correlated,joint_triangular_l1,mixed_correlated150_after_observable_screen,unresolved,True,True,joint_triangular_l5,True,0,-228.60980300000028,-228.60980300000028,4.435648877293864,5153.920189,4925.310386
round-calibrated-p4-0000-320fa8012f945f59,4,calibrated,smoothed_joint,confirmation,correlated,joint_triangular_l1,mixed_correlated150_after_observable_screen,unresolved,True,True,joint_triangular_l5,True,0,-308.5816589999995,-308.5816589999995,2.874020047382395,10736.934813,10428.353154
round-calibrated-p4-0002-7aefaba8fcb39c57,4,calibrated,smoothed_joint,confirmation,extreme,joint_triangular_l1,mixed_extreme150_after_observable_screen,unresolved,True,True,joint_triangular_l5,True,0,-222.1772600000004,-222.1772600000004,1.7960308462377277,12370.45903,12148.28177
round-calibrated-p4-0003-f7b197817a6b6775,4,calibrated,broad_joint,confirmation,extreme,joint_triangular_l1,mixed_extreme150_after_observable_screen,unresolved,True,True,joint_triangular_l5,True,0,-776.914279999999,-776.914279999999,6.5470477704254755,11866.635272,11089.720992
round-calibrated-p4-0009-29f0efe28c71f339,4,calibrated,broad_joint,confirmation,correlated,joint_triangular_l1,mixed_correlated150_after_observable_screen,unresolved,True,True,joint_triangular_l5,True,0,-984.5546719999984,-984.5546719999984,7.952211013623946,12380.892186,11396.337514
round-calibrated-p4-0019-d8441c1de6055060,4,calibrated,broad_joint,confirmation,extreme,joint_triangular_l1,mixed_extreme150_after_observable_screen,unresolved,True,True,joint_triangular_l5,True,0,296.2031399999996,296.2031399999996,-2.6937379854170715,10995.989276,11292.192416
round-calibrated-p4-0022-a9fba1af32e7583a,4,calibrated,smoothed_joint,confirmation,extreme,joint_triangular_l1,mixed_extreme150_after_observable_screen,unresolved,True,True,joint_triangular_l5,True,0,-287.15777100000014,-287.15777100000014,2.5122314586493926,11430.386719,11143.228948
round-calibrated-p4-0025-c0b0b598e843fcf1,4,calibrated,broad_joint,confirmation,correlated,joint_triangular_l1,mixed_correlated150_after_observable_screen,unresolved,True,True,joint_triangular_l5,True,0,-757.2148859999998,-757.2148859999998,5.40329555643822,14013.945343,13256.730457
round-calibrated-p4-0026-bbacf0d0e7df8cbd,4,calibrated,smoothed_joint,confirmation,extreme,joint_triangular_l1,mixed_extreme150_after_observable_screen,unresolved,True,True,joint_triangular_l5,True,0,-336.25169599999936,-336.25169599999936,3.1939254905548773,10527.850352,10191.598656
round-calibrated-p4-0031-5e06ef1d745429bf,4,calibrated,broad_joint,confirmation,extreme,joint_triangular_l1,mixed_extreme150_after_observable_screen,unresolved,True,True,joint_triangular_l5,True,0,-924.9520130000001,-924.9520130000001,7.2190928384225055,12812.579554,11887.627541
round-calibrated-p4-0032-0193931ba80f010c,4,calibrated,smoothed_joint,confirmation,correlated,joint_triangular_l1,mixed_correlated150_after_observable_screen,unresolved,True,True,joint_triangular_l5,True,0,-540.227132,-540.227132,5.184484666727654,10420.073869,9879.846737
round-calibrated-p4-0036-4e033a6e0367656d,4,calibrated,smoothed_joint,confirmation,correlated,joint_triangular_l1,mixed_correlated150_after_observable_screen,unresolved,True,True,joint_triangular_l5,True,0,-456.30730399999993,-456.30730399999993,4.283276228018593,10653.230838,10196.923534
round-calibrated-p4-0045-c91629092c69392f,4,calibrated,broad_joint,confirmation,correlated,joint_triangular_l1,mixed_correlated150_after_observable_screen,unresolved,True,True,joint_triangular_l5,True,0,-652.7489150000001,-652.7489150000001,4.985814146674073,13092.122887,12439.373972
round-calibrated-p4-0052-6ccf01d581ec2f0f,4,calibrated,smoothed_joint,confirmation,correlated,joint_triangular_l1,mixed_correlated150_after_observable_screen,unresolved,True,True,joint_triangular_l5,True,0,127.10087500000009,127.10087500000009,-1.197904202779943,10610.270396,10737.371271
round-calibrated-p4-0055-efd62124b664092d,4,calibrated,broad_joint,confirmation,extreme,joint_triangular_l1,mixed_extreme150_after_observable_screen,unresolved,True,True,joint_triangular_l5,True,0,-700.2145830000009,-700.2145830000009,6.567607326758053,10661.638983,9961.4244
round-calibrated-p4-0056-0cb6723f1a8252c3,4,calibrated,smoothed_joint,confirmation,correlated,joint_triangular_l1,mixed_correlated150_after_observable_screen,unresolved,True,True,joint_triangular_l5,True,0,-792.0532490000005,-792.0532490000005,6.339316013648851,12494.301393,11702.248144
round-calibrated-p4-0064-2b90382baca98c7e,4,calibrated,smoothed_joint,confirmation,correlated,joint_triangular_l1,mixed_correlated150_after_observable_screen,unresolved,True,True,joint_triangular_l5,True,0,-517.8789249999991,-517.8789249999991,5.008318904792233,10340.374382,9822.495457
round-calibrated-p4-0065-022421af50a72c39,4,calibrated,broad_joint,confirmation,correlated,joint_triangular_l1,mixed_correlated150_after_observable_screen,unresolved,True,True,joint_triangular_l5,True,0,-899.5496760000005,-899.5496760000005,6.664340292593241,13497.955334,12598.405658
round-calibrated-p4-0076-765c1bd9b8a18a04,4,calibrated,smoothed_joint,confirmation,correlated,joint_triangular_l1,mixed_correlated150_after_observable_screen,unresolved,True,True,joint_triangular_l5,True,0,-576.0909410000004,-576.0909410000004,5.263694823711345,10944.611348,10368.520407
round-calibrated-p4-0081-f5b2e1d525b5d413,4,calibrated,broad_joint,confirmation,correlated,joint_triangular_l1,mixed_correlated150_after_observable_screen,unresolved,True,True,joint_triangular_l5,True,0,-299.35123399999975,-299.35123399999975,2.5625895663949825,11681.591072,11382.239838
round-calibrated-p4-0084-6fe91617e4a47954,4,calibrated,smoothed_joint,confirmation,correlated,joint_triangular_l1,mixed_correlated150_after_observable_screen,unresolved,True,True,joint_triangular_l5,True,0,-460.54406299999937,-460.54406299999937,3.7245588073357863,12365.063537,11904.519474
round-calibrated-p4-0086-7038552cdcad6517,4,calibrated,smoothed_joint,confirmation,extreme,joint_triangular_l1,mixed_extreme150_after_observable_screen,unresolved,True,True,joint_triangular_l5,True,0,-501.51468399999976,-501.51468399999976,4.6442804401793625,10798.54437,10297.029686
round-calibrated-p4-0095-afa1623911592018,4,calibrated,broad_joint,confirmation,extreme,joint_triangular_l1,mixed_extreme150_after_observable_screen,unresolved,True,True,joint_triangular_l5,True,0,-640.0765800000008,-640.0765800000008,5.752416536208174,11127.090258,10487.013678
round-calibrated-p4-0097-e112922e00810438,4,calibrated,broad_joint,confirmation,correlated,joint_triangular_l1,mixed_correlated150_after_observable_screen,unresolved,True,True,joint_triangular_l5,True,0,-646.0584269999999,-646.0584269999999,6.525189514953489,9900.991006,9254.932579
round-calibrated-p4-0100-7634bbf52d5a23d7,4,calibrated,smoothed_joint,confirmation,correlated,joint_triangular_l1,mixed_correlated150_after_observable_screen,unresolved,True,True,joint_triangular_l5,True,0,-458.14306699999906,-458.14306699999906,3.386388198295297,13528.958884,13070.815817
round-calibrated-p4-0101-94d43f272a517d36,4,calibrated,broad_joint,confirmation,correlated,joint_triangular_l1,mixed_correlated150_after_observable_screen,unresolved,True,True,joint_triangular_l5,True,0,-957.0059259999998,-957.0059259999998,7.078571997328893,13519.759725,12562.753799
round-calibrated-p4-0110-41ecf3b98bcef0bb,4,calibrated,smoothed_joint,confirmation,extreme,joint_triangular_l1,mixed_extreme150_after_observable_screen,unresolved,True,True,joint_triangular_l5,True,0,-525.6127710000001,-525.6127710000001,3.864554270495268,13600.864012,13075.251241
round-calibrated-p4-0117-dc6f1eac3c55a0c2,4,calibrated,broad_joint,confirmation,correlated,joint_triangular_l1,mixed_correlated150_after_observable_screen,unresolved,True,True,joint_triangular_l5,True,0,-442.840021,-442.840021,4.162147664288309,10639.699903,10196.859882
round-calibrated-p4-0123-8746560722698096,4,calibrated,broad_joint,confirmation,extreme,joint_triangular_l1,mixed_extreme150_after_observable_screen,unresolved,True,True,joint_triangular_l5,True,0,-570.374029999999,-570.374029999999,4.890553385065601,11662.770756,11092.396726
round-calibrated-p4-0127-162e5035b7fff671,4,calibrated,broad_joint,confirmation,extreme,joint_triangular_l1,mixed_extreme150_after_observable_screen,unresolved,True,True,joint_triangular_l5,True,0,-913.7498750000013,-913.7498750000013,6.281564859142124,14546.53252,13632.782645
round-calibrated-p4-0129-1dbdf9ac6cac117f,4,calibrated,broad_joint,confirmation,correlated,joint_triangular_l1,mixed_correlated150_after_observable_screen,unresolved,True,True,joint_triangular_l5,True,0,-406.4914740000004,-406.4914740000004,3.1308831269214177,12983.284828,12576.793354
round-calibrated-p4-0140-cc1317ddee0fe1ef,4,calibrated,smoothed_joint,confirmation,correlated,joint_triangular_l1,mixed_correlated150_after_observable_screen,unresolved,True,True,joint_triangular_l5,True,0,-54.01489699999911,-54.01489699999911,0.47837823493870907,11291.253041,11237.238144
round-calibrated-p4-0156-0494aaac2d839d71,4,calibrated,smoothed_joint,confirmation,correlated,joint_triangular_l1,mixed_correlated150_after_observable_screen,unresolved,True,True,joint_triangular_l5,True,0,-785.7589100000005,-785.7589100000005,7.439995582362046,10561.281943,9775.523033
round-calibrated-p4-0162-d17d71deeb2b1138,4,calibrated,smoothed_joint,confirmation,extreme,joint_triangular_l1,mixed_extreme150_after_observable_screen,unresolved,True,True,joint_triangular_l5,True,0,-270.9432830000005,-270.9432830000005,2.758083158318444,9823.608189,9552.664906
round-calibrated-p4-0164-fc23fafa4773d343,4,calibrated,smoothed_joint,confirmation,correlated,joint_triangular_l1,mixed_correlated150_after_observable_screen,unresolved,True,True,joint_triangular_l5,True,0,-995.8900110000013,-995.8900110000013,7.881682911950616,12635.499577,11639.609566
round-calibrated-p4-0165-ec0cd875d6e50a61,4,calibrated,broad_joint,confirmation,correlated,joint_triangular_l1,mixed_correlated150_after_observable_screen,unresolved,True,True,joint_triangular_l5,True,0,-883.3970770000014,-883.3970770000014,6.520243477127683,13548.528979,12665.131902
round-calibrated-p4-0166-a5b4ed855b3d504f,4,calibrated,smoothed_joint,confirmation,extreme,joint_triangular_l1,mixed_extreme150_after_observable_screen,unresolved,True,True,joint_triangular_l5,True,0,-839.1351060000015,-839.1351060000015,7.630940043777457,10996.484066,10157.34896
round-calibrated-p4-0171-f06b5bdf77dcbe04,4,calibrated,broad_joint,confirmation,extreme,joint_triangular_l1,mixed_extreme150_after_observable_screen,unresolved,True,True,joint_triangular_l5,True,0,-269.0446379999994,-269.0446379999994,2.5574611575193535,10519.989217,10250.944579
round-calibrated-p4-0182-1dc4e1178ca4a7cf,4,calibrated,smoothed_joint,confirmation,extreme,joint_triangular_l1,mixed_extreme150_after_observable_screen,unresolved,True,True,joint_triangular_l5,True,0,-6.073621999999887,-6.073621999999887,0.05405699368975573,11235.589672,11229.51605
round-calibrated-p4-0187-11f6d43e7bcd10f9,4,calibrated,broad_joint,confirmation,extreme,joint_triangular_l1,mixed_extreme150_after_observable_screen,unresolved,True,True,joint_triangular_l5,True,0,-241.08328699999947,-241.08328699999947,2.3562195978514997,10231.783456,9990.700169
round-calibrated-p4-0199-1466afb1c0118e2f,4,calibrated,broad_joint,confirmation,extreme,joint_triangular_l1,mixed_extreme150_after_observable_screen,unresolved,True,True,joint_triangular_l5,True,0,-1257.245205000001,-1257.245205000001,9.846187697204265,12768.852714,11511.607509
round-broad-p3-0010-f1a0dc14eac67442,3,broad,broad_joint,confirmation,correlated,joint_triangular_l1,assumption__radius_min__noise_correlated__scale_150,broad_or_stress_assumption,True,True,joint_triangular_l5,True,0,-604.6392420000002,-604.6392420000002,12.438408299246888,4861.066042,4256.4268
round-broad-p3-0017-e1705042294bdbb9,3,broad,broad_joint,confirmation,extreme,joint_triangular_l1,assumption__radius_mixed__noise_extreme__scale_150,broad_or_stress_assumption,True,True,joint_triangular_l5,True,0,-494.134943,-494.134943,10.559916707284192,4679.345081,4185.210138
round-broad-p3-0026-bb2ec0cacbb705a6,3,broad,broad_joint,confirmation,extreme,joint_triangular_l1,assumption__radius_mixed__noise_extreme__scale_300,broad_or_stress_assumption,True,True,joint_triangular_l5,True,0,-285.4148720000003,-285.4148720000003,6.206517375062892,4598.631644,4313.216772
round-broad-p3-0029-960abc8a8790767f,3,broad,broad_joint,confirmation,extreme,joint_triangular_l1,assumption__radius_min__noise_extreme__scale_75,broad_or_stress_assumption,True,True,joint_triangular_l5,True,0,-260.1957219999995,-260.1957219999995,5.745573707103449,4528.629085,4268.433363
round-broad-p3-0038-83c668ce2d0e00e2,3,broad,broad_joint,confirmation,extreme,joint_triangular_l1,assumption__radius_min__noise_extreme__scale_150,broad_or_stress_assumption,True,True,joint_triangular_l5,True,0,-203.69550600000002,-203.69550600000002,4.168065561477948,4887.051391,4683.355885
round-broad-p3-0040-b08bbe946f287460,3,broad,broad_joint,confirmation,correlated,joint_triangular_l1,assumption__radius_max__noise_correlated__scale_150,broad_or_stress_assumption,True,True,joint_triangular_l5,True,0,-646.1813679999996,-646.1813679999996,13.145446746500408,4915.628814,4269.447446
round-broad-p3-0041-7c609b389c973d10,3,broad,broad_joint,confirmation,extreme,joint_triangular_l1,assumption__radius_max__noise_extreme__scale_150,broad_or_stress_assumption,True,True,joint_triangular_l5,True,0,-670.3007659999994,-670.3007659999994,12.361318579737487,5422.56687,4752.266104
round-broad-p3-0042-43069651d2a495a6,3,broad,broad_joint,confirmation,deterministic,joint_triangular_l1,assumption__radius_mixed__noise_deterministic__scale_150,broad_or_stress_assumption,True,True,joint_triangular_l5,True,0,-429.7950300000002,-429.7950300000002,8.919988107007123,4818.336357,4388.541327
round-broad-p3-0057-849945bc4be0c115,3,broad,broad_joint,confirmation,deterministic,joint_triangular_l1,assumption__radius_max__noise_deterministic__scale_75,broad_or_stress_assumption,True,True,joint_triangular_l5,True,0,-421.9097379999994,-421.9097379999994,9.083379282441827,4644.854353,4222.944615
round-broad-p3-0059-790ffb3e464fb8ea,3,broad,broad_joint,confirmation,extreme,joint_triangular_l1,assumption__radius_max__noise_extreme__scale_75,broad_or_stress_assumption,True,True,joint_triangular_l5,True,0,-67.31860700000016,-67.31860700000016,1.349029964841178,4990.149126,4922.830519
round-broad-p3-0065-308b2eebb7ad83b9,3,broad,broad_joint,confirmation,extreme,joint_triangular_l1,assumption__radius_min__noise_extreme__scale_150,broad_or_stress_assumption,True,True,joint_triangular_l5,True,0,-215.85231300000032,-215.85231300000032,4.5371934134523215,4757.397213,4541.5449
round-broad-p3-0072-a93d53653e1dc9fa,3,broad,broad_joint,confirmation,deterministic,joint_triangular_l1,assumption__radius_min__noise_deterministic__scale_300,broad_or_stress_assumption,True,True,joint_triangular_l5,True,0,-386.7886179999996,-386.7886179999996,7.190348188942766,5379.275215,4992.486597
round-broad-p3-0085-1ec43d363e195df2,3,broad,broad_joint,confirmation,correlated,joint_triangular_l1,assumption__radius_max__noise_correlated__scale_75,broad_or_stress_assumption,True,True,joint_triangular_l5,True,0,-552.4862009999997,-552.4862009999997,12.445589909334018,4439.212645,3886.726444
round-broad-p3-0087-aad2a9a2fa9be12b,3,broad,broad_joint,confirmation,deterministic,joint_triangular_l1,assumption__radius_mixed__noise_deterministic__scale_75,broad_or_stress_assumption,True,True,joint_triangular_l5,True,0,-557.5298519999997,-557.5298519999997,10.799039687378572,5162.772507,4605.242655
round-broad-p3-0091-2e678c79000867e6,3,broad,broad_joint,confirmation,correlated,joint_triangular_l1,assumption__radius_min__noise_correlated__scale_150,broad_or_stress_assumption,True,True,joint_triangular_l5,True,0,-482.6853169999995,-482.6853169999995,9.338513497339934,5168.759644,4686.074327
round-broad-p3-0095-8935e44fb1ace233,3,broad,broad_joint,confirmation,extreme,joint_triangular_l1,assumption__radius_max__noise_extreme__scale_150,broad_or_stress_assumption,True,True,joint_triangular_l5,True,0,-998.729668,-998.729668,16.876200817459356,5917.976912,4919.247244
round-broad-p3-0102-9fddb6211dda3f32,3,broad,broad_joint,confirmation,deterministic,joint_triangular_l1,assumption__radius_max__noise_deterministic__scale_300,broad_or_stress_assumption,True,True,joint_triangular_l5,True,0,-1104.0238280000003,-1104.0238280000003,16.548377810179158,6671.492763,5567.468935
round-broad-p3-0108-3016854d8ee348b2,3,broad,broad_joint,confirmation,deterministic,joint_triangular_l1,assumption__radius_min__noise_deterministic__scale_75,broad_or_stress_assumption,True,True,joint_triangular_l5,True,0,-310.7270719999997,-310.7270719999997,6.596674094102407,4710.359608,4399.632536
round-broad-p3-0116-6c39cd018a361866,3,broad,broad_joint,confirmation,extreme,joint_triangular_l1,assumption__radius_mixed__noise_extreme__scale_75,broad_or_stress_assumption,True,True,joint_triangular_l5,True,0,-404.52678600000036,-404.52678600000036,8.436662807513644,4794.867298,4390.340512
round-broad-p3-0119-72a6fff2ea176b1c,3,broad,broad_joint,confirmation,extreme,joint_triangular_l1,assumption__radius_min__noise_extreme__scale_150,broad_or_stress_assumption,True,True,joint_triangular_l5,True,0,-160.86092400000052,-160.86092400000052,3.4218609103317252,4700.977866,4540.116942
round-broad-p3-0121-5094da1015d47a85,3,broad,broad_joint,confirmation,correlated,joint_triangular_l1,assumption__radius_max__noise_correlated__scale_150,broad_or_stress_assumption,True,True,joint_triangular_l5,True,0,-432.8921330000003,-432.8921330000003,8.356989224425634,5180.001091,4747.108958
round-broad-p3-0126-2a6e16cbc68d8b7e,3,broad,broad_joint,confirmation,deterministic,joint_triangular_l1,assumption__radius_min__noise_deterministic__scale_300,broad_or_stress_assumption,True,True,joint_triangular_l5,True,0,-303.28486900000007,-303.28486900000007,6.6365985612144405,4569.884199,4266.59933
round-broad-p3-0130-b049802e130c4e84,3,broad,broad_joint,confirmation,correlated,joint_triangular_l1,assumption__radius_max__noise_correlated__scale_300,broad_or_stress_assumption,True,True,joint_triangular_l5,True,0,-1128.556888,-1128.556888,17.431249111844625,6474.331706,5345.774818
round-broad-p3-0135-559f4c82192764d1,3,broad,broad_joint,confirmation,deterministic,joint_triangular_l1,assumption__radius_min__noise_deterministic__scale_75,broad_or_stress_assumption,True,True,joint_triangular_l5,True,0,-219.92000999999982,-219.92000999999982,4.560709546200098,4822.056914,4602.136904
round-broad-p3-0137-851b84e85187a6ea,3,broad,broad_joint,confirmation,extreme,joint_triangular_l1,assumption__radius_min__noise_extreme__scale_75,broad_or_stress_assumption,True,True,joint_triangular_l5,True,0,-276.28926500000034,-276.28926500000034,5.438850002543383,5079.920661,4803.631396
round-broad-p3-0139-29dc7b6fb833dfc2,3,broad,broad_joint,confirmation,correlated,joint_triangular_l1,assumption__radius_max__noise_correlated__scale_75,broad_or_stress_assumption,True,True,joint_triangular_l5,True,0,-764.4881070000001,-764.4881070000001,13.290892496520833,5751.969683,4987.481576
round-broad-p3-0146-dcb44a05a5d87452,3,broad,broad_joint,confirmation,extreme,joint_triangular_l1,assumption__radius_min__noise_extreme__scale_150,broad_or_stress_assumption,True,True,joint_triangular_l5,True,0,4.228382000000238,4.228382000000238,-0.09148980738991554,4621.697346,4625.925728
round-broad-p3-0149-2c39520f2a0369f5,3,broad,broad_joint,confirmation,extreme,joint_triangular_l1,assumption__radius_max__noise_extreme__scale_150,broad_or_stress_assumption,True,True,joint_triangular_l5,True,0,-402.0449090000002,-402.0449090000002,7.119562067562201,5647.045495,5245.000586
round-broad-p3-0151-4325795d2f152074,3,broad,broad_joint,confirmation,correlated,joint_triangular_l1,assumption__radius_mixed__noise_correlated__scale_150,broad_or_stress_assumption,True,True,joint_triangular_l5,True,0,-521.2896140000003,-521.2896140000003,8.58534172580202,6071.856318,5550.566704
round-broad-p3-0157-77dbee36892dc463,3,broad,broad_joint,confirmation,correlated,joint_triangular_l1,assumption__radius_max__noise_correlated__scale_300,broad_or_stress_assumption,True,True,joint_triangular_l5,True,0,-789.2642939999996,-789.2642939999996,14.98493000619252,5267.053591,4477.789297
round-broad-p3-0165-1923dc1fd97af284,3,broad,broad_joint,confirmation,deterministic,joint_triangular_l1,assumption__radius_max__noise_deterministic__scale_75,broad_or_stress_assumption,True,True,joint_triangular_l5,True,0,-964.8736640000006,-964.8736640000006,15.956610976378668,6046.858355,5081.984691
round-broad-p3-0167-a837a227bc6ff5f3,3,broad,broad_joint,confirmation,extreme,joint_triangular_l1,assumption__radius_max__noise_extreme__scale_75,broad_or_stress_assumption,True,True,joint_triangular_l5,True,0,-149.84253999999964,-149.84253999999964,2.9644583556447643,5054.634676,4904.792136
round-broad-p3-0169-7430f13f02c26103,3,broad,broad_joint,confirmation,correlated,joint_triangular_l1,assumption__radius_mixed__noise_correlated__scale_75,broad_or_stress_assumption,True,True,joint_triangular_l5,True,0,-390.0769989999999,-390.0769989999999,9.433984001837713,4134.806662,3744.729663
round-broad-p3-0176-df11b4fcbf77a45d,3,broad,broad_joint,confirmation,extreme,joint_triangular_l1,assumption__radius_max__noise_extreme__scale_150,broad_or_stress_assumption,True,True,joint_triangular_l5,True,0,-566.1867950000001,-566.1867950000001,12.161688242986788,4655.495057,4089.308262
round-broad-p3-0180-299159eb99a1795e,3,broad,broad_joint,confirmation,deterministic,joint_triangular_l1,assumption__radius_min__noise_deterministic__scale_300,broad_or_stress_assumption,True,True,joint_triangular_l5,True,0,-51.03538200000003,-51.03538200000003,1.1608180498764118,4396.501416,4345.466034
round-broad-p3-0182-532debbbbb1c14f6,3,broad,broad_joint,confirmation,extreme,joint_triangular_l1,assumption__radius_min__noise_extreme__scale_300,broad_or_stress_assumption,True,True,joint_triangular_l5,True,0,-361.99771899999996,-361.99771899999996,7.781586318632249,4651.978455,4289.980736
round-broad-p3-0184-b7662bbc62d1d902,3,broad,broad_joint,confirmation,correlated,joint_triangular_l1,assumption__radius_max__noise_correlated__scale_300,broad_or_stress_assumption,True,True,joint_triangular_l5,True,0,-901.8075170000002,-901.8075170000002,15.293551915450596,5896.651883,4994.844366
round-broad-p3-0191-6e5ce89e47c36f81,3,broad,broad_joint,confirmation,extreme,joint_triangular_l1,assumption__radius_min__noise_extreme__scale_75,broad_or_stress_assumption,True,True,joint_triangular_l5,True,0,-215.81071100000008,-215.81071100000008,4.075015706215526,5295.947956,5080.137245
round-broad-p3-0195-95975e894f534550,3,broad,broad_joint,confirmation,deterministic,joint_triangular_l1,assumption__radius_mixed__noise_deterministic__scale_75,broad_or_stress_assumption,True,True,joint_triangular_l5,True,0,-284.4480589999994,-284.4480589999994,6.051098642158223,4700.76718,4416.319121
round-broad-p3-0196-35950e349beba338,3,broad,broad_joint,confirmation,correlated,joint_triangular_l1,assumption__radius_mixed__noise_correlated__scale_75,broad_or_stress_assumption,True,True,joint_triangular_l5,True,0,-741.1928980000002,-741.1928980000002,14.472807825868498,5121.279208,4380.08631
round-broad-p4-0003-c334bd1c8832c12d,4,broad,broad_joint,confirmation,deterministic,joint_triangular_l1,assumption__radius_max__noise_deterministic__scale_75,broad_or_stress_assumption,True,True,joint_triangular_l5,True,0,-214.87330800000018,-214.87330800000018,1.8802406583661562,11427.968385,11213.095077
round-broad-p4-0008-0809c667f1414288,4,broad,broad_joint,confirmation,extreme,joint_triangular_l1,assumption__radius_mixed__noise_extreme__scale_75,broad_or_stress_assumption,True,True,joint_triangular_l5,True,0,-397.80291000000034,-397.80291000000034,3.6310124218699804,10955.702261,10557.899351
round-broad-p4-0011-78f184169d56ea15,4,broad,broad_joint,confirmation,extreme,joint_triangular_l1,assumption__radius_min__noise_extreme__scale_150,broad_or_stress_assumption,True,True,joint_triangular_l5,True,0,-324.19401800000014,-324.19401800000014,3.1279438307475287,10364.445001,10040.250983
round-broad-p4-0015-2aba8b704205a660,4,broad,broad_joint,confirmation,deterministic,joint_triangular_l1,assumption__radius_mixed__noise_deterministic__scale_150,broad_or_stress_assumption,True,True,joint_triangular_l5,True,0,-506.1877229999991,-506.1877229999991,4.249966057400489,11910.394487,11404.206764
round-broad-p4-0021-630f547bc37c68f8,4,broad,broad_joint,confirmation,deterministic,joint_triangular_l1,assumption__radius_max__noise_deterministic__scale_300,broad_or_stress_assumption,True,True,joint_triangular_l5,True,0,-741.6255870000005,-741.6255870000005,7.387295352607045,10039.20314,9297.577553
round-broad-p4-0024-91b54250b250c8fb,4,broad,broad_joint,confirmation,deterministic,joint_triangular_l1,assumption__radius_mixed__noise_deterministic__scale_300,broad_or_stress_assumption,True,True,joint_triangular_l5,True,0,-806.7524259999991,-806.7524259999991,6.403002121428498,12599.596419,11792.843993
round-broad-p4-0028-14441bc1f9f877cd,4,broad,broad_joint,confirmation,correlated,joint_triangular_l1,assumption__radius_min__noise_correlated__scale_75,broad_or_stress_assumption,True,True,joint_triangular_l5,True,0,-320.26141199999984,-320.26141199999984,3.3020088979402136,9698.986947,9378.725535
round-broad-p4-0031-733c5445b126f0f1,4,broad,broad_joint,confirmation,correlated,joint_triangular_l1,assumption__radius_max__noise_correlated__scale_75,broad_or_stress_assumption,True,True,joint_triangular_l5,True,0,-931.7645400000001,-931.7645400000001,7.915652035057826,11771.165987,10839.401447
round-broad-p4-0032-85ee04a994a8d947,4,broad,broad_joint,confirmation,extreme,joint_triangular_l1,assumption__radius_max__noise_extreme__scale_75,broad_or_stress_assumption,True,True,joint_triangular_l5,True,0,-204.18554699999913,-204.18554699999913,2.032855942138332,10044.270367,9840.08482
round-broad-p4-0038-2c18140b0aca1fe7,4,broad,broad_joint,confirmation,extreme,joint_triangular_l1,assumption__radius_min__noise_extreme__scale_150,broad_or_stress_assumption,True,True,joint_triangular_l5,True,0,-454.2458310000002,-454.2458310000002,4.409520565082586,10301.478909,9847.233078
round-broad-p4-0039-bea89633d46eb145,4,broad,broad_joint,confirmation,deterministic,joint_triangular_l1,assumption__radius_max__noise_deterministic__scale_150,broad_or_stress_assumption,True,True,joint_triangular_l5,True,0,-505.9835340000009,-505.9835340000009,4.731187810893063,10694.640632,10188.657098
round-broad-p4-0040-f2a7a477aba9e302,4,broad,broad_joint,confirmation,correlated,joint_triangular_l1,assumption__radius_max__noise_correlated__scale_150,broad_or_stress_assumption,True,True,joint_triangular_l5,True,0,-1109.8458769999997,-1109.8458769999997,9.351384604678767,11868.251857,10758.40598
round-broad-p4-0041-70daf12ddea645fc,4,broad,broad_joint,confirmation,extreme,joint_triangular_l1,assumption__radius_max__noise_extreme__scale_150,broad_or_stress_assumption,True,True,joint_triangular_l5,True,0,-692.6352659999993,-692.6352659999993,6.337403330033933,10929.322783,10236.687517
round-broad-p4-0045-883956c0b34ee2cf,4,broad,broad_joint,confirmation,deterministic,joint_triangular_l1,assumption__radius_min__noise_deterministic__scale_300,broad_or_stress_assumption,True,True,joint_triangular_l5,True,0,-446.64494299999933,-446.64494299999933,3.997619842556281,11172.771814,10726.126871
round-broad-p4-0050-c4233f189920b3d1,4,broad,broad_joint,confirmation,extreme,joint_triangular_l1,assumption__radius_max__noise_extreme__scale_300,broad_or_stress_assumption,True,True,joint_triangular_l5,True,0,-653.2107130000004,-653.2107130000004,5.708085709102949,11443.603798,10790.393085
round-broad-p4-0058-31ec1de61bc8f768,4,broad,broad_joint,confirmation,correlated,joint_triangular_l1,assumption__radius_max__noise_correlated__scale_75,broad_or_stress_assumption,True,True,joint_triangular_l5,True,0,-1076.0286109999997,-1076.0286109999997,8.868331807740189,12133.382403,11057.353792
round-broad-p4-0064-fb8fdd1ca8dbc385,4,broad,broad_joint,confirmation,correlated,joint_triangular_l1,assumption__radius_min__noise_correlated__scale_150,broad_or_stress_assumption,True,True,joint_triangular_l5,True,0,-111.62614399999984,-111.62614399999984,1.1729976163800955,9516.314649,9404.688505
round-broad-p4-0074-7123d970fb1dbaf4,4,broad,broad_joint,confirmation,extreme,joint_triangular_l1,assumption__radius_min__noise_extreme__scale_300,broad_or_stress_assumption,True,True,joint_triangular_l5,True,0,-360.59238300000106,-360.59238300000106,3.7580418314704973,9595.220042,9234.627659
round-broad-p4-0091-c601c417374ac1ba,4,broad,broad_joint,confirmation,correlated,joint_triangular_l1,assumption__radius_min__noise_correlated__scale_150,broad_or_stress_assumption,True,True,joint_triangular_l5,True,0,-958.2352689999989,-958.2352689999989,7.829131401924699,12239.356064,11281.120795
round-broad-p4-0100-120f40326b5ac308,4,broad,broad_joint,confirmation,correlated,joint_triangular_l1,assumption__radius_min__noise_correlated__scale_300,broad_or_stress_assumption,True,True,joint_triangular_l5,True,0,-667.2050180000006,-667.2050180000006,5.716212157291303,11672.152811,11004.947793
round-broad-p4-0108-942b8ece5ff48081,4,broad,broad_joint,confirmation,deterministic,joint_triangular_l1,assumption__radius_min__noise_deterministic__scale_75,broad_or_stress_assumption,True,True,joint_triangular_l5,True,0,-779.1941910000005,-779.1941910000005,6.424664599172478,12128.169167,11348.974976
round-broad-p4-0111-e3403e678818e1be,4,broad,broad_joint,confirmation,deterministic,joint_triangular_l1,assumption__radius_max__noise_deterministic__scale_75,broad_or_stress_assumption,True,True,joint_triangular_l5,True,0,-731.4909630000002,-731.4909630000002,8.517513705356835,8588.080845,7856.589882
round-broad-p4-0117-55f4275ff66ac1f3,4,broad,broad_joint,confirmation,deterministic,joint_triangular_l1,assumption__radius_min__noise_deterministic__scale_150,broad_or_stress_assumption,True,True,joint_triangular_l5,True,0,-78.62253100000089,-78.62253100000089,0.7501676622513667,10480.661185,10402.038654
round-broad-p4-0120-e48590d3556d164b,4,broad,broad_joint,confirmation,deterministic,joint_triangular_l1,assumption__radius_max__noise_deterministic__scale_150,broad_or_stress_assumption,True,True,joint_triangular_l5,True,0,-451.86335099999997,-451.86335099999997,4.465239210985295,10119.57769,9667.714339
round-broad-p4-0126-1cc158b42e021001,4,broad,broad_joint,confirmation,deterministic,joint_triangular_l1,assumption__radius_min__noise_deterministic__scale_300,broad_or_stress_assumption,True,True,joint_triangular_l5,True,0,-332.33454399999937,-332.33454399999937,3.3426047325950194,9942.382381,9610.047837
round-broad-p4-0131-9bc5b870cefcfcec,4,broad,broad_joint,confirmation,extreme,joint_triangular_l1,assumption__radius_max__noise_extreme__scale_300,broad_or_stress_assumption,True,True,joint_triangular_l5,True,0,-620.0130690000005,-620.0130690000005,5.07028626212706,12228.364178,11608.351109
round-broad-p4-0137-088b995e88bb478d,4,broad,broad_joint,confirmation,extreme,joint_triangular_l1,assumption__radius_min__noise_extreme__scale_75,broad_or_stress_assumption,True,True,joint_triangular_l5,True,0,-364.4663700000001,-364.4663700000001,3.274586481966214,11130.149471,10765.683101
round-broad-p4-0141-17c2dbe3dfc55062,4,broad,broad_joint,confirmation,deterministic,joint_triangular_l1,assumption__radius_mixed__noise_deterministic__scale_75,broad_or_stress_assumption,True,True,joint_triangular_l5,True,0,-691.2069119999996,-691.2069119999996,5.610152278731581,12320.64439,11629.437478
round-broad-p4-0143-516ead775f2a82db,4,broad,broad_joint,confirmation,extreme,joint_triangular_l1,assumption__radius_mixed__noise_extreme__scale_75,broad_or_stress_assumption,True,True,joint_triangular_l5,True,0,-679.5439540000007,-679.5439540000007,4.920435477896394,13810.646579,13131.102625
round-broad-p4-0144-3decbf502ae1806b,4,broad,broad_joint,confirmation,deterministic,joint_triangular_l1,assumption__radius_min__noise_deterministic__scale_150,broad_or_stress_assumption,True,True,joint_triangular_l5,True,0,-370.6511899999987,-370.6511899999987,3.8391988754128463,9654.388898,9283.737708
round-broad-p4-0153-07dfde3ab0359f9b,4,broad,broad_joint,confirmation,deterministic,joint_triangular_l1,assumption__radius_min__noise_deterministic__scale_300,broad_or_stress_assumption,True,True,joint_triangular_l5,True,0,-165.68937899999946,-165.68937899999946,1.4113281317872437,11739.961478,11574.272099
round-broad-p4-0156-88fe59ac5542478e,4,broad,broad_joint,confirmation,deterministic,joint_triangular_l1,assumption__radius_max__noise_deterministic__scale_300,broad_or_stress_assumption,True,True,joint_triangular_l5,True,0,-577.2776560000002,-577.2776560000002,4.410573884951193,13088.493041,12511.215385
round-broad-p4-0161-eb9bb1d131d36162,4,broad,broad_joint,confirmation,extreme,joint_triangular_l1,assumption__radius_mixed__noise_extreme__scale_300,broad_or_stress_assumption,True,True,joint_triangular_l5,True,0,-866.8827930000007,-866.8827930000007,6.46080009935291,13417.576456,12550.693663
round-broad-p4-0162-63cbdaf10c6f77f3,4,broad,broad_joint,confirmation,deterministic,joint_triangular_l1,assumption__radius_min__noise_deterministic__scale_75,broad_or_stress_assumption,True,True,joint_triangular_l5,True,0,-220.46160400000008,-220.46160400000008,2.267695446163516,9721.834754,9501.37315
round-broad-p4-0175-0295d510e0957278,4,broad,broad_joint,confirmation,correlated,joint_triangular_l1,assumption__radius_max__noise_correlated__scale_150,broad_or_stress_assumption,True,True,joint_triangular_l5,True,0,-1337.294382,-1337.294382,9.601848967088717,13927.467372,12590.17299
round-broad-p4-0182-72c0226dae492835,4,broad,broad_joint,confirmation,extreme,joint_triangular_l1,assumption__radius_min__noise_extreme__scale_300,broad_or_stress_assumption,True,True,joint_triangular_l5,True,0,1739.4083250000003,1739.4083250000003,-15.356105867617705,11327.144655,13066.55298
round-broad-p4-0192-17096a016e57f023,4,broad,broad_joint,confirmation,deterministic,joint_triangular_l1,assumption__radius_max__noise_deterministic__scale_75,broad_or_stress_assumption,True,True,joint_triangular_l5,True,0,-269.32795199999964,-269.32795199999964,2.443836676413116,11020.701776,10751.373824
round-broad-p4-0194-c203c76bbd8e5334,4,broad,broad_joint,confirmation,extreme,joint_triangular_l1,assumption__radius_max__noise_extreme__scale_75,broad_or_stress_assumption,True,True,joint_triangular_l5,True,0,-669.6947610000007,-669.6947610000007,6.73462623420471,9944.05239,9274.357629
round-broad-p4-0195-be92a531622548b4,4,broad,broad_joint,confirmation,deterministic,joint_triangular_l1,assumption__radius_mixed__noise_deterministic__scale_75,broad_or_stress_assumption,True,True,joint_triangular_l5,True,0,-802.0002499999991,-802.0002499999991,6.349517838413452,12630.884272,11828.884022
round-broad-p4-0196-28312fc45f85739d,4,broad,broad_joint,confirmation,correlated,joint_triangular_l1,assumption__radius_mixed__noise_correlated__scale_75,broad_or_stress_assumption,True,True,joint_triangular_l5,True,0,-620.042888,-620.042888,4.659423504026656,13307.287639,12687.244751
round-stress-p3-0001-b3933f2121d5b7be,3,stress,stress_design,confirmation,correlated,joint_triangular_l1,assumption__radius_min__noise_correlated__scale_75,broad_or_stress_assumption,True,True,joint_triangular_l5,True,0,-128.93307100000038,-128.93307100000038,2.562486930234238,5031.560141,4902.62707
round-stress-p3-0007-68607859e18d13ec,3,stress,stress_design,confirmation,correlated,joint_triangular_l1,assumption__radius_mixed__noise_correlated__scale_75,broad_or_stress_assumption,True,True,joint_triangular_l5,True,0,-191.69028799999978,-191.69028799999978,3.7678944385024984,5087.464395,4895.774107
round-stress-p3-0011-82dad701aff5ee0e,3,stress,stress_design,confirmation,extreme,joint_triangular_l1,assumption__radius_min__noise_extreme__scale_150,broad_or_stress_assumption,True,True,joint_triangular_l5,True,0,-215.6040439999997,-215.6040439999997,4.912610198953327,4388.787941,4173.183897
round-stress-p3-0013-1abe37b9852ae268,3,stress,stress_design,confirmation,correlated,joint_triangular_l1,assumption__radius_max__noise_correlated__scale_150,broad_or_stress_assumption,True,True,joint_triangular_l5,True,0,-576.0020490000006,-576.0020490000006,10.028542071118828,5743.626989,5167.62494
round-stress-p3-0016-6335465b784cea93,3,stress,stress_design,confirmation,correlated,joint_triangular_l1,assumption__radius_mixed__noise_correlated__scale_150,broad_or_stress_assumption,True,True,joint_triangular_l5,True,0,-49.90322000000015,-49.90322000000015,1.1236021732787091,4441.360224,4391.457004
round-stress-p3-0019-f7b7acfa9f3ee1fd,3,stress,stress_design,confirmation,correlated,joint_triangular_l1,assumption__radius_min__noise_correlated__scale_300,broad_or_stress_assumption,True,True,joint_triangular_l5,True,0,-238.60331099999985,-238.60331099999985,4.449948368166988,5361.93437,5123.331059
round-stress-p3-0024-1b96af21f29f894b,3,stress,stress_design,confirmation,deterministic,joint_triangular_l1,assumption__radius_mixed__noise_deterministic__scale_300,broad_or_stress_assumption,True,True,joint_triangular_l5,True,0,-209.03524599999946,-209.03524599999946,3.8182829286942552,5474.587659,5265.552413
round-stress-p3-0042-a72087ca442c08d9,3,stress,stress_design,confirmation,deterministic,joint_triangular_l1,assumption__radius_mixed__noise_deterministic__scale_150,broad_or_stress_assumption,True,True,joint_triangular_l5,True,0,-94.88780000000042,-94.88780000000042,1.9647792227662855,4829.438285,4734.550485
round-stress-p3-0055-d82f548d167e4402,3,stress,stress_design,confirmation,correlated,joint_triangular_l1,assumption__radius_min__noise_correlated__scale_75,broad_or_stress_assumption,True,True,joint_triangular_l5,True,0,-239.07370599999922,-239.07370599999922,4.424091974462993,5403.904516,5164.83081
round-stress-p3-0057-162383f37ef12489,3,stress,stress_design,confirmation,deterministic,joint_triangular_l1,assumption__radius_max__noise_deterministic__scale_75,broad_or_stress_assumption,True,True,joint_triangular_l5,True,0,-392.32982300000003,-392.32982300000003,8.264321558372322,4747.271996,4354.942173
round-stress-p3-0061-d05554c87271f430,3,stress,stress_design,confirmation,correlated,joint_triangular_l1,assumption__radius_mixed__noise_correlated__scale_75,broad_or_stress_assumption,True,True,joint_triangular_l5,True,0,-378.2380540000004,-378.2380540000004,6.694621670202191,5649.87945,5271.641396
round-stress-p3-0065-c7b084a59c11f584,3,stress,stress_design,confirmation,extreme,joint_triangular_l1,assumption__radius_min__noise_extreme__scale_150,broad_or_stress_assumption,True,True,joint_triangular_l5,True,0,-122.69192199999998,-122.69192199999998,2.8056763678530343,4372.989109,4250.297187
round-stress-p3-0066-3012942a5e7540b8,3,stress,stress_design,confirmation,deterministic,joint_triangular_l1,assumption__radius_max__noise_deterministic__scale_150,broad_or_stress_assumption,True,True,joint_triangular_l5,True,0,-321.3374269999995,-321.3374269999995,5.894955461229576,5451.057758,5129.720331
round-stress-p3-0070-519e1f4b33247a3a,3,stress,stress_design,confirmation,correlated,joint_triangular_l1,assumption__radius_mixed__noise_correlated__scale_150,broad_or_stress_assumption,True,True,joint_triangular_l5,True,0,-67.09192299999995,-67.09192299999995,1.6858500962501213,3979.708703,3912.61678
round-stress-p3-0074-2767dfd6b16da822,3,stress,stress_design,confirmation,extreme,joint_triangular_l1,assumption__radius_min__noise_extreme__scale_300,broad_or_stress_assumption,True,True,joint_triangular_l5,True,0,-47.2844970000001,-47.2844970000001,1.1665269147129151,4053.442437,4006.15794
round-stress-p3-0078-24c1742908d7ddf6,3,stress,stress_design,confirmation,deterministic,joint_triangular_l1,assumption__radius_mixed__noise_deterministic__scale_300,broad_or_stress_assumption,True,True,joint_triangular_l5,True,0,-83.27916099999948,-83.27916099999948,1.6684382191128342,4991.444097,4908.164936
round-stress-p3-0080-f6ba13f36cf64bb8,3,stress,stress_design,confirmation,extreme,joint_triangular_l1,assumption__radius_mixed__noise_extreme__scale_300,broad_or_stress_assumption,True,True,joint_triangular_l5,True,0,6.183027999999467,6.183027999999467,-0.14597463747935982,4235.686491,4241.869519
round-stress-p3-0085-060d8c7412676e84,3,stress,stress_design,confirmation,correlated,joint_triangular_l1,assumption__radius_max__noise_correlated__scale_75,broad_or_stress_assumption,True,True,joint_triangular_l5,True,0,-414.5542570000007,-414.5542570000007,7.814607120876228,5304.863707,4890.30945
round-stress-p3-0087-2d95ceaf59a84cd2,3,stress,stress_design,confirmation,deterministic,joint_triangular_l1,assumption__radius_mixed__noise_deterministic__scale_75,broad_or_stress_assumption,True,True,joint_triangular_l5,True,0,-378.2248209999998,-378.2248209999998,6.935958461745791,5453.101011,5074.87619
round-stress-p3-0090-ec3b2d280c391903,3,stress,stress_design,confirmation,deterministic,joint_triangular_l1,assumption__radius_min__noise_deterministic__scale_150,broad_or_stress_assumption,True,True,joint_triangular_l5,True,0,-181.46852099999978,-181.46852099999978,3.474719750452861,5222.536896,5041.068375
round-stress-p4-0010-02e3bd0768bbccd9,4,stress,stress_design,confirmation,correlated,joint_triangular_l1,assumption__radius_min__noise_correlated__scale_150,broad_or_stress_assumption,True,True,joint_triangular_l5,True,0,-406.726052,-406.726052,3.5375359266307482,11497.439473,11090.713421
round-stress-p4-0014-b69609c3eb69f0be,4,stress,stress_design,confirmation,extreme,joint_triangular_l1,assumption__radius_max__noise_extreme__scale_150,broad_or_stress_assumption,True,True,joint_triangular_l5,True,0,319.5951559999994,319.5951559999994,-2.5989149091101886,12297.253553,12616.848709
round-stress-p4-0015-40c25a2f737a8037,4,stress,stress_design,confirmation,deterministic,joint_triangular_l1,assumption__radius_mixed__noise_deterministic__scale_150,broad_or_stress_assumption,True,True,joint_triangular_l5,True,0,-472.13621799999964,-472.13621799999964,3.869646260083278,12201.017516,11728.881298
round-stress-p4-0018-488edfda363e05a9,4,stress,stress_design,confirmation,deterministic,joint_triangular_l1,assumption__radius_min__noise_deterministic__scale_300,broad_or_stress_assumption,True,True,joint_triangular_l5,True,0,-374.44766700000037,-374.44766700000037,3.383902840051179,11065.556096,10691.108429
round-stress-p4-0023-e2e02eed8b116873,4,stress,stress_design,confirmation,extreme,joint_triangular_l1,assumption__radius_max__noise_extreme__scale_300,broad_or_stress_assumption,True,True,joint_triangular_l5,True,0,487.64459700000043,487.64459700000043,-4.978969051975201,9794.08773,10281.732327
round-stress-p4-0026-9494677eb4c4142a,4,stress,stress_design,confirmation,extreme,joint_triangular_l1,assumption__radius_mixed__noise_extreme__scale_300,broad_or_stress_assumption,True,True,joint_triangular_l5,True,0,-594.4960479999991,-594.4960479999991,4.642679699915328,12805.019653,12210.523605
round-stress-p4-0040-54e1eb64ab59008c,4,stress,stress_design,confirmation,correlated,joint_triangular_l1,assumption__radius_max__noise_correlated__scale_150,broad_or_stress_assumption,True,True,joint_triangular_l5,True,0,-322.44410699999935,-322.44410699999935,2.7252690790820044,11831.642955,11509.198848
round-stress-p4-0043-0bcd639577d19f09,4,stress,stress_design,confirmation,correlated,joint_triangular_l1,assumption__radius_mixed__noise_correlated__scale_150,broad_or_stress_assumption,True,True,joint_triangular_l5,True,0,-397.3204000000005,-397.3204000000005,3.4600929003876844,11482.94024,11085.61984
round-stress-p4-0048-7b8aaf64229617ce,4,stress,stress_design,confirmation,deterministic,joint_triangular_l1,assumption__radius_max__noise_deterministic__scale_300,broad_or_stress_assumption,True,True,joint_triangular_l5,True,0,-508.52081499999986,-508.52081499999986,4.618145685555213,11011.363643,10502.842828
round-stress-p4-0056-39cfb53921321599,4,stress,stress_design,confirmation,extreme,joint_triangular_l1,assumption__radius_min__noise_extreme__scale_75,broad_or_stress_assumption,True,True,joint_triangular_l5,True,0,-58.72688500000004,-58.72688500000004,0.5918024296836287,9923.393696,9864.666811
round-stress-p4-0061-9052fe1a4ed56c60,4,stress,stress_design,confirmation,correlated,joint_triangular_l1,assumption__radius_mixed__noise_correlated__scale_75,broad_or_stress_assumption,True,True,joint_triangular_l5,True,0,-851.9371219999994,-851.9371219999994,6.814031759656818,12502.687866,11650.750744
round-stress-p4-0062-403734b6260d8721,4,stress,stress_design,confirmation,extreme,joint_triangular_l1,assumption__radius_mixed__noise_extreme__scale_75,broad_or_stress_assumption,True,True,joint_triangular_l5,True,0,-358.4248150000003,-358.4248150000003,2.98092206407589,12023.957933,11665.533118
round-stress-p4-0064-f70759731cd026cd,4,stress,stress_design,confirmation,correlated,joint_triangular_l1,assumption__radius_min__noise_correlated__scale_150,broad_or_stress_assumption,True,True,joint_triangular_l5,True,0,-218.116657999999,-218.116657999999,2.1283478631541204,10248.167688,10030.05103
round-stress-p4-0068-420c6612327fb7c7,4,stress,stress_design,confirmation,extreme,joint_triangular_l1,assumption__radius_max__noise_extreme__scale_150,broad_or_stress_assumption,True,True,joint_triangular_l5,True,0,-114.63949700000012,-114.63949700000012,0.8726359755432848,13137.149993,13022.510496
round-stress-p4-0074-4518cec4cda79390,4,stress,stress_design,confirmation,extreme,joint_triangular_l1,assumption__radius_min__noise_extreme__scale_300,broad_or_stress_assumption,True,True,joint_triangular_l5,True,0,-565.0374979999997,-565.0374979999997,3.9081772546069145,14457.826787,13892.789289
round-stress-p4-0076-145967d4ced8979d,4,stress,stress_design,confirmation,correlated,joint_triangular_l1,assumption__radius_max__noise_correlated__scale_300,broad_or_stress_assumption,True,True,joint_triangular_l5,True,0,-1078.1706990000002,-1078.1706990000002,8.553222505502475,12605.432611,11527.261912
round-stress-p4-0081-1b1e79b3d752c83f,4,stress,stress_design,confirmation,deterministic,joint_triangular_l1,assumption__radius_min__noise_deterministic__scale_75,broad_or_stress_assumption,True,True,joint_triangular_l5,True,0,-282.864771999999,-282.864771999999,2.6722210501623387,10585.380726,10302.515954
round-stress-p4-0092-397728cc2e18cc7f,4,stress,stress_design,confirmation,extreme,joint_triangular_l1,assumption__radius_min__noise_extreme__scale_150,broad_or_stress_assumption,True,True,joint_triangular_l5,True,0,-411.6817520000004,-411.6817520000004,3.8573260884275204,10672.723606,10261.041854
round-stress-p4-0093-08dca3b5e2844baf,4,stress,stress_design,confirmation,deterministic,joint_triangular_l1,assumption__radius_max__noise_deterministic__scale_150,broad_or_stress_assumption,True,True,joint_triangular_l5,True,0,-559.4751090000009,-559.4751090000009,4.847869870296499,11540.637929,10981.16282
round-stress-p4-0099-70c37d47e59c2794,4,stress,stress_design,confirmation,deterministic,joint_triangular_l1,assumption__radius_min__noise_deterministic__scale_300,broad_or_stress_assumption,True,True,joint_triangular_l5,True,0,-570.664025,-570.664025,4.838217433784987,11794.923085,11224.25906
