split,problem,baseline_variant,candidate_variant,n_pairs,n_both_complete,completion_delta_mean,all_pairs_delta_total_virtual_time_s_n,all_pairs_delta_total_virtual_time_s_mean,all_pairs_delta_total_virtual_time_s_median,all_pairs_delta_total_virtual_time_s_p95,all_pairs_delta_total_virtual_time_s_max,all_pairs_delta_total_virtual_time_s_min,all_pairs_delta_average_clear_time_s_n,all_pairs_delta_average_clear_time_s_mean,all_pairs_delta_average_clear_time_s_median,all_pairs_delta_average_clear_time_s_p95,all_pairs_delta_average_clear_time_s_max,all_pairs_delta_average_clear_time_s_min,all_pairs_delta_walk_distance_m_n,all_pairs_delta_walk_distance_m_mean,all_pairs_delta_walk_distance_m_median,all_pairs_delta_walk_distance_m_p95,all_pairs_delta_walk_distance_m_max,all_pairs_delta_walk_distance_m_min,all_pairs_delta_movement_time_s_n,all_pairs_delta_movement_time_s_mean,all_pairs_delta_movement_time_s_median,all_pairs_delta_movement_time_s_p95,all_pairs_delta_movement_time_s_max,all_pairs_delta_movement_time_s_min,all_pairs_delta_measure_time_s_n,all_pairs_delta_measure_time_s_mean,all_pairs_delta_measure_time_s_median,all_pairs_delta_measure_time_s_p95,all_pairs_delta_measure_time_s_max,all_pairs_delta_measure_time_s_min,all_pairs_delta_switch_time_s_n,all_pairs_delta_switch_time_s_mean,all_pairs_delta_switch_time_s_median,all_pairs_delta_switch_time_s_p95,all_pairs_delta_switch_time_s_max,all_pairs_delta_switch_time_s_min,all_pairs_delta_optical_time_s_n,all_pairs_delta_optical_time_s_mean,all_pairs_delta_optical_time_s_median,all_pairs_delta_optical_time_s_p95,all_pairs_delta_optical_time_s_max,all_pairs_delta_optical_time_s_min,all_pairs_delta_laser_time_s_n,all_pairs_delta_laser_time_s_mean,all_pairs_delta_laser_time_s_median,all_pairs_delta_laser_time_s_p95,all_pairs_delta_laser_time_s_max,all_pairs_delta_laser_time_s_min,all_pairs_delta_measures_n,all_pairs_delta_measures_mean,all_pairs_delta_measures_median,all_pairs_delta_measures_p95,all_pairs_delta_measures_max,all_pairs_delta_measures_min,all_pairs_delta_switches_n,all_pairs_delta_switches_mean,all_pairs_delta_switches_median,all_pairs_delta_switches_p95,all_pairs_delta_switches_max,all_pairs_delta_switches_min,all_pairs_delta_clear_attempts_n,all_pairs_delta_clear_attempts_mean,all_pairs_delta_clear_attempts_median,all_pairs_delta_clear_attempts_p95,all_pairs_delta_clear_attempts_max,all_pairs_delta_clear_attempts_min,all_pairs_delta_clear_successes_n,all_pairs_delta_clear_successes_mean,all_pairs_delta_clear_successes_median,all_pairs_delta_clear_successes_p95,all_pairs_delta_clear_successes_max,all_pairs_delta_clear_successes_min,all_pairs_delta_fallback_targets_n,all_pairs_delta_fallback_targets_mean,all_pairs_delta_fallback_targets_median,all_pairs_delta_fallback_targets_p95,all_pairs_delta_fallback_targets_max,all_pairs_delta_fallback_targets_min,all_pairs_delta_program_real_time_s_n,all_pairs_delta_program_real_time_s_mean,all_pairs_delta_program_real_time_s_median,all_pairs_delta_program_real_time_s_p95,all_pairs_delta_program_real_time_s_max,all_pairs_delta_program_real_time_s_min,all_pairs_delta_clear_fraction_n,all_pairs_delta_clear_fraction_mean,all_pairs_delta_clear_fraction_median,all_pairs_delta_clear_fraction_p95,all_pairs_delta_clear_fraction_max,all_pairs_delta_clear_fraction_min,all_pairs_delta_timing_residual_s_n,all_pairs_delta_timing_residual_s_mean,all_pairs_delta_timing_residual_s_median,all_pairs_delta_timing_residual_s_p95,all_pairs_delta_timing_residual_s_max,all_pairs_delta_timing_residual_s_min,all_pairs_time_reduction_pct_n,all_pairs_time_reduction_pct_mean,all_pairs_time_reduction_pct_median,all_pairs_time_reduction_pct_p95,all_pairs_time_reduction_pct_max,all_pairs_time_reduction_pct_min,both_complete_delta_total_virtual_time_s_n,both_complete_delta_total_virtual_time_s_mean,both_complete_delta_total_virtual_time_s_median,both_complete_delta_total_virtual_time_s_p95,both_complete_delta_total_virtual_time_s_max,both_complete_delta_total_virtual_time_s_min,both_complete_delta_average_clear_time_s_n,both_complete_delta_average_clear_time_s_mean,both_complete_delta_average_clear_time_s_median,both_complete_delta_average_clear_time_s_p95,both_complete_delta_average_clear_time_s_max,both_complete_delta_average_clear_time_s_min,both_complete_delta_walk_distance_m_n,both_complete_delta_walk_distance_m_mean,both_complete_delta_walk_distance_m_median,both_complete_delta_walk_distance_m_p95,both_complete_delta_walk_distance_m_max,both_complete_delta_walk_distance_m_min,both_complete_delta_movement_time_s_n,both_complete_delta_movement_time_s_mean,both_complete_delta_movement_time_s_median,both_complete_delta_movement_time_s_p95,both_complete_delta_movement_time_s_max,both_complete_delta_movement_time_s_min,both_complete_delta_measure_time_s_n,both_complete_delta_measure_time_s_mean,both_complete_delta_measure_time_s_median,both_complete_delta_measure_time_s_p95,both_complete_delta_measure_time_s_max,both_complete_delta_measure_time_s_min,both_complete_delta_switch_time_s_n,both_complete_delta_switch_time_s_mean,both_complete_delta_switch_time_s_median,both_complete_delta_switch_time_s_p95,both_complete_delta_switch_time_s_max,both_complete_delta_switch_time_s_min,both_complete_delta_optical_time_s_n,both_complete_delta_optical_time_s_mean,both_complete_delta_optical_time_s_median,both_complete_delta_optical_time_s_p95,both_complete_delta_optical_time_s_max,both_complete_delta_optical_time_s_min,both_complete_delta_laser_time_s_n,both_complete_delta_laser_time_s_mean,both_complete_delta_laser_time_s_median,both_complete_delta_laser_time_s_p95,both_complete_delta_laser_time_s_max,both_complete_delta_laser_time_s_min,both_complete_delta_measures_n,both_complete_delta_measures_mean,both_complete_delta_measures_median,both_complete_delta_measures_p95,both_complete_delta_measures_max,both_complete_delta_measures_min,both_complete_delta_switches_n,both_complete_delta_switches_mean,both_complete_delta_switches_median,both_complete_delta_switches_p95,both_complete_delta_switches_max,both_complete_delta_switches_min,both_complete_delta_clear_attempts_n,both_complete_delta_clear_attempts_mean,both_complete_delta_clear_attempts_median,both_complete_delta_clear_attempts_p95,both_complete_delta_clear_attempts_max,both_complete_delta_clear_attempts_min,both_complete_delta_clear_successes_n,both_complete_delta_clear_successes_mean,both_complete_delta_clear_successes_median,both_complete_delta_clear_successes_p95,both_complete_delta_clear_successes_max,both_complete_delta_clear_successes_min,both_complete_delta_fallback_targets_n,both_complete_delta_fallback_targets_mean,both_complete_delta_fallback_targets_median,both_complete_delta_fallback_targets_p95,both_complete_delta_fallback_targets_max,both_complete_delta_fallback_targets_min,both_complete_delta_program_real_time_s_n,both_complete_delta_program_real_time_s_mean,both_complete_delta_program_real_time_s_median,both_complete_delta_program_real_time_s_p95,both_complete_delta_program_real_time_s_max,both_complete_delta_program_real_time_s_min,both_complete_delta_clear_fraction_n,both_complete_delta_clear_fraction_mean,both_complete_delta_clear_fraction_median,both_complete_delta_clear_fraction_p95,both_complete_delta_clear_fraction_max,both_complete_delta_clear_fraction_min,both_complete_delta_timing_residual_s_n,both_complete_delta_timing_residual_s_mean,both_complete_delta_timing_residual_s_median,both_complete_delta_timing_residual_s_p95,both_complete_delta_timing_residual_s_max,both_complete_delta_timing_residual_s_min,both_complete_time_reduction_pct_n,both_complete_time_reduction_pct_mean,both_complete_time_reduction_pct_median,both_complete_time_reduction_pct_p95,both_complete_time_reduction_pct_max,both_complete_time_reduction_pct_min
stress,3,active,nearest_safe,4,4,0.0,4,-15.492974249999861,-16.7018079999998,-4.465811499999841,-2.3718159999998534,-26.19646499999999,4,-1.373951156249987,-1.363959812499985,-0.27911321874999007,-0.14823849999999084,-2.6196464999999876,4,-83.71486663339874,-83.50902748607405,-43.5790624968504,-36.85908763834232,-130.98232392310456,4,-16.742973326679703,-16.70180549721499,-8.715812499369854,-7.3718175276680995,-26.19646478462073,4,1.25,0.0,4.249999999999998,5.0,0.0,4,0.0,0.0,0.0,0.0,0.0,4,0.0,0.0,0.0,0.0,0.0,4,0.0,0.0,0.0,0.0,0.0,4,0.25,0.0,0.8499999999999996,1.0,0.0,4,0.0,0.0,0.0,0.0,0.0,4,0.0,0.0,0.0,0.0,0.0,4,0.0,0.0,0.0,0.0,0.0,4,0.0,0.0,0.0,0.0,0.0,4,-0.06483749998733401,-0.08440120000159368,0.02369254500954407,0.04248930001631379,-0.13303689996246248,4,0.0,0.0,0.0,0.0,0.0,4,-9.233202717950917e-07,-1.1048498436139198e-06,1.2662111885219923e-06,1.527668246126268e-06,-3.011249646078795e-06,4,0.3367708767081886,0.3159710544358084,0.6204028014429858,0.6682250909608382,0.04691630700029943,4,-15.492974249999861,-16.7018079999998,-4.465811499999841,-2.3718159999998534,-26.19646499999999,4,-1.373951156249987,-1.363959812499985,-0.27911321874999007,-0.14823849999999084,-2.6196464999999876,4,-83.71486663339874,-83.50902748607405,-43.5790624968504,-36.85908763834232,-130.98232392310456,4,-16.742973326679703,-16.70180549721499,-8.715812499369854,-7.3718175276680995,-26.19646478462073,4,1.25,0.0,4.249999999999998,5.0,0.0,4,0.0,0.0,0.0,0.0,0.0,4,0.0,0.0,0.0,0.0,0.0,4,0.0,0.0,0.0,0.0,0.0,4,0.25,0.0,0.8499999999999996,1.0,0.0,4,0.0,0.0,0.0,0.0,0.0,4,0.0,0.0,0.0,0.0,0.0,4,0.0,0.0,0.0,0.0,0.0,4,0.0,0.0,0.0,0.0,0.0,4,-0.06483749998733401,-0.08440120000159368,0.02369254500954407,0.04248930001631379,-0.13303689996246248,4,0.0,0.0,0.0,0.0,0.0,4,-9.233202717950917e-07,-1.1048498436139198e-06,1.2662111885219923e-06,1.527668246126268e-06,-3.011249646078795e-06,4,0.3367708767081886,0.3159710544358084,0.6204028014429858,0.6682250909608382,0.04691630700029943
stress,3,baseline,active,4,4,0.0,4,-1349.9607645000003,-1284.4015580000005,-671.0508475500003,-606.402282,-2224.6376600000003,4,-110.91354723750001,-80.27509737500003,-61.269750710624976,-60.64022819999997,-222.46376600000002,4,-6952.303814198845,-6832.007785929032,-3645.5042427833087,-3317.011416165231,-10828.188268772086,4,-1390.4607628397694,-1366.4015571858063,-729.100848556662,-663.4022832330465,-2165.637653754418,4,22.5,50.0,55.0,55.0,-65.0,4,0.0,0.0,0.0,0.0,0.0,4,18.0,10.5,40.04999999999999,45.0,6.0,4,0.0,0.0,0.0,0.0,0.0,4,4.5,10.0,11.0,11.0,-13.0,4,0.0,0.0,0.0,0.0,0.0,4,6.0,3.5,13.349999999999996,15.0,2.0,4,0.0,0.0,0.0,0.0,0.0,4,2.0,1.5,3.6999999999999993,4.0,1.0,4,0.937194299971452,0.932026449998375,1.149990769982105,1.1684623999753967,0.7162618999136612,4,0.0,0.0,0.0,0.0,0.0,4,-1.660231305322668e-06,-8.141937541950028e-07,1.0066611139336595e-06,1.233045622939244e-06,-6.2455833358399104e-06,4,21.427248239833364,19.232657575557287,34.259764524365295,36.20273779127963,11.040940016939254,4,-1349.9607645000003,-1284.4015580000005,-671.0508475500003,-606.402282,-2224.6376600000003,4,-110.91354723750001,-80.27509737500003,-61.269750710624976,-60.64022819999997,-222.46376600000002,4,-6952.303814198845,-6832.007785929032,-3645.5042427833087,-3317.011416165231,-10828.188268772086,4,-1390.4607628397694,-1366.4015571858063,-729.100848556662,-663.4022832330465,-2165.637653754418,4,22.5,50.0,55.0,55.0,-65.0,4,0.0,0.0,0.0,0.0,0.0,4,18.0,10.5,40.04999999999999,45.0,6.0,4,0.0,0.0,0.0,0.0,0.0,4,4.5,10.0,11.0,11.0,-13.0,4,0.0,0.0,0.0,0.0,0.0,4,6.0,3.5,13.349999999999996,15.0,2.0,4,0.0,0.0,0.0,0.0,0.0,4,2.0,1.5,3.6999999999999993,4.0,1.0,4,0.937194299971452,0.932026449998375,1.149990769982105,1.1684623999753967,0.7162618999136612,4,0.0,0.0,0.0,0.0,0.0,4,-1.660231305322668e-06,-8.141937541950028e-07,1.0066611139336595e-06,1.233045622939244e-06,-6.2455833358399104e-06,4,21.427248239833364,19.232657575557287,34.259764524365295,36.20273779127963,11.040940016939254
stress,3,baseline,joint_triangular,4,4,0.0,4,-1617.8135882500003,-1503.1571485000004,-782.6943647500004,-673.6959550000001,-2791.2441010000002,4,-133.597162290625,-93.94732178125003,-70.39245636249996,-67.36959549999995,-279.1244101,4,-8271.567930791758,-7950.785737755154,-4271.721822840398,-3673.4797727924415,-13511.220474864283,4,-1654.3135861583519,-1590.157147551031,-854.34436456808,-734.6959545584887,-2702.244094972857,4,20.0,45.0,75.49999999999999,80.0,-90.0,4,3.0,3.0,4.85,5.0,1.0,4,13.5,3.0,41.69999999999999,48.0,0.0,4,0.0,0.0,0.0,0.0,0.0,4,4.0,9.0,15.099999999999998,16.0,-18.0,4,3.0,3.0,4.85,5.0,1.0,4,4.5,1.0,13.899999999999995,16.0,0.0,4,0.0,0.0,0.0,0.0,0.0,4,1.5,0.5,4.399999999999999,5.0,0.0,4,1.082447000022512,1.0721611499902792,1.422797575109871,1.4626225001411512,0.722843199968338,4,0.0,0.0,0.0,0.0,0.0,4,-2.091648752866604e-06,-1.814273218769813e-06,1.0295039373886533e-06,1.2890950529254042e-06,-6.027143626852194e-06,4,25.626147449799397,22.407491117081932,42.143182968672946,45.42343237143574,12.266175193597983,4,-1617.8135882500003,-1503.1571485000004,-782.6943647500004,-673.6959550000001,-2791.2441010000002,4,-133.597162290625,-93.94732178125003,-70.39245636249996,-67.36959549999995,-279.1244101,4,-8271.567930791758,-7950.785737755154,-4271.721822840398,-3673.4797727924415,-13511.220474864283,4,-1654.3135861583519,-1590.157147551031,-854.34436456808,-734.6959545584887,-2702.244094972857,4,20.0,45.0,75.49999999999999,80.0,-90.0,4,3.0,3.0,4.85,5.0,1.0,4,13.5,3.0,41.69999999999999,48.0,0.0,4,0.0,0.0,0.0,0.0,0.0,4,4.0,9.0,15.099999999999998,16.0,-18.0,4,3.0,3.0,4.85,5.0,1.0,4,4.5,1.0,13.899999999999995,16.0,0.0,4,0.0,0.0,0.0,0.0,0.0,4,1.5,0.5,4.399999999999999,5.0,0.0,4,1.082447000022512,1.0721611499902792,1.422797575109871,1.4626225001411512,0.722843199968338,4,0.0,0.0,0.0,0.0,0.0,4,-2.091648752866604e-06,-1.814273218769813e-06,1.0295039373886533e-06,1.2890950529254042e-06,-6.027143626852194e-06,4,25.626147449799397,22.407491117081932,42.143182968672946,45.42343237143574,12.266175193597983
stress,3,joint_square,joint_triangular,4,4,0.0,4,0.0,0.0,0.0,0.0,0.0,4,0.0,0.0,0.0,0.0,0.0,4,0.0,0.0,0.0,0.0,0.0,4,0.0,0.0,0.0,0.0,0.0,4,0.0,0.0,0.0,0.0,0.0,4,0.0,0.0,0.0,0.0,0.0,4,0.0,0.0,0.0,0.0,0.0,4,0.0,0.0,0.0,0.0,0.0,4,0.0,0.0,0.0,0.0,0.0,4,0.0,0.0,0.0,0.0,0.0,4,0.0,0.0,0.0,0.0,0.0,4,0.0,0.0,0.0,0.0,0.0,4,0.0,0.0,0.0,0.0,0.0,4,0.017002000036882237,0.06400860007852316,0.17015923003782513,0.18579070002306253,-0.2457999000325799,4,0.0,0.0,0.0,0.0,0.0,4,0.0,0.0,0.0,0.0,0.0,4,0.0,0.0,0.0,0.0,0.0,4,0.0,0.0,0.0,0.0,0.0,4,0.0,0.0,0.0,0.0,0.0,4,0.0,0.0,0.0,0.0,0.0,4,0.0,0.0,0.0,0.0,0.0,4,0.0,0.0,0.0,0.0,0.0,4,0.0,0.0,0.0,0.0,0.0,4,0.0,0.0,0.0,0.0,0.0,4,0.0,0.0,0.0,0.0,0.0,4,0.0,0.0,0.0,0.0,0.0,4,0.0,0.0,0.0,0.0,0.0,4,0.0,0.0,0.0,0.0,0.0,4,0.0,0.0,0.0,0.0,0.0,4,0.0,0.0,0.0,0.0,0.0,4,0.017002000036882237,0.06400860007852316,0.17015923003782513,0.18579070002306253,-0.2457999000325799,4,0.0,0.0,0.0,0.0,0.0,4,0.0,0.0,0.0,0.0,0.0,4,0.0,0.0,0.0,0.0,0.0
stress,3,nearest_safe,immediate,4,4,0.0,4,1346.68407125,854.4739374999999,3271.3876500999995,3579.3513760000005,98.43703399999958,4,118.64702079687501,53.404621093749995,318.55355324125,357.9351376000001,9.843703399999981,4,6460.9203533476775,4244.869690378708,15634.93824283097,17081.756871490208,272.1851611430866,4,1292.1840706695357,848.9739380757419,3126.987648566194,3416.3513742980417,54.43703222861723,4,50.0,42.5,115.24999999999997,125.0,-10.0,4,-15.0,-14.0,-10.0,-10.0,-22.0,4,19.5,18.0,46.199999999999996,48.0,-6.0,4,0.0,0.0,0.0,0.0,0.0,4,10.0,8.5,23.049999999999997,25.0,-2.0,4,-15.0,-14.0,-10.0,-10.0,-22.0,4,6.5,6.0,15.399999999999999,16.0,-2.0,4,0.0,0.0,0.0,0.0,0.0,4,2.75,2.5,6.549999999999999,7.0,-1.0,4,0.30172920000040904,0.28590595006244257,0.41859677992761135,0.4325177998980507,0.20258709997870028,4,0.0,0.0,0.0,0.0,0.0,4,5.80464757149457e-07,1.1414490472816397e-06,1.7609691440156894e-06,1.7713828128762543e-06,-1.7324218788417056e-06,4,-31.828243271634044,-16.68705629384065,-2.1939179240619646,-2.021779007046311,-91.91708149180856,4,1346.68407125,854.4739374999999,3271.3876500999995,3579.3513760000005,98.43703399999958,4,118.64702079687501,53.404621093749995,318.55355324125,357.9351376000001,9.843703399999981,4,6460.9203533476775,4244.869690378708,15634.93824283097,17081.756871490208,272.1851611430866,4,1292.1840706695357,848.9739380757419,3126.987648566194,3416.3513742980417,54.43703222861723,4,50.0,42.5,115.24999999999997,125.0,-10.0,4,-15.0,-14.0,-10.0,-10.0,-22.0,4,19.5,18.0,46.199999999999996,48.0,-6.0,4,0.0,0.0,0.0,0.0,0.0,4,10.0,8.5,23.049999999999997,25.0,-2.0,4,-15.0,-14.0,-10.0,-10.0,-22.0,4,6.5,6.0,15.399999999999999,16.0,-2.0,4,0.0,0.0,0.0,0.0,0.0,4,2.75,2.5,6.549999999999999,7.0,-1.0,4,0.30172920000040904,0.28590595006244257,0.41859677992761135,0.4325177998980507,0.20258709997870028,4,0.0,0.0,0.0,0.0,0.0,4,5.80464757149457e-07,1.1414490472816397e-06,1.7609691440156894e-06,1.7713828128762543e-06,-1.7324218788417056e-06,4,-31.828243271634044,-16.68705629384065,-2.1939179240619646,-2.021779007046311,-91.91708149180856
stress,3,nearest_safe,joint_square,4,4,0.0,4,-252.3598495000001,-295.3159095000001,105.88238760000002,133.43019300000014,-552.2377720000004,4,-21.309663896874994,-19.76852252500001,6.335151358125005,8.339387062500009,-54.04099759999997,4,-1235.5492499595139,-1411.5795519262756,411.6619322645553,532.1509594318522,-2651.1888554173565,4,-247.10984999190293,-282.31591038525517,82.3323864529109,106.43019188637027,-530.2377710834717,4,-3.75,-5.0,17.749999999999993,20.0,-25.0,4,3.0,3.0,4.85,5.0,1.0,4,-4.5,-6.0,1.6499999999999968,3.0,-9.0,4,0.0,0.0,0.0,0.0,0.0,4,-0.75,-1.0,3.549999999999999,4.0,-5.0,4,3.0,3.0,4.85,5.0,1.0,4,-1.5,-2.0,0.5499999999999989,1.0,-3.0,4,0.0,0.0,0.0,0.0,0.0,4,-0.5,-1.0,0.6999999999999993,1.0,-1.0,4,0.19308820000151172,0.18154895002953708,0.3905596100201364,0.41854580002836883,-0.009290900081396103,4,0.0,0.0,0.0,0.0,0.0,4,4.919028242511558e-07,7.737241958238883e-07,1.3032323749939677e-06,1.3366916391532868e-06,-9.165287337964401e-07,4,5.462265069987747,5.306010304515034,13.233062618122137,13.877628258583767,-2.640588587662848,4,-252.3598495000001,-295.3159095000001,105.88238760000002,133.43019300000014,-552.2377720000004,4,-21.309663896874994,-19.76852252500001,6.335151358125005,8.339387062500009,-54.04099759999997,4,-1235.5492499595139,-1411.5795519262756,411.6619322645553,532.1509594318522,-2651.1888554173565,4,-247.10984999190293,-282.31591038525517,82.3323864529109,106.43019188637027,-530.2377710834717,4,-3.75,-5.0,17.749999999999993,20.0,-25.0,4,3.0,3.0,4.85,5.0,1.0,4,-4.5,-6.0,1.6499999999999968,3.0,-9.0,4,0.0,0.0,0.0,0.0,0.0,4,-0.75,-1.0,3.549999999999999,4.0,-5.0,4,3.0,3.0,4.85,5.0,1.0,4,-1.5,-2.0,0.5499999999999989,1.0,-3.0,4,0.0,0.0,0.0,0.0,0.0,4,-0.5,-1.0,0.6999999999999993,1.0,-1.0,4,0.19308820000151172,0.18154895002953708,0.3905596100201364,0.41854580002836883,-0.009290900081396103,4,0.0,0.0,0.0,0.0,0.0,4,4.919028242511558e-07,7.737241958238883e-07,1.3032323749939677e-06,1.3366916391532868e-06,-9.165287337964401e-07,4,5.462265069987747,5.306010304515034,13.233062618122137,13.877628258583767,-2.640588587662848
stress,4,active,nearest_safe,4,4,0.0,4,-123.58732325000028,-14.367684499999996,6.142926150000033,8.549739000000045,-474.1636630000012,4,-12.368614128125017,-1.2962244499999542,0.38393288437500206,0.5343586875000028,-47.41636630000016,4,-459.18661215065185,-71.8384178763772,30.7146359707978,42.74870020708477,-1735.8183130569378,4,-91.83732243013014,-14.367683575274896,6.142927194159615,8.549740041416953,-347.16366261138774,4,-10.0,0.0,0.0,0.0,-40.0,4,0.0,0.0,0.0,0.0,0.0,4,-21.75,0.0,0.0,0.0,-87.0,4,0.0,0.0,0.0,0.0,0.0,4,-2.0,0.0,0.0,0.0,-8.0,4,0.0,0.0,0.0,0.0,0.0,4,-7.25,0.0,0.0,0.0,-29.0,4,0.0,0.0,0.0,0.0,0.0,4,-0.5,0.0,0.0,0.0,-2.0,4,-0.029290499980561435,0.04010034998646006,0.1464587700436823,0.15657840005587786,-0.3539410999510437,4,0.0,0.0,0.0,0.0,0.0,4,-8.198694558814168e-07,-9.155819498118944e-07,-4.4878270273329705e-07,-3.8861253415234387e-07,-1.0597013897495344e-06,4,1.0401078296748552,0.1047710523992146,3.4574125326721075,4.039683013453922,-0.08879379955293062,4,-123.58732325000028,-14.367684499999996,6.142926150000033,8.549739000000045,-474.1636630000012,4,-12.368614128125017,-1.2962244499999542,0.38393288437500206,0.5343586875000028,-47.41636630000016,4,-459.18661215065185,-71.8384178763772,30.7146359707978,42.74870020708477,-1735.8183130569378,4,-91.83732243013014,-14.367683575274896,6.142927194159615,8.549740041416953,-347.16366261138774,4,-10.0,0.0,0.0,0.0,-40.0,4,0.0,0.0,0.0,0.0,0.0,4,-21.75,0.0,0.0,0.0,-87.0,4,0.0,0.0,0.0,0.0,0.0,4,-2.0,0.0,0.0,0.0,-8.0,4,0.0,0.0,0.0,0.0,0.0,4,-7.25,0.0,0.0,0.0,-29.0,4,0.0,0.0,0.0,0.0,0.0,4,-0.5,0.0,0.0,0.0,-2.0,4,-0.029290499980561435,0.04010034998646006,0.1464587700436823,0.15657840005587786,-0.3539410999510437,4,0.0,0.0,0.0,0.0,0.0,4,-8.198694558814168e-07,-9.155819498118944e-07,-4.4878270273329705e-07,-3.8861253415234387e-07,-1.0597013897495344e-06,4,1.0401078296748552,0.1047710523992146,3.4574125326721075,4.039683013453922,-0.08879379955293062
stress,4,baseline,active,4,4,0.0,4,-1402.7165424999998,-1255.1329649999998,-992.3766925499998,-948.4914239999998,-2152.108816,4,-111.20352700000001,-125.51329650000002,-69.004505115,-59.28071399999999,-134.506801,4,-7763.582682462995,-7096.378239227866,-6464.920587788038,-6426.03021195098,-10435.544039445267,4,-1552.716536492599,-1419.275647845573,-1292.9841175576082,-1285.2060423901967,-2087.1088078890534,4,-18.75,-10.0,8.499999999999996,10.0,-65.0,4,0.0,0.0,0.0,0.0,0.0,4,168.75,51.0,501.4499999999998,573.0,0.0,4,0.0,0.0,0.0,0.0,0.0,4,-3.75,-2.0,1.6999999999999993,2.0,-13.0,4,0.0,0.0,0.0,0.0,0.0,4,56.25,17.0,167.14999999999995,191.0,0.0,4,0.0,0.0,0.0,0.0,0.0,4,2.25,2.5,3.8499999999999996,4.0,0.0,4,1.5686007249751128,1.5413779499940574,2.3132832649513144,2.369076499948278,0.8225704999640584,4,0.0,0.0,0.0,0.0,0.0,4,-6.007401225360809e-06,-5.879132913833018e-06,-4.308602728997358e-06,-4.160392563790083e-06,-8.110946509987116e-06,4,10.646807079393781,9.091632933256175,16.96199948837228,18.267832676358207,6.136129774704571,4,-1402.7165424999998,-1255.1329649999998,-992.3766925499998,-948.4914239999998,-2152.108816,4,-111.20352700000001,-125.51329650000002,-69.004505115,-59.28071399999999,-134.506801,4,-7763.582682462995,-7096.378239227866,-6464.920587788038,-6426.03021195098,-10435.544039445267,4,-1552.716536492599,-1419.275647845573,-1292.9841175576082,-1285.2060423901967,-2087.1088078890534,4,-18.75,-10.0,8.499999999999996,10.0,-65.0,4,0.0,0.0,0.0,0.0,0.0,4,168.75,51.0,501.4499999999998,573.0,0.0,4,0.0,0.0,0.0,0.0,0.0,4,-3.75,-2.0,1.6999999999999993,2.0,-13.0,4,0.0,0.0,0.0,0.0,0.0,4,56.25,17.0,167.14999999999995,191.0,0.0,4,0.0,0.0,0.0,0.0,0.0,4,2.25,2.5,3.8499999999999996,4.0,0.0,4,1.5686007249751128,1.5413779499940574,2.3132832649513144,2.369076499948278,0.8225704999640584,4,0.0,0.0,0.0,0.0,0.0,4,-6.007401225360809e-06,-5.879132913833018e-06,-4.308602728997358e-06,-4.160392563790083e-06,-8.110946509987116e-06,4,10.646807079393781,9.091632933256175,16.96199948837228,18.267832676358207,6.136129774704571
stress,4,baseline,joint_triangular,4,4,0.0,4,-2858.74231975,-2958.9539704999997,-2201.6267174000004,-2110.4757200000004,-3406.585618000001,4,-236.09078236562502,-235.89991758124995,-142.11676235937503,-131.90473250000002,-340.65856180000014,4,-10767.461556172631,-10255.153296200358,-8009.740165217291,-7915.745155966666,-14643.794476323143,4,-2153.492311234527,-2051.030659240072,-1601.948033043458,-1583.149031193333,-2928.7588952646292,4,-716.25,-732.5,-371.50000000000006,-355.0,-1045.0,4,-122.5,-124.0,-50.900000000000006,-47.0,-195.0,4,133.5,133.5,251.24999999999994,267.0,0.0,4,0.0,0.0,0.0,0.0,0.0,4,-143.25,-146.5,-74.30000000000001,-71.0,-209.0,4,-122.5,-124.0,-50.900000000000006,-47.0,-195.0,4,44.5,44.5,83.74999999999999,89.0,0.0,4,0.0,0.0,0.0,0.0,0.0,4,3.75,3.5,6.549999999999999,7.0,1.0,4,1.2129516249406151,1.045320949924644,1.9229854849632826,2.064042799989693,0.6971217999234796,4,0.0,0.0,0.0,0.0,0.0,4,-8.515473837178433e-06,-9.72469752014149e-06,-5.542770577449121e-06,-4.806666765944101e-06,-9.805833542486653e-06,4,20.674236136076427,20.821764045610777,22.80960446662798,23.138979676539382,17.914436776544772,4,-2858.74231975,-2958.9539704999997,-2201.6267174000004,-2110.4757200000004,-3406.585618000001,4,-236.09078236562502,-235.89991758124995,-142.11676235937503,-131.90473250000002,-340.65856180000014,4,-10767.461556172631,-10255.153296200358,-8009.740165217291,-7915.745155966666,-14643.794476323143,4,-2153.492311234527,-2051.030659240072,-1601.948033043458,-1583.149031193333,-2928.7588952646292,4,-716.25,-732.5,-371.50000000000006,-355.0,-1045.0,4,-122.5,-124.0,-50.900000000000006,-47.0,-195.0,4,133.5,133.5,251.24999999999994,267.0,0.0,4,0.0,0.0,0.0,0.0,0.0,4,-143.25,-146.5,-74.30000000000001,-71.0,-209.0,4,-122.5,-124.0,-50.900000000000006,-47.0,-195.0,4,44.5,44.5,83.74999999999999,89.0,0.0,4,0.0,0.0,0.0,0.0,0.0,4,3.75,3.5,6.549999999999999,7.0,1.0,4,1.2129516249406151,1.045320949924644,1.9229854849632826,2.064042799989693,0.6971217999234796,4,0.0,0.0,0.0,0.0,0.0,4,-8.515473837178433e-06,-9.72469752014149e-06,-5.542770577449121e-06,-4.806666765944101e-06,-9.805833542486653e-06,4,20.674236136076427,20.821764045610777,22.80960446662798,23.138979676539382,17.914436776544772
stress,4,joint_square,joint_triangular,4,4,0.0,4,-411.68170375000045,-654.1842424999995,356.94236299999875,505.6936969999988,-844.0520270000015,4,-41.352968818749986,-56.306264318749925,22.308897687499922,31.605856062499925,-84.40520270000002,4,1544.0914911418877,1043.903383640285,3356.6592024276542,3713.4684966943823,375.0907005925983,4,308.8182982283772,208.7806767280572,671.3318404855307,742.6936993388763,75.0181401185182,4,-621.25,-635.0,-223.00000000000006,-205.0,-1010.0,4,-117.25,-120.0,-35.60000000000001,-32.0,-197.0,4,18.0,48.0,146.99999999999997,156.0,-180.0,4,0.0,0.0,0.0,0.0,0.0,4,-124.25,-127.0,-44.60000000000001,-41.0,-202.0,4,-117.25,-120.0,-35.60000000000001,-32.0,-197.0,4,6.0,16.0,48.99999999999999,52.0,-60.0,4,0.0,0.0,0.0,0.0,0.0,4,1.25,1.5,2.0,2.0,0.0,4,-0.12538085001870058,0.09856179996859282,0.40640122003387646,0.4495504000224173,-1.1481974000344053,4,0.0,0.0,0.0,0.0,0.0,4,-1.978378350031562e-06,-2.0725428839796223e-06,-8.233533662860287e-07,-6.499085429823026e-07,-3.1185190891847014e-06,4,3.1679590443582395,5.294382009497876,7.477068282149736,7.600916796076972,-5.517844637639766,4,-411.68170375000045,-654.1842424999995,356.94236299999875,505.6936969999988,-844.0520270000015,4,-41.352968818749986,-56.306264318749925,22.308897687499922,31.605856062499925,-84.40520270000002,4,1544.0914911418877,1043.903383640285,3356.6592024276542,3713.4684966943823,375.0907005925983,4,308.8182982283772,208.7806767280572,671.3318404855307,742.6936993388763,75.0181401185182,4,-621.25,-635.0,-223.00000000000006,-205.0,-1010.0,4,-117.25,-120.0,-35.60000000000001,-32.0,-197.0,4,18.0,48.0,146.99999999999997,156.0,-180.0,4,0.0,0.0,0.0,0.0,0.0,4,-124.25,-127.0,-44.60000000000001,-41.0,-202.0,4,-117.25,-120.0,-35.60000000000001,-32.0,-197.0,4,6.0,16.0,48.99999999999999,52.0,-60.0,4,0.0,0.0,0.0,0.0,0.0,4,1.25,1.5,2.0,2.0,0.0,4,-0.12538085001870058,0.09856179996859282,0.40640122003387646,0.4495504000224173,-1.1481974000344053,4,0.0,0.0,0.0,0.0,0.0,4,-1.978378350031562e-06,-2.0725428839796223e-06,-8.233533662860287e-07,-6.499085429823026e-07,-3.1185190891847014e-06,4,3.1679590443582395,5.294382009497876,7.477068282149736,7.600916796076972,-5.517844637639766
stress,4,nearest_safe,immediate,4,4,0.0,4,1000.6181735,291.2051510000001,3147.6442398499994,3618.2543270000006,-198.19193500000074,4,97.41186287187494,20.10450736249993,312.05962166374985,361.82543269999996,-12.386995937500046,4,5773.090876906215,2798.5257618363103,15507.221196405166,17401.271629086717,94.04035486552311,4,1154.6181753812427,559.7051523672617,3101.4442392810333,3480.2543258173437,18.808070973103895,4,-93.75,-112.5,77.49999999999994,100.0,-250.0,4,-32.5,-26.0,-10.0,-10.0,-68.0,4,-27.75,-1.5,40.79999999999998,48.0,-156.0,4,0.0,0.0,0.0,0.0,0.0,4,-18.75,-22.5,15.49999999999999,20.0,-50.0,4,-32.5,-26.0,-10.0,-10.0,-68.0,4,-9.25,-0.5,13.599999999999994,16.0,-52.0,4,0.0,0.0,0.0,0.0,0.0,4,2.5,2.5,5.85,6.0,-1.0,4,-0.4247946750256233,-0.07464825001079589,-0.04327922503580339,-0.04279660002794117,-1.5070856000529602,4,0.0,0.0,0.0,0.0,0.0,4,-1.8812434063875116e-06,-1.3672624845639803e-06,1.0313708116882478e-06,1.1826559784822166e-06,-5.973104634904303e-06,4,-8.534808854926702,-2.035989164521281,1.6346181377783282,2.0565075364768552,-32.1237646271411,4,1000.6181735,291.2051510000001,3147.6442398499994,3618.2543270000006,-198.19193500000074,4,97.41186287187494,20.10450736249993,312.05962166374985,361.82543269999996,-12.386995937500046,4,5773.090876906215,2798.5257618363103,15507.221196405166,17401.271629086717,94.04035486552311,4,1154.6181753812427,559.7051523672617,3101.4442392810333,3480.2543258173437,18.808070973103895,4,-93.75,-112.5,77.49999999999994,100.0,-250.0,4,-32.5,-26.0,-10.0,-10.0,-68.0,4,-27.75,-1.5,40.79999999999998,48.0,-156.0,4,0.0,0.0,0.0,0.0,0.0,4,-18.75,-22.5,15.49999999999999,20.0,-50.0,4,-32.5,-26.0,-10.0,-10.0,-68.0,4,-9.25,-0.5,13.599999999999994,16.0,-52.0,4,0.0,0.0,0.0,0.0,0.0,4,2.5,2.5,5.85,6.0,-1.0,4,-0.4247946750256233,-0.07464825001079589,-0.04327922503580339,-0.04279660002794117,-1.5070856000529602,4,0.0,0.0,0.0,0.0,0.0,4,-1.8812434063875116e-06,-1.3672624845639803e-06,1.0313708116882478e-06,1.1826559784822166e-06,-5.973104634904303e-06,4,-8.534808854926702,-2.035989164521281,1.6346181377783282,2.0565075364768552,-32.1237646271411
stress,4,nearest_safe,joint_square,4,4,0.0,4,-920.7567502499996,-883.181799,-205.93399624999893,-158.87346499999876,-1757.789938,4,-71.16567241875,-69.70000868749997,-17.93496646249993,-15.887346499999921,-129.37532580000016,4,-4088.7837527008724,-4025.9089979428572,-984.4199841810976,-829.3673269612264,-7473.949687956549,4,-817.7567505401746,-805.1817995885717,-196.88399683621986,-165.87346539224563,-1494.7899375913094,4,-66.25,-75.0,-5.500000000000028,5.0,-120.0,4,-5.25,-6.5,7.9499999999999975,9.0,-17.0,4,-31.5,0.0,0.0,0.0,-126.0,4,0.0,0.0,0.0,0.0,0.0,4,-13.25,-15.0,-1.100000000000005,1.0,-24.0,4,-5.25,-6.5,7.9499999999999975,9.0,-17.0,4,-10.5,0.0,0.0,0.0,-42.0,4,0.0,0.0,0.0,0.0,0.0,4,0.75,0.5,1.8499999999999996,2.0,0.0,4,-0.20097775003523566,-0.22072250006021932,0.16124018001137297,0.1767416000366211,-0.5392076000571251,4,0.0,0.0,0.0,0.0,0.0,4,2.9017519409535453e-07,-8.220922609325498e-09,1.4914340681571042e-06,1.6854082787176594e-06,-5.082656571175903e-07,4,7.016978228258108,7.267979380004885,11.748019260676656,12.12143589368575,1.4105182593369145,4,-920.7567502499996,-883.181799,-205.93399624999893,-158.87346499999876,-1757.789938,4,-71.16567241875,-69.70000868749997,-17.93496646249993,-15.887346499999921,-129.37532580000016,4,-4088.7837527008724,-4025.9089979428572,-984.4199841810976,-829.3673269612264,-7473.949687956549,4,-817.7567505401746,-805.1817995885717,-196.88399683621986,-165.87346539224563,-1494.7899375913094,4,-66.25,-75.0,-5.500000000000028,5.0,-120.0,4,-5.25,-6.5,7.9499999999999975,9.0,-17.0,4,-31.5,0.0,0.0,0.0,-126.0,4,0.0,0.0,0.0,0.0,0.0,4,-13.25,-15.0,-1.100000000000005,1.0,-24.0,4,-5.25,-6.5,7.9499999999999975,9.0,-17.0,4,-10.5,0.0,0.0,0.0,-42.0,4,0.0,0.0,0.0,0.0,0.0,4,0.75,0.5,1.8499999999999996,2.0,0.0,4,-0.20097775003523566,-0.22072250006021932,0.16124018001137297,0.1767416000366211,-0.5392076000571251,4,0.0,0.0,0.0,0.0,0.0,4,2.9017519409535453e-07,-8.220922609325498e-09,1.4914340681571042e-06,1.6854082787176594e-06,-5.082656571175903e-07,4,7.016978228258108,7.267979380004885,11.748019260676656,12.12143589368575,1.4105182593369145
test,3,active,nearest_safe,8,8,0.0,8,-15.045464250000236,-10.573967000000266,-0.9455614500002876,-0.27084300000024086,-49.49007200000051,8,-1.1157579703125151,-0.8770412000000363,-0.0656993887499795,-0.027084299999955874,-3.093129500000032,8,-75.2273211741217,-52.869840574910995,-4.727802588293349,-1.3542066990303283,-247.45037139553824,8,-15.045464234824351,-10.573968114982108,-0.9455605176584878,-0.27084133980588376,-49.49007427910783,8,0.0,0.0,0.0,0.0,0.0,8,0.0,0.0,0.0,0.0,0.0,8,0.0,0.0,0.0,0.0,0.0,8,0.0,0.0,0.0,0.0,0.0,8,0.0,0.0,0.0,0.0,0.0,8,0.0,0.0,0.0,0.0,0.0,8,0.0,0.0,0.0,0.0,0.0,8,0.0,0.0,0.0,0.0,0.0,8,0.0,0.0,0.0,0.0,0.0,8,0.04451455001253635,0.00604650005698204,0.28150321497232633,0.39018769992981106,-0.1100641000084579,8,0.0,0.0,0.0,0.0,0.0,8,-1.5175942280620802e-08,3.3318383430014364e-07,1.9282022094557756e-06,2.2791073206462897e-06,-2.6347606763010845e-06,8,0.262876539531341,0.19043030749700401,0.6596934280866247,0.8037899406185203,0.004747218127736276,8,-15.045464250000236,-10.573967000000266,-0.9455614500002876,-0.27084300000024086,-49.49007200000051,8,-1.1157579703125151,-0.8770412000000363,-0.0656993887499795,-0.027084299999955874,-3.093129500000032,8,-75.2273211741217,-52.869840574910995,-4.727802588293349,-1.3542066990303283,-247.45037139553824,8,-15.045464234824351,-10.573968114982108,-0.9455605176584878,-0.27084133980588376,-49.49007427910783,8,0.0,0.0,0.0,0.0,0.0,8,0.0,0.0,0.0,0.0,0.0,8,0.0,0.0,0.0,0.0,0.0,8,0.0,0.0,0.0,0.0,0.0,8,0.0,0.0,0.0,0.0,0.0,8,0.0,0.0,0.0,0.0,0.0,8,0.0,0.0,0.0,0.0,0.0,8,0.0,0.0,0.0,0.0,0.0,8,0.0,0.0,0.0,0.0,0.0,8,0.04451455001253635,0.00604650005698204,0.28150321497232633,0.39018769992981106,-0.1100641000084579,8,0.0,0.0,0.0,0.0,0.0,8,-1.5175942280620802e-08,3.3318383430014364e-07,1.9282022094557756e-06,2.2791073206462897e-06,-2.6347606763010845e-06,8,0.262876539531341,0.19043030749700401,0.6596934280866247,0.8037899406185203,0.004747218127736276
test,3,baseline,active,8,8,0.0,8,-1075.683630375,-873.6759334999997,-597.7071780500002,-546.0325750000002,-1932.1043719999998,8,-80.20669638749996,-76.43033089999989,-56.90040619999999,-54.603257499999984,-120.75652324999999,8,-5515.293139150663,-4543.37965628422,-3174.2858861048985,-2830.1628707487107,-9385.5218323025,8,-1103.0586278301328,-908.6759312568443,-634.85717722098,-566.0325741497422,-1877.1043664605004,8,7.5,15.0,30.0,30.0,-55.0,8,0.0,0.0,0.0,0.0,0.0,8,19.875,15.0,60.44999999999998,72.0,0.0,8,0.0,0.0,0.0,0.0,0.0,8,1.5,3.0,6.0,6.0,-11.0,8,0.0,0.0,0.0,0.0,0.0,8,6.625,5.0,20.149999999999995,24.0,0.0,8,0.0,0.0,0.0,0.0,0.0,8,2.375,3.0,4.6499999999999995,5.0,-2.0,8,1.244529799965676,1.224965000001248,1.932598924922058,2.1042236998910084,0.5948019998613745,8,0.0,0.0,0.0,0.0,0.0,8,-2.544867470533063e-06,-2.2595736481889617e-06,8.993963092507316e-07,1.8088448996422812e-06,-6.295155799307395e-06,8,15.40677832704483,14.16534055603984,22.28897328882694,23.885002947711254,10.32757458570618,8,-1075.683630375,-873.6759334999997,-597.7071780500002,-546.0325750000002,-1932.1043719999998,8,-80.20669638749996,-76.43033089999989,-56.90040619999999,-54.603257499999984,-120.75652324999999,8,-5515.293139150663,-4543.37965628422,-3174.2858861048985,-2830.1628707487107,-9385.5218323025,8,-1103.0586278301328,-908.6759312568443,-634.85717722098,-566.0325741497422,-1877.1043664605004,8,7.5,15.0,30.0,30.0,-55.0,8,0.0,0.0,0.0,0.0,0.0,8,19.875,15.0,60.44999999999998,72.0,0.0,8,0.0,0.0,0.0,0.0,0.0,8,1.5,3.0,6.0,6.0,-11.0,8,0.0,0.0,0.0,0.0,0.0,8,6.625,5.0,20.149999999999995,24.0,0.0,8,0.0,0.0,0.0,0.0,0.0,8,2.375,3.0,4.6499999999999995,5.0,-2.0,8,1.244529799965676,1.224965000001248,1.932598924922058,2.1042236998910084,0.5948019998613745,8,0.0,0.0,0.0,0.0,0.0,8,-2.544867470533063e-06,-2.2595736481889617e-06,8.993963092507316e-07,1.8088448996422812e-06,-6.295155799307395e-06,8,15.40677832704483,14.16534055603984,22.28897328882694,23.885002947711254,10.32757458570618
test,3,baseline,joint_triangular,8,8,0.0,8,-1635.750687375,-1648.9559095000002,-815.6313984500005,-800.1065510000008,-2251.1087150000003,8,-131.368989871875,-137.120159875,-62.060542664375035,-50.00665943750005,-214.37510029999999,8,-8476.878429200759,-8677.279537522269,-4398.406986323187,-4385.53275050005,-11420.543563377905,8,-1695.3756858401518,-1735.4559075044538,-879.6813972646377,-877.1065501000103,-2284.108712675581,8,29.375,35.0,63.25,65.0,-10.0,8,4.375,4.5,5.6499999999999995,6.0,3.0,8,25.875,18.0,58.949999999999996,60.0,0.0,8,0.0,0.0,0.0,0.0,0.0,8,5.875,7.0,12.649999999999999,13.0,-2.0,8,4.375,4.5,5.6499999999999995,6.0,3.0,8,8.625,6.0,19.65,20.0,0.0,8,0.0,0.0,0.0,0.0,0.0,8,3.125,3.0,5.6499999999999995,6.0,0.0,8,1.2736689374723937,1.1826258499640971,1.7518481749575585,1.7528370999498293,0.7090982999652624,8,0.0,0.0,0.0,0.0,0.0,8,-1.5348485931099276e-06,-1.3076655704935547e-06,7.397217814286696e-07,1.3686321835848503e-06,-4.227843419357669e-06,8,24.128558417523912,27.004211267846987,31.71013127900456,33.501482520506805,12.24456872627726,8,-1635.750687375,-1648.9559095000002,-815.6313984500005,-800.1065510000008,-2251.1087150000003,8,-131.368989871875,-137.120159875,-62.060542664375035,-50.00665943750005,-214.37510029999999,8,-8476.878429200759,-8677.279537522269,-4398.406986323187,-4385.53275050005,-11420.543563377905,8,-1695.3756858401518,-1735.4559075044538,-879.6813972646377,-877.1065501000103,-2284.108712675581,8,29.375,35.0,63.25,65.0,-10.0,8,4.375,4.5,5.6499999999999995,6.0,3.0,8,25.875,18.0,58.949999999999996,60.0,0.0,8,0.0,0.0,0.0,0.0,0.0,8,5.875,7.0,12.649999999999999,13.0,-2.0,8,4.375,4.5,5.6499999999999995,6.0,3.0,8,8.625,6.0,19.65,20.0,0.0,8,0.0,0.0,0.0,0.0,0.0,8,3.125,3.0,5.6499999999999995,6.0,0.0,8,1.2736689374723937,1.1826258499640971,1.7518481749575585,1.7528370999498293,0.7090982999652624,8,0.0,0.0,0.0,0.0,0.0,8,-1.5348485931099276e-06,-1.3076655704935547e-06,7.397217814286696e-07,1.3686321835848503e-06,-4.227843419357669e-06,8,24.128558417523912,27.004211267846987,31.71013127900456,33.501482520506805,12.24456872627726
test,3,joint_square,joint_triangular,8,8,0.0,8,0.0,0.0,0.0,0.0,0.0,8,0.0,0.0,0.0,0.0,0.0,8,0.0,0.0,0.0,0.0,0.0,8,0.0,0.0,0.0,0.0,0.0,8,0.0,0.0,0.0,0.0,0.0,8,0.0,0.0,0.0,0.0,0.0,8,0.0,0.0,0.0,0.0,0.0,8,0.0,0.0,0.0,0.0,0.0,8,0.0,0.0,0.0,0.0,0.0,8,0.0,0.0,0.0,0.0,0.0,8,0.0,0.0,0.0,0.0,0.0,8,0.0,0.0,0.0,0.0,0.0,8,0.0,0.0,0.0,0.0,0.0,8,-0.09973178754444234,-0.02578910003649071,0.10210556495003396,0.13743389991577715,-0.7081815000856295,8,0.0,0.0,0.0,0.0,0.0,8,0.0,0.0,0.0,0.0,0.0,8,0.0,0.0,0.0,0.0,0.0,8,0.0,0.0,0.0,0.0,0.0,8,0.0,0.0,0.0,0.0,0.0,8,0.0,0.0,0.0,0.0,0.0,8,0.0,0.0,0.0,0.0,0.0,8,0.0,0.0,0.0,0.0,0.0,8,0.0,0.0,0.0,0.0,0.0,8,0.0,0.0,0.0,0.0,0.0,8,0.0,0.0,0.0,0.0,0.0,8,0.0,0.0,0.0,0.0,0.0,8,0.0,0.0,0.0,0.0,0.0,8,0.0,0.0,0.0,0.0,0.0,8,0.0,0.0,0.0,0.0,0.0,8,0.0,0.0,0.0,0.0,0.0,8,-0.09973178754444234,-0.02578910003649071,0.10210556495003396,0.13743389991577715,-0.7081815000856295,8,0.0,0.0,0.0,0.0,0.0,8,0.0,0.0,0.0,0.0,0.0,8,0.0,0.0,0.0,0.0,0.0
test,3,nearest_safe,immediate,8,8,0.0,8,1564.4895689999998,1624.7064250000003,2729.8086365999998,2776.9672599999994,-175.09964200000013,8,114.67761365625,122.75002235624996,170.61303978749999,173.56045374999997,-17.509964200000013,8,7608.697859072508,8213.5321362781,13006.2931910081,13159.836302753716,-760.4981867007846,8,1521.7395718145017,1642.70642725562,2601.2586382016207,2631.967260550744,-152.09963734015673,8,29.375,40.0,81.5,85.0,-55.0,8,-16.625,-14.5,-10.0,-10.0,-32.0,8,30.0,24.0,76.8,81.0,-18.0,8,0.0,0.0,0.0,0.0,0.0,8,5.875,8.0,16.299999999999997,17.0,-11.0,8,-16.625,-14.5,-10.0,-10.0,-32.0,8,10.0,8.0,25.599999999999998,27.0,-6.0,8,0.0,0.0,0.0,0.0,0.0,8,2.75,2.5,7.299999999999999,8.0,-2.0,8,0.10900007499731146,0.20588575000874698,0.8096058149763845,1.0461607000324875,-0.9787709999363869,8,0.0,0.0,0.0,0.0,0.0,8,-2.814501840475714e-06,-3.947873665310908e-06,9.139227131527145e-07,1.261270881514065e-06,-6.159712029329967e-06,8,-26.959599786968898,-27.8436101236341,-4.029191573602191,3.2767062511512295,-43.26131807020367,8,1564.4895689999998,1624.7064250000003,2729.8086365999998,2776.9672599999994,-175.09964200000013,8,114.67761365625,122.75002235624996,170.61303978749999,173.56045374999997,-17.509964200000013,8,7608.697859072508,8213.5321362781,13006.2931910081,13159.836302753716,-760.4981867007846,8,1521.7395718145017,1642.70642725562,2601.2586382016207,2631.967260550744,-152.09963734015673,8,29.375,40.0,81.5,85.0,-55.0,8,-16.625,-14.5,-10.0,-10.0,-32.0,8,30.0,24.0,76.8,81.0,-18.0,8,0.0,0.0,0.0,0.0,0.0,8,5.875,8.0,16.299999999999997,17.0,-11.0,8,-16.625,-14.5,-10.0,-10.0,-32.0,8,10.0,8.0,25.599999999999998,27.0,-6.0,8,0.0,0.0,0.0,0.0,0.0,8,2.75,2.5,7.299999999999999,8.0,-2.0,8,0.10900007499731146,0.20588575000874698,0.8096058149763845,1.0461607000324875,-0.9787709999363869,8,0.0,0.0,0.0,0.0,0.0,8,-2.814501840475714e-06,-3.947873665310908e-06,9.139227131527145e-07,1.261270881514065e-06,-6.159712029329967e-06,8,-26.959599786968898,-27.8436101236341,-4.029191573602191,3.2767062511512295,-43.26131807020367
test,3,nearest_safe,joint_square,8,8,0.0,8,-545.0215927500001,-469.58659949999947,47.56660064999903,200.19197599999916,-1449.8058620000002,8,-50.046535514062505,-34.858717781249965,2.9729125406249395,12.511998499999947,-144.98058620000006,8,-2886.357968875974,-2527.1113151484114,-10.667018371436825,825.9598480147106,-7209.029319805199,8,-577.2715937751948,-505.4222630296822,-2.1334036742867397,165.19196960294266,-1441.80586396104,8,21.875,22.5,60.0,60.0,-20.0,8,4.375,4.5,5.6499999999999995,6.0,3.0,8,6.0,3.0,33.74999999999999,39.0,-18.0,8,0.0,0.0,0.0,0.0,0.0,8,4.375,4.5,12.0,12.0,-4.0,8,4.375,4.5,5.6499999999999995,6.0,3.0,8,2.0,1.0,11.249999999999996,13.0,-6.0,8,0.0,0.0,0.0,0.0,0.0,8,0.75,1.0,2.9499999999999984,4.0,-2.0,8,0.08435637503862381,0.004012899997178465,0.7643273000430777,1.0293914000503719,-0.6491410998860374,8,0.0,0.0,0.0,0.0,0.0,8,1.0251948197037564e-06,7.054145498841535e-07,5.9512738971534415e-06,6.3970564951887354e-06,-3.4019276426988654e-06,8,9.86821395150959,8.29381952141602,22.521652220779618,25.412772029175958,-3.6174387060546964,8,-545.0215927500001,-469.58659949999947,47.56660064999903,200.19197599999916,-1449.8058620000002,8,-50.046535514062505,-34.858717781249965,2.9729125406249395,12.511998499999947,-144.98058620000006,8,-2886.357968875974,-2527.1113151484114,-10.667018371436825,825.9598480147106,-7209.029319805199,8,-577.2715937751948,-505.4222630296822,-2.1334036742867397,165.19196960294266,-1441.80586396104,8,21.875,22.5,60.0,60.0,-20.0,8,4.375,4.5,5.6499999999999995,6.0,3.0,8,6.0,3.0,33.74999999999999,39.0,-18.0,8,0.0,0.0,0.0,0.0,0.0,8,4.375,4.5,12.0,12.0,-4.0,8,4.375,4.5,5.6499999999999995,6.0,3.0,8,2.0,1.0,11.249999999999996,13.0,-6.0,8,0.0,0.0,0.0,0.0,0.0,8,0.75,1.0,2.9499999999999984,4.0,-2.0,8,0.08435637503862381,0.004012899997178465,0.7643273000430777,1.0293914000503719,-0.6491410998860374,8,0.0,0.0,0.0,0.0,0.0,8,1.0251948197037564e-06,7.054145498841535e-07,5.9512738971534415e-06,6.3970564951887354e-06,-3.4019276426988654e-06,8,9.86821395150959,8.29381952141602,22.521652220779618,25.412772029175958,-3.6174387060546964
test,4,active,nearest_safe,8,8,0.0,8,-10.386478624999654,-8.132457499998964,-4.163547499999459,-3.952871999999843,-23.04142200000024,8,-0.8330487734374685,-0.6122068562499408,-0.3079531874999305,-0.28467512499992154,-1.8363833999999315,8,-51.93239654041918,-40.662291645461664,-20.817743104599142,-19.76436558298883,-115.20711012819811,8,-10.386479308084063,-8.132458329092515,-4.163548620920392,-3.9528731165992212,-23.041422025640713,8,0.0,0.0,0.0,0.0,0.0,8,0.0,0.0,0.0,0.0,0.0,8,0.0,0.0,0.0,0.0,0.0,8,0.0,0.0,0.0,0.0,0.0,8,0.0,0.0,0.0,0.0,0.0,8,0.0,0.0,0.0,0.0,0.0,8,0.0,0.0,0.0,0.0,0.0,8,0.0,0.0,0.0,0.0,0.0,8,0.0,0.0,0.0,0.0,0.0,8,-0.06915615002799314,-0.0449732500128448,0.24546416501398186,0.33444960007909685,-0.5844865000108257,8,0.0,0.0,0.0,0.0,0.0,8,6.830844085925492e-07,8.675178833073005e-07,1.8351372091274236e-06,2.2153926693135872e-06,-5.572055670199916e-07,8,0.07435065485735147,0.059317258038542944,0.14376387175560626,0.1507233365356224,0.033380280878854786,8,-10.386478624999654,-8.132457499998964,-4.163547499999459,-3.952871999999843,-23.04142200000024,8,-0.8330487734374685,-0.6122068562499408,-0.3079531874999305,-0.28467512499992154,-1.8363833999999315,8,-51.93239654041918,-40.662291645461664,-20.817743104599142,-19.76436558298883,-115.20711012819811,8,-10.386479308084063,-8.132458329092515,-4.163548620920392,-3.9528731165992212,-23.041422025640713,8,0.0,0.0,0.0,0.0,0.0,8,0.0,0.0,0.0,0.0,0.0,8,0.0,0.0,0.0,0.0,0.0,8,0.0,0.0,0.0,0.0,0.0,8,0.0,0.0,0.0,0.0,0.0,8,0.0,0.0,0.0,0.0,0.0,8,0.0,0.0,0.0,0.0,0.0,8,0.0,0.0,0.0,0.0,0.0,8,0.0,0.0,0.0,0.0,0.0,8,-0.06915615002799314,-0.0449732500128448,0.24546416501398186,0.33444960007909685,-0.5844865000108257,8,0.0,0.0,0.0,0.0,0.0,8,6.830844085925492e-07,8.675178833073005e-07,1.8351372091274236e-06,2.2153926693135872e-06,-5.572055670199916e-07,8,0.07435065485735147,0.059317258038542944,0.14376387175560626,0.1507233365356224,0.033380280878854786
test,4,baseline,active,8,8,0.0,8,-362.42026550000014,-240.7961519999999,728.1800044499995,926.0107819999994,-2000.8884269999999,8,-27.589830115625006,-24.079615200000035,45.51125027812497,57.87567387499996,-125.05552668749999,8,-3564.60130123805,-2617.9179346377678,365.1029745514202,1205.0539366136436,-10604.442083578906,8,-712.9202602476103,-523.5835869275534,73.02059491028342,241.010787322728,-2120.888416715781,8,19.375,17.5,43.25,45.0,-5.0,8,0.0,0.0,0.0,0.0,0.0,8,331.125,283.5,754.1999999999999,813.0,0.0,8,0.0,0.0,0.0,0.0,0.0,8,3.875,3.5,8.649999999999999,9.0,-1.0,8,0.0,0.0,0.0,0.0,0.0,8,110.375,94.5,251.39999999999998,271.0,0.0,8,0.0,0.0,0.0,0.0,0.0,8,4.125,4.5,5.6499999999999995,6.0,2.0,8,2.1765196625201497,2.1622869999846444,3.0360400599893183,3.0957298999419436,1.19623320014216,8,0.0,0.0,0.0,0.0,0.0,8,-5.2523903377732495e-06,-3.8499583752127364e-06,-1.6210276044148488e-06,-1.5659061318729073e-06,-1.3421495168586262e-05,8,2.6057668486290204,1.8196648190303653,11.81509185387428,13.982501596992574,-6.778808885405405,8,-362.42026550000014,-240.7961519999999,728.1800044499995,926.0107819999994,-2000.8884269999999,8,-27.589830115625006,-24.079615200000035,45.51125027812497,57.87567387499996,-125.05552668749999,8,-3564.60130123805,-2617.9179346377678,365.1029745514202,1205.0539366136436,-10604.442083578906,8,-712.9202602476103,-523.5835869275534,73.02059491028342,241.010787322728,-2120.888416715781,8,19.375,17.5,43.25,45.0,-5.0,8,0.0,0.0,0.0,0.0,0.0,8,331.125,283.5,754.1999999999999,813.0,0.0,8,0.0,0.0,0.0,0.0,0.0,8,3.875,3.5,8.649999999999999,9.0,-1.0,8,0.0,0.0,0.0,0.0,0.0,8,110.375,94.5,251.39999999999998,271.0,0.0,8,0.0,0.0,0.0,0.0,0.0,8,4.125,4.5,5.6499999999999995,6.0,2.0,8,2.1765196625201497,2.1622869999846444,3.0360400599893183,3.0957298999419436,1.19623320014216,8,0.0,0.0,0.0,0.0,0.0,8,-5.2523903377732495e-06,-3.8499583752127364e-06,-1.6210276044148488e-06,-1.5659061318729073e-06,-1.3421495168586262e-05,8,2.6057668486290204,1.8196648190303653,11.81509185387428,13.982501596992574,-6.778808885405405
test,4,baseline,joint_triangular,8,8,0.0,8,-2476.8451273749997,-2021.8708365000002,-1595.1238672000004,-1504.7088810000005,-4680.453799999999,8,-195.95200825468748,-178.55721629999994,-106.48572975312504,-94.04430506250003,-323.7067121,8,-9638.600606271051,-7750.421463909068,-5262.662925768351,-5040.5345569580895,-21132.268961737776,8,-1927.7201212542109,-1550.084292781814,-1052.5325851536707,-1008.1069113916183,-4226.453792347555,8,-649.375,-650.0,-391.50000000000006,-360.0,-895.0,8,-113.5,-115.5,-64.15,-61.0,-163.0,8,213.75,184.5,421.4999999999999,495.0,93.0,8,0.0,0.0,0.0,0.0,0.0,8,-129.875,-130.0,-78.30000000000001,-72.0,-179.0,8,-113.5,-115.5,-64.15,-61.0,-163.0,8,71.25,61.5,140.49999999999997,165.0,31.0,8,0.0,0.0,0.0,0.0,0.0,8,4.375,4.0,6.6499999999999995,7.0,2.0,8,1.4949147250154056,1.3410069500096142,2.3302781899576077,2.334386699949391,0.8801346000982448,8,0.0,0.0,0.0,0.0,0.0,8,-6.120789521446568e-06,-6.200622920005117e-06,-1.998321477003629e-06,-1.6083813534351066e-06,-1.2526641512522474e-05,8,17.78868712720241,14.920970797535563,28.99751556889382,32.21714327438324,10.080822665748535,8,-2476.8451273749997,-2021.8708365000002,-1595.1238672000004,-1504.7088810000005,-4680.453799999999,8,-195.95200825468748,-178.55721629999994,-106.48572975312504,-94.04430506250003,-323.7067121,8,-9638.600606271051,-7750.421463909068,-5262.662925768351,-5040.5345569580895,-21132.268961737776,8,-1927.7201212542109,-1550.084292781814,-1052.5325851536707,-1008.1069113916183,-4226.453792347555,8,-649.375,-650.0,-391.50000000000006,-360.0,-895.0,8,-113.5,-115.5,-64.15,-61.0,-163.0,8,213.75,184.5,421.4999999999999,495.0,93.0,8,0.0,0.0,0.0,0.0,0.0,8,-129.875,-130.0,-78.30000000000001,-72.0,-179.0,8,-113.5,-115.5,-64.15,-61.0,-163.0,8,71.25,61.5,140.49999999999997,165.0,31.0,8,0.0,0.0,0.0,0.0,0.0,8,4.375,4.0,6.6499999999999995,7.0,2.0,8,1.4949147250154056,1.3410069500096142,2.3302781899576077,2.334386699949391,0.8801346000982448,8,0.0,0.0,0.0,0.0,0.0,8,-6.120789521446568e-06,-6.200622920005117e-06,-1.998321477003629e-06,-1.6083813534351066e-06,-1.2526641512522474e-05,8,17.78868712720241,14.920970797535563,28.99751556889382,32.21714327438324,10.080822665748535
test,4,joint_square,joint_triangular,8,8,0.0,8,-577.1316373749999,-540.7547839999997,1276.6526877999993,1287.830179999999,-3009.3666240000002,8,-59.81118678906246,-54.07547839999995,79.79079298749996,80.48938624999994,-300.93666239999993,8,692.4668197448336,1711.226080115095,8141.763447250123,8229.150910567507,-8509.087973212343,8,138.4933639489667,342.24521602301866,1628.3526894500246,1645.830182113501,-1701.817594642469,8,-606.25,-602.5,-260.25,-255.0,-960.0,8,-110.125,-109.5,-50.50000000000001,-47.0,-172.0,8,0.75,-7.5,228.75,234.0,-354.0,8,0.0,0.0,0.0,0.0,0.0,8,-121.25,-120.5,-52.050000000000004,-51.0,-192.0,8,-110.125,-109.5,-50.50000000000001,-47.0,-172.0,8,0.25,-2.5,76.25,78.0,-118.0,8,0.0,0.0,0.0,0.0,0.0,8,-0.25,-1.0,3.299999999999999,4.0,-3.0,8,-0.08811033749952912,-0.15101335005601868,0.6825144900823941,0.8898603001143783,-0.7150093999225646,8,0.0,0.0,0.0,0.0,0.0,8,-1.3239662166597554e-06,-1.424808033334557e-06,3.6692863432108365e-07,7.570215529995039e-07,-3.0274932214524597e-06,8,4.1688322881453255,4.519294738170101,20.77883780644795,21.751252054503585,-12.504315121952565,8,-577.1316373749999,-540.7547839999997,1276.6526877999993,1287.830179999999,-3009.3666240000002,8,-59.81118678906246,-54.07547839999995,79.79079298749996,80.48938624999994,-300.93666239999993,8,692.4668197448336,1711.226080115095,8141.763447250123,8229.150910567507,-8509.087973212343,8,138.4933639489667,342.24521602301866,1628.3526894500246,1645.830182113501,-1701.817594642469,8,-606.25,-602.5,-260.25,-255.0,-960.0,8,-110.125,-109.5,-50.50000000000001,-47.0,-172.0,8,0.75,-7.5,228.75,234.0,-354.0,8,0.0,0.0,0.0,0.0,0.0,8,-121.25,-120.5,-52.050000000000004,-51.0,-192.0,8,-110.125,-109.5,-50.50000000000001,-47.0,-172.0,8,0.25,-2.5,76.25,78.0,-118.0,8,0.0,0.0,0.0,0.0,0.0,8,-0.25,-1.0,3.299999999999999,4.0,-3.0,8,-0.08811033749952912,-0.15101335005601868,0.6825144900823941,0.8898603001143783,-0.7150093999225646,8,0.0,0.0,0.0,0.0,0.0,8,-1.3239662166597554e-06,-1.424808033334557e-06,3.6692863432108365e-07,7.570215529995039e-07,-3.0274932214524597e-06,8,4.1688322881453255,4.519294738170101,20.77883780644795,21.751252054503585,-12.504315121952565
test,4,nearest_safe,immediate,8,8,0.0,8,140.09633887499945,916.3592039999994,2304.8171663999997,2614.130456000001,-3543.7428420000015,8,37.71177304218743,87.3749500374999,230.4817166399999,261.41304560000003,-221.4839276250001,8,2517.9817002122754,5211.7960179740185,11008.835835298138,12280.652279512396,-11373.71420052302,8,503.5963400424557,1042.359203594805,2201.767167059629,2456.130455902481,-2274.7428401046036,8,-109.375,-55.0,81.5,85.0,-385.0,8,-36.625,-26.5,-10.0,-10.0,-71.0,8,-217.5,-159.0,163.19999999999993,201.0,-813.0,8,0.0,0.0,0.0,0.0,0.0,8,-21.875,-11.0,16.299999999999997,17.0,-77.0,8,-36.625,-26.5,-10.0,-10.0,-71.0,8,-72.5,-53.0,54.39999999999998,67.0,-271.0,8,0.0,0.0,0.0,0.0,0.0,8,2.25,3.5,6.299999999999999,7.0,-4.0,8,-0.8227310249640141,-0.7760665999958292,-0.25088244493235845,-0.16666379990056157,-1.6259661000221968,8,0.0,0.0,0.0,0.0,0.0,8,-1.1674555935314856e-06,-1.9805802367045544e-06,3.5962908441433684e-06,3.6243873182684183e-06,-6.937923899386078e-06,8,-1.9977784194979704,-6.987312870979814,19.676553381323888,23.21605892371411,-22.082563354191272,8,140.09633887499945,916.3592039999994,2304.8171663999997,2614.130456000001,-3543.7428420000015,8,37.71177304218743,87.3749500374999,230.4817166399999,261.41304560000003,-221.4839276250001,8,2517.9817002122754,5211.7960179740185,11008.835835298138,12280.652279512396,-11373.71420052302,8,503.5963400424557,1042.359203594805,2201.767167059629,2456.130455902481,-2274.7428401046036,8,-109.375,-55.0,81.5,85.0,-385.0,8,-36.625,-26.5,-10.0,-10.0,-71.0,8,-217.5,-159.0,163.19999999999993,201.0,-813.0,8,0.0,0.0,0.0,0.0,0.0,8,-21.875,-11.0,16.299999999999997,17.0,-77.0,8,-36.625,-26.5,-10.0,-10.0,-71.0,8,-72.5,-53.0,54.39999999999998,67.0,-271.0,8,0.0,0.0,0.0,0.0,0.0,8,2.25,3.5,6.299999999999999,7.0,-4.0,8,-0.8227310249640141,-0.7760665999958292,-0.25088244493235845,-0.16666379990056157,-1.6259661000221968,8,0.0,0.0,0.0,0.0,0.0,8,-1.1674555935314856e-06,-1.9805802367045544e-06,3.5962908441433684e-06,3.6243873182684183e-06,-6.937923899386078e-06,8,-1.9977784194979704,-6.987312870979814,19.676553381323888,23.21605892371411,-22.082563354191272
test,4,nearest_safe,joint_square,8,8,0.0,8,-1526.9067458750003,-1109.5930900000012,-102.15176824999942,-59.32266199999867,-4276.654713,8,-107.71794257656255,-75.75454998125008,-10.215176825000032,-5.932266199999958,-267.2909195625,8,-6714.533728237417,-4867.965450816078,-1561.0088420389523,-1306.6133115865523,-17483.27355655554,8,-1342.9067456474831,-973.5930901632155,-312.20176840779055,-261.32266231731046,-3496.6547113111083,8,-62.5,-60.0,52.999999999999986,60.0,-185.0,8,-3.375,-4.0,9.0,9.0,-16.0,8,-118.125,-67.5,173.85,177.0,-579.0,8,0.0,0.0,0.0,0.0,0.0,8,-12.5,-12.0,10.599999999999998,12.0,-37.0,8,-3.375,-4.0,9.0,9.0,-16.0,8,-39.375,-22.5,57.949999999999996,59.0,-193.0,8,0.0,0.0,0.0,0.0,0.0,8,0.5,1.0,3.0,3.0,-3.0,8,-0.5243384499772219,-0.6005490499665029,0.07212627005646918,0.1859504000749439,-1.0945148998871446,8,0.0,0.0,0.0,0.0,0.0,8,-2.2751737560611218e-07,6.707250577164814e-08,5.250323465588733e-06,7.184384230640717e-06,-6.857955668237992e-06,8,10.818551958086099,8.609630861405536,26.175929439211252,29.340908083743688,0.5011212959733963,8,-1526.9067458750003,-1109.5930900000012,-102.15176824999942,-59.32266199999867,-4276.654713,8,-107.71794257656255,-75.75454998125008,-10.215176825000032,-5.932266199999958,-267.2909195625,8,-6714.533728237417,-4867.965450816078,-1561.0088420389523,-1306.6133115865523,-17483.27355655554,8,-1342.9067456474831,-973.5930901632155,-312.20176840779055,-261.32266231731046,-3496.6547113111083,8,-62.5,-60.0,52.999999999999986,60.0,-185.0,8,-3.375,-4.0,9.0,9.0,-16.0,8,-118.125,-67.5,173.85,177.0,-579.0,8,0.0,0.0,0.0,0.0,0.0,8,-12.5,-12.0,10.599999999999998,12.0,-37.0,8,-3.375,-4.0,9.0,9.0,-16.0,8,-39.375,-22.5,57.949999999999996,59.0,-193.0,8,0.0,0.0,0.0,0.0,0.0,8,0.5,1.0,3.0,3.0,-3.0,8,-0.5243384499772219,-0.6005490499665029,0.07212627005646918,0.1859504000749439,-1.0945148998871446,8,0.0,0.0,0.0,0.0,0.0,8,-2.2751737560611218e-07,6.707250577164814e-08,5.250323465588733e-06,7.184384230640717e-06,-6.857955668237992e-06,8,10.818551958086099,8.609630861405536,26.175929439211252,29.340908083743688,0.5011212959733963
tune,3,active,nearest_safe,4,4,0.0,4,-10.330597500000067,-9.488282000000254,-6.249672149999742,-6.187283999999636,-16.158542000000125,4,-0.913148915624987,-0.8250181062499848,-0.39060450937498387,-0.38670524999997724,-1.6158542000000011,4,-51.6529881710394,-47.441417091895346,-31.248356528098157,-30.93641379494875,-80.79270470541815,4,-10.330597634207834,-9.48828341837907,-6.24967130561945,-6.187282758989568,-16.15854094108363,4,0.0,0.0,0.0,0.0,0.0,4,0.0,0.0,0.0,0.0,0.0,4,0.0,0.0,0.0,0.0,0.0,4,0.0,0.0,0.0,0.0,0.0,4,0.0,0.0,0.0,0.0,0.0,4,0.0,0.0,0.0,0.0,0.0,4,0.0,0.0,0.0,0.0,0.0,4,0.0,0.0,0.0,0.0,0.0,4,0.0,0.0,0.0,0.0,0.0,4,2.1450017811730504e-05,0.051132399996276945,0.1131011299905367,0.12027409998700023,-0.2224530999083072,4,0.0,0.0,0.0,0.0,0.0,4,1.342077666777186e-07,1.7213596947840415e-07,1.429012081644032e-06,1.4335691957967356e-06,-1.2410100680426694e-06,4,0.19572668332970292,0.17900414789950764,0.3153277644735085,0.32890262974652407,0.09599580777327232,4,-10.330597500000067,-9.488282000000254,-6.249672149999742,-6.187283999999636,-16.158542000000125,4,-0.913148915624987,-0.8250181062499848,-0.39060450937498387,-0.38670524999997724,-1.6158542000000011,4,-51.6529881710394,-47.441417091895346,-31.248356528098157,-30.93641379494875,-80.79270470541815,4,-10.330597634207834,-9.48828341837907,-6.24967130561945,-6.187282758989568,-16.15854094108363,4,0.0,0.0,0.0,0.0,0.0,4,0.0,0.0,0.0,0.0,0.0,4,0.0,0.0,0.0,0.0,0.0,4,0.0,0.0,0.0,0.0,0.0,4,0.0,0.0,0.0,0.0,0.0,4,0.0,0.0,0.0,0.0,0.0,4,0.0,0.0,0.0,0.0,0.0,4,0.0,0.0,0.0,0.0,0.0,4,0.0,0.0,0.0,0.0,0.0,4,2.1450017811730504e-05,0.051132399996276945,0.1131011299905367,0.12027409998700023,-0.2224530999083072,4,0.0,0.0,0.0,0.0,0.0,4,1.342077666777186e-07,1.7213596947840415e-07,1.429012081644032e-06,1.4335691957967356e-06,-1.2410100680426694e-06,4,0.19572668332970292,0.17900414789950764,0.3153277644735085,0.32890262974652407,0.09599580777327232
tune,3,baseline,active,4,4,0.0,4,-862.1745817499998,-912.6475514999997,-270.3807037,-194.28266799999983,-1429.1205559999999,4,-62.28483861562502,-70.19552645625001,-27.038070370000092,-19.428266800000074,-89.32003474999999,4,-4450.872907465866,-4585.7377544516585,-1511.153520232409,-1146.4133416608129,-7485.602779299334,4,-890.1745814931733,-917.1475508903318,-302.2307040464819,-229.28266833216276,-1497.1205558598667,4,21.25,20.0,47.74999999999999,50.0,-5.0,4,0.0,0.0,0.0,0.0,0.0,4,6.75,4.5,16.65,18.0,0.0,4,0.0,0.0,0.0,0.0,0.0,4,4.25,4.0,9.549999999999999,10.0,-1.0,4,0.0,0.0,0.0,0.0,0.0,4,2.25,1.5,5.549999999999999,6.0,0.0,4,0.0,0.0,0.0,0.0,0.0,4,2.25,0.5,6.9499999999999975,8.0,0.0,4,1.0496790750185028,0.8994414000189863,1.735843165015103,1.857234700000845,0.5425988000351936,4,0.0,0.0,0.0,0.0,0.0,4,-2.568265244917711e-07,9.601490091881715e-08,4.1330363274028056e-07,4.276225809007883e-07,-1.646958480705507e-06,4,12.791210542100412,14.703917067739935,17.96315256029228,18.148739071297758,3.6082689616240167,4,-862.1745817499998,-912.6475514999997,-270.3807037,-194.28266799999983,-1429.1205559999999,4,-62.28483861562502,-70.19552645625001,-27.038070370000092,-19.428266800000074,-89.32003474999999,4,-4450.872907465866,-4585.7377544516585,-1511.153520232409,-1146.4133416608129,-7485.602779299334,4,-890.1745814931733,-917.1475508903318,-302.2307040464819,-229.28266833216276,-1497.1205558598667,4,21.25,20.0,47.74999999999999,50.0,-5.0,4,0.0,0.0,0.0,0.0,0.0,4,6.75,4.5,16.65,18.0,0.0,4,0.0,0.0,0.0,0.0,0.0,4,4.25,4.0,9.549999999999999,10.0,-1.0,4,0.0,0.0,0.0,0.0,0.0,4,2.25,1.5,5.549999999999999,6.0,0.0,4,0.0,0.0,0.0,0.0,0.0,4,2.25,0.5,6.9499999999999975,8.0,0.0,4,1.0496790750185028,0.8994414000189863,1.735843165015103,1.857234700000845,0.5425988000351936,4,0.0,0.0,0.0,0.0,0.0,4,-2.568265244917711e-07,9.601490091881715e-08,4.1330363274028056e-07,4.276225809007883e-07,-1.646958480705507e-06,4,12.791210542100412,14.703917067739935,17.96315256029228,18.148739071297758,3.6082689616240167
tune,3,baseline,joint_triangular,4,4,0.0,4,-1354.2097417499997,-1260.7465854999996,-799.2021361000002,-719.7441490000001,-2175.6016469999995,4,-103.099435846875,-102.22411277499998,-73.10352555250005,-71.97441490000006,-135.97510293749997,4,-7202.298710128326,-6681.232929233045,-4265.510690726762,-3848.7207566589204,-11598.008225388294,4,-1440.4597420256653,-1336.246585846609,-853.1021381453527,-769.7441513317845,-2319.6016450776588,4,56.25,60.0,69.25,70.0,35.0,4,4.5,4.5,5.85,6.0,3.0,4,25.5,13.5,65.99999999999997,75.0,0.0,4,0.0,0.0,0.0,0.0,0.0,4,11.25,12.0,13.85,14.0,7.0,4,4.5,4.5,5.85,6.0,3.0,4,8.5,4.5,21.999999999999993,25.0,0.0,4,0.0,0.0,0.0,0.0,0.0,4,3.25,2.5,6.399999999999999,7.0,1.0,4,1.0814351250010077,1.007848599983845,1.5856193499988875,1.6358707000035793,0.6741726000327617,4,0.0,0.0,0.0,0.0,0.0,4,2.7566579774429556e-07,3.466097950877156e-07,2.045352448476478e-06,2.331784344278276e-06,-1.922340743476525e-06,4,20.699316466077388,21.174666434407,26.965013187938613,27.628478541378318,12.81945445411724,4,-1354.2097417499997,-1260.7465854999996,-799.2021361000002,-719.7441490000001,-2175.6016469999995,4,-103.099435846875,-102.22411277499998,-73.10352555250005,-71.97441490000006,-135.97510293749997,4,-7202.298710128326,-6681.232929233045,-4265.510690726762,-3848.7207566589204,-11598.008225388294,4,-1440.4597420256653,-1336.246585846609,-853.1021381453527,-769.7441513317845,-2319.6016450776588,4,56.25,60.0,69.25,70.0,35.0,4,4.5,4.5,5.85,6.0,3.0,4,25.5,13.5,65.99999999999997,75.0,0.0,4,0.0,0.0,0.0,0.0,0.0,4,11.25,12.0,13.85,14.0,7.0,4,4.5,4.5,5.85,6.0,3.0,4,8.5,4.5,21.999999999999993,25.0,0.0,4,0.0,0.0,0.0,0.0,0.0,4,3.25,2.5,6.399999999999999,7.0,1.0,4,1.0814351250010077,1.007848599983845,1.5856193499988875,1.6358707000035793,0.6741726000327617,4,0.0,0.0,0.0,0.0,0.0,4,2.7566579774429556e-07,3.466097950877156e-07,2.045352448476478e-06,2.331784344278276e-06,-1.922340743476525e-06,4,20.699316466077388,21.174666434407,26.965013187938613,27.628478541378318,12.81945445411724
tune,3,joint_square,joint_triangular,4,4,0.0,4,0.0,0.0,0.0,0.0,0.0,4,0.0,0.0,0.0,0.0,0.0,4,0.0,0.0,0.0,0.0,0.0,4,0.0,0.0,0.0,0.0,0.0,4,0.0,0.0,0.0,0.0,0.0,4,0.0,0.0,0.0,0.0,0.0,4,0.0,0.0,0.0,0.0,0.0,4,0.0,0.0,0.0,0.0,0.0,4,0.0,0.0,0.0,0.0,0.0,4,0.0,0.0,0.0,0.0,0.0,4,0.0,0.0,0.0,0.0,0.0,4,0.0,0.0,0.0,0.0,0.0,4,0.0,0.0,0.0,0.0,0.0,4,-0.012807950028218329,0.026359550014603883,0.06103083493653684,0.06464509991928935,-0.16859600006137043,4,0.0,0.0,0.0,0.0,0.0,4,0.0,0.0,0.0,0.0,0.0,4,0.0,0.0,0.0,0.0,0.0,4,0.0,0.0,0.0,0.0,0.0,4,0.0,0.0,0.0,0.0,0.0,4,0.0,0.0,0.0,0.0,0.0,4,0.0,0.0,0.0,0.0,0.0,4,0.0,0.0,0.0,0.0,0.0,4,0.0,0.0,0.0,0.0,0.0,4,0.0,0.0,0.0,0.0,0.0,4,0.0,0.0,0.0,0.0,0.0,4,0.0,0.0,0.0,0.0,0.0,4,0.0,0.0,0.0,0.0,0.0,4,0.0,0.0,0.0,0.0,0.0,4,0.0,0.0,0.0,0.0,0.0,4,0.0,0.0,0.0,0.0,0.0,4,-0.012807950028218329,0.026359550014603883,0.06103083493653684,0.06464509991928935,-0.16859600006137043,4,0.0,0.0,0.0,0.0,0.0,4,0.0,0.0,0.0,0.0,0.0,4,0.0,0.0,0.0,0.0,0.0
tune,3,nearest_safe,immediate,4,4,0.0,4,789.9792072500002,795.2039565,1128.9068728,1165.8976240000002,403.6112920000005,4,59.44926222500003,62.28365910000002,72.00504073000002,72.86860150000001,40.36112920000005,4,3691.1460525728426,3736.0197993958027,5376.534374493716,5549.48812857673,1743.0564829230352,4,738.2292105145689,747.2039598791607,1075.3068748987437,1109.8976257153463,348.61129658460777,4,36.25,47.5,58.5,60.0,-10.0,4,-16.0,-15.0,-10.0,-10.0,-24.0,4,31.5,15.0,78.74999999999997,90.0,6.0,4,0.0,0.0,0.0,0.0,0.0,4,7.25,9.5,11.7,12.0,-2.0,4,-16.0,-15.0,-10.0,-10.0,-24.0,4,10.5,5.0,26.249999999999993,30.0,2.0,4,0.0,0.0,0.0,0.0,0.0,4,2.5,2.5,3.0,3.0,2.0,4,0.07355517498217523,0.08355779998237267,0.189078629942378,0.19433999992907047,-0.06723489996511489,4,0.0,0.0,0.0,0.0,0.0,4,-3.2645680221321527e-06,-3.3791602618293837e-06,-1.8310921404918193e-06,-1.7153452063212171e-06,-4.584606358548626e-06,4,-14.06952930589603,-15.188328521267398,-8.681701633687753,-7.795159068249177,-18.106301112800146,4,789.9792072500002,795.2039565,1128.9068728,1165.8976240000002,403.6112920000005,4,59.44926222500003,62.28365910000002,72.00504073000002,72.86860150000001,40.36112920000005,4,3691.1460525728426,3736.0197993958027,5376.534374493716,5549.48812857673,1743.0564829230352,4,738.2292105145689,747.2039598791607,1075.3068748987437,1109.8976257153463,348.61129658460777,4,36.25,47.5,58.5,60.0,-10.0,4,-16.0,-15.0,-10.0,-10.0,-24.0,4,31.5,15.0,78.74999999999997,90.0,6.0,4,0.0,0.0,0.0,0.0,0.0,4,7.25,9.5,11.7,12.0,-2.0,4,-16.0,-15.0,-10.0,-10.0,-24.0,4,10.5,5.0,26.249999999999993,30.0,2.0,4,0.0,0.0,0.0,0.0,0.0,4,2.5,2.5,3.0,3.0,2.0,4,0.07355517498217523,0.08355779998237267,0.189078629942378,0.19433999992907047,-0.06723489996511489,4,0.0,0.0,0.0,0.0,0.0,4,-3.2645680221321527e-06,-3.3791602618293837e-06,-1.8310921404918193e-06,-1.7153452063212171e-06,-4.584606358548626e-06,4,-14.06952930589603,-15.188328521267398,-8.681701633687753,-7.795159068249177,-18.106301112800146
tune,3,nearest_safe,joint_square,4,4,0.0,4,-481.70456249999984,-441.0137565,-22.945351749999972,-1.9827009999999063,-1042.8080359999994,4,-39.90144831562499,-27.56335978125,-1.4972830787500042,-0.198270100000002,-104.28080359999996,4,-2699.772814491421,-2595.068782433882,-327.7267717291438,-189.913519815389,-5419.04017328253,4,-539.9545628982842,-519.0137564867764,-65.54535434582905,-37.982703963078166,-1083.8080346565057,4,35.0,25.0,68.24999999999999,75.0,15.0,4,4.5,4.5,5.85,6.0,3.0,4,18.75,9.0,50.69999999999999,57.0,0.0,4,0.0,0.0,0.0,0.0,0.0,4,7.0,5.0,13.649999999999997,15.0,3.0,4,4.5,4.5,5.85,6.0,3.0,4,6.25,3.0,16.899999999999995,19.0,0.0,4,0.0,0.0,0.0,0.0,0.0,4,1.0,1.5,2.0,2.0,-1.0,4,0.04454254999291152,0.08850889996392652,0.16160300996853036,0.169685099972412,-0.16853269992861897,4,0.0,0.0,0.0,0.0,0.0,4,3.982845555583481e-07,-1.3223143469076604e-08,2.5958292098948723e-06,2.963078259199392e-06,-1.3434937500278465e-06,4,8.561954576026531,7.033511406118418,18.843765189352176,20.140304989951815,0.04049050191747643,4,-481.70456249999984,-441.0137565,-22.945351749999972,-1.9827009999999063,-1042.8080359999994,4,-39.90144831562499,-27.56335978125,-1.4972830787500042,-0.198270100000002,-104.28080359999996,4,-2699.772814491421,-2595.068782433882,-327.7267717291438,-189.913519815389,-5419.04017328253,4,-539.9545628982842,-519.0137564867764,-65.54535434582905,-37.982703963078166,-1083.8080346565057,4,35.0,25.0,68.24999999999999,75.0,15.0,4,4.5,4.5,5.85,6.0,3.0,4,18.75,9.0,50.69999999999999,57.0,0.0,4,0.0,0.0,0.0,0.0,0.0,4,7.0,5.0,13.649999999999997,15.0,3.0,4,4.5,4.5,5.85,6.0,3.0,4,6.25,3.0,16.899999999999995,19.0,0.0,4,0.0,0.0,0.0,0.0,0.0,4,1.0,1.5,2.0,2.0,-1.0,4,0.04454254999291152,0.08850889996392652,0.16160300996853036,0.169685099972412,-0.16853269992861897,4,0.0,0.0,0.0,0.0,0.0,4,3.982845555583481e-07,-1.3223143469076604e-08,2.5958292098948723e-06,2.963078259199392e-06,-1.3434937500278465e-06,4,8.561954576026531,7.033511406118418,18.843765189352176,20.140304989951815,0.04049050191747643
tune,4,active,nearest_safe,4,4,0.0,4,-466.62316925000005,-9.583056999999826,-2.922861399999239,-2.1036609999991924,-1845.2229020000013,4,-29.343630396875,-0.9583056999999826,-0.22523194562494975,-0.13147881249994953,-115.32643137500008,4,-1699.3658442245796,-47.91528850936447,-14.614305270616033,-10.518302831878827,-6691.114497047711,4,-339.8731688449161,-9.583057701873258,-2.9228610541233158,-2.1036605663757655,-1338.2228994095422,4,-22.5,0.0,0.0,0.0,-90.0,4,0.0,0.0,0.0,0.0,0.0,4,-104.25,0.0,0.0,0.0,-417.0,4,0.0,0.0,0.0,0.0,0.0,4,-4.5,0.0,0.0,0.0,-18.0,4,0.0,0.0,0.0,0.0,0.0,4,-34.75,0.0,0.0,0.0,-139.0,4,0.0,0.0,0.0,0.0,0.0,4,-1.25,0.0,0.0,0.0,-5.0,4,-0.4409983000077773,-0.28156195004703477,0.09809685999061908,0.1137927999952808,-1.3146620999323204,4,0.0,0.0,0.0,0.0,0.0,4,-4.0508439269615337e-07,-1.4113265933701769e-07,1.087232612917432e-06,1.252386937267147e-06,-2.590459189377725e-06,4,3.313426740772741,0.07790360753919495,11.135691445284325,13.083385542681501,0.014514205331072883,4,-466.62316925000005,-9.583056999999826,-2.922861399999239,-2.1036609999991924,-1845.2229020000013,4,-29.343630396875,-0.9583056999999826,-0.22523194562494975,-0.13147881249994953,-115.32643137500008,4,-1699.3658442245796,-47.91528850936447,-14.614305270616033,-10.518302831878827,-6691.114497047711,4,-339.8731688449161,-9.583057701873258,-2.9228610541233158,-2.1036605663757655,-1338.2228994095422,4,-22.5,0.0,0.0,0.0,-90.0,4,0.0,0.0,0.0,0.0,0.0,4,-104.25,0.0,0.0,0.0,-417.0,4,0.0,0.0,0.0,0.0,0.0,4,-4.5,0.0,0.0,0.0,-18.0,4,0.0,0.0,0.0,0.0,0.0,4,-34.75,0.0,0.0,0.0,-139.0,4,0.0,0.0,0.0,0.0,0.0,4,-1.25,0.0,0.0,0.0,-5.0,4,-0.4409983000077773,-0.28156195004703477,0.09809685999061908,0.1137927999952808,-1.3146620999323204,4,0.0,0.0,0.0,0.0,0.0,4,-4.0508439269615337e-07,-1.4113265933701769e-07,1.087232612917432e-06,1.252386937267147e-06,-2.590459189377725e-06,4,3.313426740772741,0.07790360753919495,11.135691445284325,13.083385542681501,0.014514205331072883
tune,4,baseline,active,4,4,0.0,4,-412.6393584999996,-386.69644549999975,-12.878119000000112,6.100003999999899,-883.2645469999989,4,-31.85438557187493,-31.36516759374996,-0.6104448100000095,0.6100003999999899,-65.29720749999979,4,-3341.9467802568834,-3123.482212499832,-1380.3905830354327,-1114.499967892065,-6006.322728135805,4,-668.389356051377,-624.6964424999669,-276.078116607086,-222.89999357841225,-1201.264545627162,4,26.25,25.0,52.74999999999999,55.0,0.0,4,0.0,0.0,0.0,0.0,0.0,4,229.5,253.5,389.4,402.0,9.0,4,0.0,0.0,0.0,0.0,0.0,4,5.25,5.0,10.549999999999999,11.0,0.0,4,0.0,0.0,0.0,0.0,0.0,4,76.5,84.5,129.79999999999998,134.0,3.0,4,0.0,0.0,0.0,0.0,0.0,4,3.75,3.5,5.85,6.0,2.0,4,2.2336180499987677,2.309400350030046,3.415247454983182,3.459390399977565,0.856281099957414,4,0.0,0.0,0.0,0.0,0.0,4,-2.448622581141535e-06,-2.326008143427316e-06,-1.501477345300373e-06,-1.37283859658055e-06,-3.7696354411309585e-06,4,2.984375806688748,3.044958942419825,5.799454689430456,5.893607728278836,-0.04602238636349482,4,-412.6393584999996,-386.69644549999975,-12.878119000000112,6.100003999999899,-883.2645469999989,4,-31.85438557187493,-31.36516759374996,-0.6104448100000095,0.6100003999999899,-65.29720749999979,4,-3341.9467802568834,-3123.482212499832,-1380.3905830354327,-1114.499967892065,-6006.322728135805,4,-668.389356051377,-624.6964424999669,-276.078116607086,-222.89999357841225,-1201.264545627162,4,26.25,25.0,52.74999999999999,55.0,0.0,4,0.0,0.0,0.0,0.0,0.0,4,229.5,253.5,389.4,402.0,9.0,4,0.0,0.0,0.0,0.0,0.0,4,5.25,5.0,10.549999999999999,11.0,0.0,4,0.0,0.0,0.0,0.0,0.0,4,76.5,84.5,129.79999999999998,134.0,3.0,4,0.0,0.0,0.0,0.0,0.0,4,3.75,3.5,5.85,6.0,2.0,4,2.2336180499987677,2.309400350030046,3.415247454983182,3.459390399977565,0.856281099957414,4,0.0,0.0,0.0,0.0,0.0,4,-2.448622581141535e-06,-2.326008143427316e-06,-1.501477345300373e-06,-1.37283859658055e-06,-3.7696354411309585e-06,4,2.984375806688748,3.044958942419825,5.799454689430456,5.893607728278836,-0.04602238636349482
tune,4,baseline,joint_triangular,4,4,0.0,4,-2547.7381714999997,-2421.0385234999994,-2050.7459852,-2011.2324680000002,-3337.6431709999997,4,-199.41383931874998,-204.8629724937499,-166.56273460437495,-160.46382068749995,-227.46559160000015,4,-9356.190838405017,-9012.692591409159,-6428.7299178075,-6261.162332925793,-13138.215837875956,4,-1871.2381676810037,-1802.5385182818318,-1285.7459835615005,-1252.2324665851593,-2627.643167575192,4,-670.0,-665.0,-578.5,-565.0,-785.0,4,-121.25,-119.0,-95.60000000000001,-92.0,-155.0,4,114.75,114.0,207.29999999999995,219.0,12.0,4,0.0,0.0,0.0,0.0,0.0,4,-134.0,-133.0,-115.7,-113.0,-157.0,4,-121.25,-119.0,-95.60000000000001,-92.0,-155.0,4,38.25,38.0,69.1,73.0,4.0,4,0.0,0.0,0.0,0.0,0.0,4,3.75,3.5,5.85,6.0,2.0,4,1.77244327502558,1.7874425000045449,2.5329642900673206,2.629932300071232,0.8849558000219986,4,0.0,0.0,0.0,0.0,0.0,4,-3.818996447080281e-06,-3.1653544283472e-06,-1.6384996342821984e-06,-1.4148408808978274e-06,-7.530436050728895e-06,4,18.304905615625266,17.3647174183561,21.565134176816933,22.27051867263807,16.219668953150784,4,-2547.7381714999997,-2421.0385234999994,-2050.7459852,-2011.2324680000002,-3337.6431709999997,4,-199.41383931874998,-204.8629724937499,-166.56273460437495,-160.46382068749995,-227.46559160000015,4,-9356.190838405017,-9012.692591409159,-6428.7299178075,-6261.162332925793,-13138.215837875956,4,-1871.2381676810037,-1802.5385182818318,-1285.7459835615005,-1252.2324665851593,-2627.643167575192,4,-670.0,-665.0,-578.5,-565.0,-785.0,4,-121.25,-119.0,-95.60000000000001,-92.0,-155.0,4,114.75,114.0,207.29999999999995,219.0,12.0,4,0.0,0.0,0.0,0.0,0.0,4,-134.0,-133.0,-115.7,-113.0,-157.0,4,-121.25,-119.0,-95.60000000000001,-92.0,-155.0,4,38.25,38.0,69.1,73.0,4.0,4,0.0,0.0,0.0,0.0,0.0,4,3.75,3.5,5.85,6.0,2.0,4,1.77244327502558,1.7874425000045449,2.5329642900673206,2.629932300071232,0.8849558000219986,4,0.0,0.0,0.0,0.0,0.0,4,-3.818996447080281e-06,-3.1653544283472e-06,-1.6384996342821984e-06,-1.4148408808978274e-06,-7.530436050728895e-06,4,18.304905615625266,17.3647174183561,21.565134176816933,22.27051867263807,16.219668953150784
tune,4,joint_square,joint_triangular,4,4,0.0,4,-594.01722475,-659.4413260000001,631.0540430500004,739.3491580000009,-1796.5354050000005,4,-66.49607450312499,-66.27003994374991,39.44087769062502,46.209322375000056,-179.6535405000002,4,1024.9138727259196,652.79336582635,5546.02021371605,5936.74579161287,-3142.677032361891,4,204.98277454518347,130.55867316526928,1109.2040427432094,1187.3491583225732,-628.5354064723779,4,-610.0,-630.0,-368.7500000000001,-335.0,-845.0,4,-119.25,-127.0,-71.15000000000002,-62.0,-161.0,4,-69.75,-79.5,28.04999999999997,42.0,-162.0,4,0.0,0.0,0.0,0.0,0.0,4,-122.0,-126.0,-73.75000000000001,-67.0,-169.0,4,-119.25,-127.0,-71.15000000000002,-62.0,-161.0,4,-23.25,-26.5,9.349999999999987,14.0,-54.0,4,0.0,0.0,0.0,0.0,0.0,4,1.5,1.0,5.549999999999999,6.0,-2.0,4,-0.12632902499171905,-0.27755370002705604,0.6009517650527412,0.7171701000770554,-0.6673787999898195,4,0.0,0.0,0.0,0.0,0.0,4,7.048151928756852e-07,5.749016054323874e-07,3.5130608011968427e-06,3.873181412927806e-06,-2.2037238522898406e-06,4,4.692537304478452,5.6236430515749705,13.661749223735814,14.061460451173438,-6.538597336409572,4,-594.01722475,-659.4413260000001,631.0540430500004,739.3491580000009,-1796.5354050000005,4,-66.49607450312499,-66.27003994374991,39.44087769062502,46.209322375000056,-179.6535405000002,4,1024.9138727259196,652.79336582635,5546.02021371605,5936.74579161287,-3142.677032361891,4,204.98277454518347,130.55867316526928,1109.2040427432094,1187.3491583225732,-628.5354064723779,4,-610.0,-630.0,-368.7500000000001,-335.0,-845.0,4,-119.25,-127.0,-71.15000000000002,-62.0,-161.0,4,-69.75,-79.5,28.04999999999997,42.0,-162.0,4,0.0,0.0,0.0,0.0,0.0,4,-122.0,-126.0,-73.75000000000001,-67.0,-169.0,4,-119.25,-127.0,-71.15000000000002,-62.0,-161.0,4,-23.25,-26.5,9.349999999999987,14.0,-54.0,4,0.0,0.0,0.0,0.0,0.0,4,1.5,1.0,5.549999999999999,6.0,-2.0,4,-0.12632902499171905,-0.27755370002705604,0.6009517650527412,0.7171701000770554,-0.6673787999898195,4,0.0,0.0,0.0,0.0,0.0,4,7.048151928756852e-07,5.749016054323874e-07,3.5130608011968427e-06,3.873181412927806e-06,-2.2037238522898406e-06,4,4.692537304478452,5.6236430515749705,13.661749223735814,14.061460451173438,-6.538597336409572
tune,4,nearest_safe,immediate,4,4,0.0,4,1273.7771302499996,1503.933532,2321.8840097499997,2329.2926079999997,-242.05115100000148,4,108.27286175624991,107.64519158124995,219.36395248937484,232.92926079999984,-15.128196937500093,4,6323.885654385509,6934.6676628376445,10777.670048961654,10941.463042064832,484.74424980191543,4,1264.777130877102,1386.9335325675293,2155.5340097923313,2188.2926084129667,96.94884996038309,4,-38.75,47.5,59.25,60.0,-310.0,4,-30.25,-21.5,-10.0,-10.0,-68.0,4,78.0,75.0,261.44999999999993,288.0,-126.0,4,0.0,0.0,0.0,0.0,0.0,4,-7.75,9.5,11.85,12.0,-62.0,4,-30.25,-21.5,-10.0,-10.0,-68.0,4,26.0,25.0,87.14999999999998,96.0,-42.0,4,0.0,0.0,0.0,0.0,0.0,4,4.0,2.0,8.799999999999997,10.0,2.0,4,-0.03014675001031719,0.04874855000525713,0.5247866199875715,0.5741625999798998,-0.7922467000316828,4,0.0,0.0,0.0,0.0,0.0,4,-6.271025085879955e-07,-6.86675775796175e-07,1.6873016647878093e-06,2.057937308563851e-06,-3.192995791323483e-06,4,-10.567453798129046,-12.045818623339322,0.595805620278834,1.670273913160115,-19.848451858997656,4,1273.7771302499996,1503.933532,2321.8840097499997,2329.2926079999997,-242.05115100000148,4,108.27286175624991,107.64519158124995,219.36395248937484,232.92926079999984,-15.128196937500093,4,6323.885654385509,6934.6676628376445,10777.670048961654,10941.463042064832,484.74424980191543,4,1264.777130877102,1386.9335325675293,2155.5340097923313,2188.2926084129667,96.94884996038309,4,-38.75,47.5,59.25,60.0,-310.0,4,-30.25,-21.5,-10.0,-10.0,-68.0,4,78.0,75.0,261.44999999999993,288.0,-126.0,4,0.0,0.0,0.0,0.0,0.0,4,-7.75,9.5,11.85,12.0,-62.0,4,-30.25,-21.5,-10.0,-10.0,-68.0,4,26.0,25.0,87.14999999999998,96.0,-42.0,4,0.0,0.0,0.0,0.0,0.0,4,4.0,2.0,8.799999999999997,10.0,2.0,4,-0.03014675001031719,0.04874855000525713,0.5247866199875715,0.5741625999798998,-0.7922467000316828,4,0.0,0.0,0.0,0.0,0.0,4,-6.271025085879955e-07,-6.86675775796175e-07,1.6873016647878093e-06,2.057937308563851e-06,-3.192995791323483e-06,4,-10.567453798129046,-12.045818623339322,0.595805620278834,1.670273913160115,-19.848451858997656
tune,4,nearest_safe,joint_square,4,4,0.0,4,-1074.458419,-551.5964824999992,-80.33399185000081,-10.394899000000805,-3184.245812000001,4,-71.71974884687506,-43.412071118749964,-6.757354980625223,-1.0394899000002624,-199.01536325000006,4,-5339.792086649473,-3427.9823988931385,-1156.919971720023,-816.9745115306578,-13686.229037280958,4,-1067.958417329894,-685.5964797786273,-231.38399434400367,-163.39490230613046,-2737.245807456191,4,-63.75,-2.5,32.74999999999999,35.0,-285.0,4,-2.0,6.5,8.7,9.0,-30.0,4,59.25,112.5,139.5,144.0,-132.0,4,0.0,0.0,0.0,0.0,0.0,4,-12.75,-0.5,6.549999999999999,7.0,-57.0,4,-2.0,6.5,8.7,9.0,-30.0,4,19.75,37.5,46.5,48.0,-44.0,4,0.0,0.0,0.0,0.0,0.0,4,-0.25,-0.5,1.6999999999999993,2.0,-2.0,4,0.10615255002630875,0.12424764997558668,0.5228478600562083,0.5822607000591233,-0.4061457999050617,4,0.0,0.0,0.0,0.0,0.0,4,-1.6701046661182772e-06,-2.7213709472562186e-06,2.4940044568211284e-06,3.3061314752558246e-06,-4.543808245216496e-06,4,7.692293600554707,4.353854752107642,19.44362142637767,21.972887511172864,0.08857738683067974,4,-1074.458419,-551.5964824999992,-80.33399185000081,-10.394899000000805,-3184.245812000001,4,-71.71974884687506,-43.412071118749964,-6.757354980625223,-1.0394899000002624,-199.01536325000006,4,-5339.792086649473,-3427.9823988931385,-1156.919971720023,-816.9745115306578,-13686.229037280958,4,-1067.958417329894,-685.5964797786273,-231.38399434400367,-163.39490230613046,-2737.245807456191,4,-63.75,-2.5,32.74999999999999,35.0,-285.0,4,-2.0,6.5,8.7,9.0,-30.0,4,59.25,112.5,139.5,144.0,-132.0,4,0.0,0.0,0.0,0.0,0.0,4,-12.75,-0.5,6.549999999999999,7.0,-57.0,4,-2.0,6.5,8.7,9.0,-30.0,4,19.75,37.5,46.5,48.0,-44.0,4,0.0,0.0,0.0,0.0,0.0,4,-0.25,-0.5,1.6999999999999993,2.0,-2.0,4,0.10615255002630875,0.12424764997558668,0.5228478600562083,0.5822607000591233,-0.4061457999050617,4,0.0,0.0,0.0,0.0,0.0,4,-1.6701046661182772e-06,-2.7213709472562186e-06,2.4940044568211284e-06,3.3061314752558246e-06,-4.543808245216496e-06,4,7.692293600554707,4.353854752107642,19.44362142637767,21.972887511172864,0.08857738683067974
