split,problem,case_id,baseline_variant,candidate_variant,baseline_complete,candidate_complete,both_complete,completion_delta,baseline_code_sha256,candidate_code_sha256,baseline_virtual_time_s,candidate_virtual_time_s,delta_total_virtual_time_s,delta_average_clear_time_s,delta_walk_distance_m,delta_movement_time_s,delta_measure_time_s,delta_switch_time_s,delta_optical_time_s,delta_laser_time_s,delta_measures,delta_switches,delta_clear_attempts,delta_clear_successes,delta_fallback_targets,delta_program_real_time_s,delta_clear_fraction,delta_timing_residual_s,time_reduction_pct
tune,3,local-p3-11300-random-min-deterministic,baseline,active,True,True,True,0,b3cdd5b3089c9ea55f14a791b74702bfbc5777b8a6e8e8c8d19d3caf3f12b4bd,b3cdd5b3089c9ea55f14a791b74702bfbc5777b8a6e8e8c8d19d3caf3f12b4bd,5384.373229,5190.090561,-194.28266799999983,-19.428266800000074,-1146.4133416608129,-229.28266833216276,35,0,0,0,7,0,0,0,0,0.5425988000351936,0.0,3.3216292649740353e-07,3.6082689616240167
tune,3,local-p3-11300-random-min-deterministic,baseline,joint_triangular,True,True,True,0,b3cdd5b3089c9ea55f14a791b74702bfbc5777b8a6e8e8c8d19d3caf3f12b4bd,b3cdd5b3089c9ea55f14a791b74702bfbc5777b8a6e8e8c8d19d3caf3f12b4bd,5384.373229,4134.909166,-1249.4640629999994,-124.94640629999998,-6627.320317111189,-1325.4640634222378,55,6,15,0,11,6,5,0,2,0.6741726000327617,0.0,4.2223837226629257e-07,23.205376185113625
tune,3,local-p3-11300-random-min-deterministic,active,nearest_safe,True,True,True,0,b3cdd5b3089c9ea55f14a791b74702bfbc5777b8a6e8e8c8d19d3caf3f12b4bd,b3cdd5b3089c9ea55f14a791b74702bfbc5777b8a6e8e8c8d19d3caf3f12b4bd,5190.090561,5177.717202,-12.373359000000164,-1.2373358999999482,-61.86680216784589,-12.37336043356936,0,0,0,0,0,0,0,0,0,0.029810499981977046,0.0,1.4335691957967356e-06,0.23840352792642078
tune,3,local-p3-11300-random-min-deterministic,nearest_safe,immediate,True,True,True,0,b3cdd5b3089c9ea55f14a791b74702bfbc5777b8a6e8e8c8d19d3caf3f12b4bd,b3cdd5b3089c9ea55f14a791b74702bfbc5777b8a6e8e8c8d19d3caf3f12b4bd,5177.717202,5581.328494,403.6112920000005,40.36112920000005,1743.0564829230352,348.61129658460777,50,-10,15,0,10,-10,5,0,2,0.19433999992907047,0.0,-4.584606358548626e-06,-7.795159068249177
tune,3,local-p3-11300-random-min-deterministic,nearest_safe,joint_square,True,True,True,0,b3cdd5b3089c9ea55f14a791b74702bfbc5777b8a6e8e8c8d19d3caf3f12b4bd,b3cdd5b3089c9ea55f14a791b74702bfbc5777b8a6e8e8c8d19d3caf3f12b4bd,5177.717202,4134.909166,-1042.8080359999994,-104.28080359999996,-5419.04017328253,-1083.8080346565057,20,6,15,0,4,6,5,0,2,0.061213299981318414,0.0,-1.3434937500278465e-06,20.140304989951815
tune,3,local-p3-11300-random-min-deterministic,joint_square,joint_triangular,True,True,True,0,b3cdd5b3089c9ea55f14a791b74702bfbc5777b8a6e8e8c8d19d3caf3f12b4bd,b3cdd5b3089c9ea55f14a791b74702bfbc5777b8a6e8e8c8d19d3caf3f12b4bd,4134.909166,4134.909166,0.0,0.0,0.0,0.0,0,0,0,0,0,0,0,0,0,0.04055000003427267,0.0,0.0,0.0
tune,3,local-p3-11301-random-max-correlated,baseline,active,True,True,True,0,b3cdd5b3089c9ea55f14a791b74702bfbc5777b8a6e8e8c8d19d3caf3f12b4bd,b3cdd5b3089c9ea55f14a791b74702bfbc5777b8a6e8e8c8d19d3caf3f12b4bd,7874.489519,6445.368963,-1429.1205559999999,-89.32003474999999,-7485.602779299334,-1497.1205558598667,50,0,18,0,10,0,6,0,8,1.857234700000845,0.0,-1.4013312465976924e-07,18.148739071297758
tune,3,local-p3-11301-random-max-correlated,baseline,joint_triangular,True,True,True,0,b3cdd5b3089c9ea55f14a791b74702bfbc5777b8a6e8e8c8d19d3caf3f12b4bd,b3cdd5b3089c9ea55f14a791b74702bfbc5777b8a6e8e8c8d19d3caf3f12b4bd,7874.489519,5698.887872,-2175.6016469999995,-135.97510293749997,-11598.008225388294,-2319.6016450776588,65,4,75,0,13,4,25,0,7,1.6358707000035793,0.0,-1.922340743476525e-06,27.628478541378318
tune,3,local-p3-11301-random-max-correlated,active,nearest_safe,True,True,True,0,b3cdd5b3089c9ea55f14a791b74702bfbc5777b8a6e8e8c8d19d3caf3f12b4bd,b3cdd5b3089c9ea55f14a791b74702bfbc5777b8a6e8e8c8d19d3caf3f12b4bd,6445.368963,6439.181679,-6.187283999999636,-0.38670524999997724,-30.93641379494875,-6.187282758989568,0,0,0,0,0,0,0,0,0,-0.2224530999083072,0.0,-1.2410100680426694e-06,0.09599580777327232
tune,3,local-p3-11301-random-max-correlated,nearest_safe,immediate,True,True,True,0,b3cdd5b3089c9ea55f14a791b74702bfbc5777b8a6e8e8c8d19d3caf3f12b4bd,b3cdd5b3089c9ea55f14a791b74702bfbc5777b8a6e8e8c8d19d3caf3f12b4bd,6439.181679,7605.079303,1165.8976240000002,72.86860150000001,5549.48812857673,1109.8976257153463,-10,-24,90,0,-2,-24,30,0,2,0.007851399946957827,0.0,-1.7153452063212171e-06,-18.106301112800146
tune,3,local-p3-11301-random-max-correlated,nearest_safe,joint_square,True,True,True,0,b3cdd5b3089c9ea55f14a791b74702bfbc5777b8a6e8e8c8d19d3caf3f12b4bd,b3cdd5b3089c9ea55f14a791b74702bfbc5777b8a6e8e8c8d19d3caf3f12b4bd,6439.181679,5698.887872,-740.293807,-46.2683629375,-4081.4690322940114,-816.2938064588025,15,4,57,0,3,4,19,0,-1,0.169685099972412,0.0,-5.411975507740863e-07,11.496706319287563
tune,3,local-p3-11301-random-max-correlated,joint_square,joint_triangular,True,True,True,0,b3cdd5b3089c9ea55f14a791b74702bfbc5777b8a6e8e8c8d19d3caf3f12b4bd,b3cdd5b3089c9ea55f14a791b74702bfbc5777b8a6e8e8c8d19d3caf3f12b4bd,5698.887872,5698.887872,0.0,0.0,0.0,0.0,0,0,0,0,0,0,0,0,0,-0.16859600006137043,0.0,0.0,0.0
tune,3,local-p3-11302-random-mixed-extreme,baseline,active,True,True,True,0,b3cdd5b3089c9ea55f14a791b74702bfbc5777b8a6e8e8c8d19d3caf3f12b4bd,b3cdd5b3089c9ea55f14a791b74702bfbc5777b8a6e8e8c8d19d3caf3f12b4bd,5614.467851,4912.864945,-701.6029060000001,-70.16029060000005,-3578.0145321381133,-715.6029064276227,5,0,9,0,1,0,3,0,1,0.7509249999420717,0.0,4.276225809007883e-07,12.496338470885298
tune,3,local-p3-11302-random-mixed-extreme,baseline,joint_triangular,True,True,True,0,b3cdd5b3089c9ea55f14a791b74702bfbc5777b8a6e8e8c8d19d3caf3f12b4bd,b3cdd5b3089c9ea55f14a791b74702bfbc5777b8a6e8e8c8d19d3caf3f12b4bd,5614.467851,4894.723702,-719.7441490000001,-71.97441490000006,-3848.7207566589204,-769.7441513317845,35,3,12,0,7,3,4,0,3,0.7148354999953881,0.0,2.331784344278276e-06,12.81945445411724
tune,3,local-p3-11302-random-mixed-extreme,active,nearest_safe,True,True,True,0,b3cdd5b3089c9ea55f14a791b74702bfbc5777b8a6e8e8c8d19d3caf3f12b4bd,b3cdd5b3089c9ea55f14a791b74702bfbc5777b8a6e8e8c8d19d3caf3f12b4bd,4912.864945,4896.706403,-16.158542000000125,-1.6158542000000011,-80.79270470541815,-16.15854094108363,0,0,0,0,0,0,0,0,0,0.12027409998700023,0.0,-1.0589164958219044e-06,0.32890262974652407
tune,3,local-p3-11302-random-mixed-extreme,nearest_safe,immediate,True,True,True,0,b3cdd5b3089c9ea55f14a791b74702bfbc5777b8a6e8e8c8d19d3caf3f12b4bd,b3cdd5b3089c9ea55f14a791b74702bfbc5777b8a6e8e8c8d19d3caf3f12b4bd,4896.706403,5567.8217,671.1152970000003,67.11152970000006,3075.5764974349586,615.1152994869917,60,-10,6,0,12,-10,2,0,3,-0.06723489996511489,0.0,-2.4869914341252297e-06,-13.705442837839675
tune,3,local-p3-11302-random-mixed-extreme,nearest_safe,joint_square,True,True,True,0,b3cdd5b3089c9ea55f14a791b74702bfbc5777b8a6e8e8c8d19d3caf3f12b4bd,b3cdd5b3089c9ea55f14a791b74702bfbc5777b8a6e8e8c8d19d3caf3f12b4bd,4896.706403,4894.723702,-1.9827009999999063,-0.198270100000002,-189.913519815389,-37.982703963078166,30,3,3,0,6,3,1,0,2,-0.16853269992861897,0.0,2.963078259199392e-06,0.04049050191747643
tune,3,local-p3-11302-random-mixed-extreme,joint_square,joint_triangular,True,True,True,0,b3cdd5b3089c9ea55f14a791b74702bfbc5777b8a6e8e8c8d19d3caf3f12b4bd,b3cdd5b3089c9ea55f14a791b74702bfbc5777b8a6e8e8c8d19d3caf3f12b4bd,4894.723702,4894.723702,0.0,0.0,0.0,0.0,0,0,0,0,0,0,0,0,0,0.012169099994935095,0.0,0.0,0.0
tune,3,local-p3-11303-random-min-deterministic,baseline,active,True,True,True,0,b3cdd5b3089c9ea55f14a791b74702bfbc5777b8a6e8e8c8d19d3caf3f12b4bd,b3cdd5b3089c9ea55f14a791b74702bfbc5777b8a6e8e8c8d19d3caf3f12b4bd,6644.546522,5520.854325,-1123.6921969999994,-70.23076231249996,-5593.460976765204,-1118.692195353041,-5,0,0,0,-1,0,0,0,0,1.047957800095901,0.0,-1.646958480705507e-06,16.91149566459457
tune,3,local-p3-11303-random-min-deterministic,baseline,joint_triangular,True,True,True,0,b3cdd5b3089c9ea55f14a791b74702bfbc5777b8a6e8e8c8d19d3caf3f12b4bd,b3cdd5b3089c9ea55f14a791b74702bfbc5777b8a6e8e8c8d19d3caf3f12b4bd,6644.546522,5372.517414,-1272.0291079999997,-79.50181924999998,-6735.145541354901,-1347.02910827098,70,5,0,0,14,5,0,0,1,1.3008616999723017,0.0,2.7098121790913865e-07,19.143956683700374
tune,3,local-p3-11303-random-min-deterministic,active,nearest_safe,True,True,True,0,b3cdd5b3089c9ea55f14a791b74702bfbc5777b8a6e8e8c8d19d3caf3f12b4bd,b3cdd5b3089c9ea55f14a791b74702bfbc5777b8a6e8e8c8d19d3caf3f12b4bd,5520.854325,5514.25112,-6.603205000000344,-0.4127003125000215,-33.0160320159448,-6.6032064031887785,0,0,0,0,0,0,0,0,0,0.07245430001057684,0.0,1.4031884347787127e-06,0.1196047678725945
tune,3,local-p3-11303-random-min-deterministic,nearest_safe,immediate,True,True,True,0,b3cdd5b3089c9ea55f14a791b74702bfbc5777b8a6e8e8c8d19d3caf3f12b4bd,b3cdd5b3089c9ea55f14a791b74702bfbc5777b8a6e8e8c8d19d3caf3f12b4bd,5514.25112,6433.543736,919.2926159999997,57.45578849999998,4396.463101356647,879.2926202713297,45,-20,15,0,9,-20,5,0,3,0.15926420001778752,0.0,-4.271329089533538e-06,-16.67121420469512
tune,3,local-p3-11303-random-min-deterministic,nearest_safe,joint_square,True,True,True,0,b3cdd5b3089c9ea55f14a791b74702bfbc5777b8a6e8e8c8d19d3caf3f12b4bd,b3cdd5b3089c9ea55f14a791b74702bfbc5777b8a6e8e8c8d19d3caf3f12b4bd,5514.25112,5372.517414,-141.73370599999998,-8.858356624999999,-1108.6685325737526,-221.73370651475034,75,5,0,0,15,5,0,0,1,0.11580449994653463,0.0,5.147512638359331e-07,2.5703164929492726
tune,3,local-p3-11303-random-min-deterministic,joint_square,joint_triangular,True,True,True,0,b3cdd5b3089c9ea55f14a791b74702bfbc5777b8a6e8e8c8d19d3caf3f12b4bd,b3cdd5b3089c9ea55f14a791b74702bfbc5777b8a6e8e8c8d19d3caf3f12b4bd,5372.517414,5372.517414,0.0,0.0,0.0,0.0,0,0,0,0,0,0,0,0,0,0.06464509991928935,0.0,0.0,0.0
tune,4,local-p4-11400-random-min-deterministic,baseline,active,True,True,True,0,b3cdd5b3089c9ea55f14a791b74702bfbc5777b8a6e8e8c8d19d3caf3f12b4bd,b3cdd5b3089c9ea55f14a791b74702bfbc5777b8a6e8e8c8d19d3caf3f12b4bd,13254.42786,13260.527864,6.100003999999899,0.6100003999999899,-1114.499967892065,-222.89999357841225,40,0,189,0,8,0,63,0,2,1.4536966000450775,0.0,-2.4215860321419314e-06,-0.04602238636349482
tune,4,local-p4-11400-random-min-deterministic,baseline,joint_triangular,True,True,True,0,b3cdd5b3089c9ea55f14a791b74702bfbc5777b8a6e8e8c8d19d3caf3f12b4bd,b3cdd5b3089c9ea55f14a791b74702bfbc5777b8a6e8e8c8d19d3caf3f12b4bd,13254.42786,10979.771944,-2274.6559159999997,-227.46559160000015,-7378.279565470504,-1475.6559130941005,-785,-155,141,0,-157,-155,47,0,5,1.5914060999639332,0.0,-2.90589923679363e-06,17.161479469548375
tune,4,local-p4-11400-random-min-deterministic,active,nearest_safe,True,True,True,0,b3cdd5b3089c9ea55f14a791b74702bfbc5777b8a6e8e8c8d19d3caf3f12b4bd,b3cdd5b3089c9ea55f14a791b74702bfbc5777b8a6e8e8c8d19d3caf3f12b4bd,13260.527864,13252.962867,-7.564996999999494,-0.7564996999999494,-37.82498575679347,-7.564997151359421,0,0,0,0,0,0,0,0,0,0.00915319996420294,0.0,1.5135810826905072e-07,0.057048988378035306
tune,4,local-p4-11400-random-min-deterministic,nearest_safe,immediate,True,True,True,0,b3cdd5b3089c9ea55f14a791b74702bfbc5777b8a6e8e8c8d19d3caf3f12b4bd,b3cdd5b3089c9ea55f14a791b74702bfbc5777b8a6e8e8c8d19d3caf3f12b4bd,13252.962867,13980.927978,727.9651109999995,72.79651109999986,4019.8255709649748,803.9651141929953,60,-10,-126,0,12,-10,-42,0,2,-0.14749230002053082,0.0,-3.192995791323483e-06,-5.492848039381739
tune,4,local-p4-11400-random-min-deterministic,nearest_safe,joint_square,True,True,True,0,b3cdd5b3089c9ea55f14a791b74702bfbc5777b8a6e8e8c8d19d3caf3f12b4bd,b3cdd5b3089c9ea55f14a791b74702bfbc5777b8a6e8e8c8d19d3caf3f12b4bd,13252.962867,12776.307349,-476.6555179999996,-47.6655518,-3083.2775794597546,-616.6555158919509,20,6,114,0,4,6,38,0,0,0.18617510003969073,0.0,-2.1080486476421356e-06,3.5965958916769942
tune,4,local-p4-11400-random-min-deterministic,joint_square,joint_triangular,True,True,True,0,b3cdd5b3089c9ea55f14a791b74702bfbc5777b8a6e8e8c8d19d3caf3f12b4bd,b3cdd5b3089c9ea55f14a791b74702bfbc5777b8a6e8e8c8d19d3caf3f12b4bd,12776.307349,10979.771944,-1796.5354050000005,-179.6535405000002,-3142.677032361891,-628.5354064723779,-845,-161,-162,0,-169,-161,-54,0,3,-0.05761880008503795,0.0,1.4723773347213864e-06,14.061460451173438
tune,4,local-p4-11401-random-max-correlated,baseline,active,True,True,True,0,b3cdd5b3089c9ea55f14a791b74702bfbc5777b8a6e8e8c8d19d3caf3f12b4bd,b3cdd5b3089c9ea55f14a791b74702bfbc5777b8a6e8e8c8d19d3caf3f12b4bd,14614.228448,14493.807632,-120.42081599999983,-7.5263009999999895,-2887.104068847846,-577.4208137695696,55,0,402,0,11,0,134,0,5,3.459390399977565,0.0,-2.230430254712701e-06,0.8239970822166789
tune,4,local-p4-11401-random-max-correlated,baseline,joint_triangular,True,True,True,0,b3cdd5b3089c9ea55f14a791b74702bfbc5777b8a6e8e8c8d19d3caf3f12b4bd,b3cdd5b3089c9ea55f14a791b74702bfbc5777b8a6e8e8c8d19d3caf3f12b4bd,14614.228448,12046.807317,-2567.421130999999,-160.46382068749995,-10647.105617347814,-2129.421123469563,-565,-92,219,0,-113,-92,73,0,2,1.9834789000451565,0.0,-7.530436050728895e-06,17.56795536716383
tune,4,local-p4-11401-random-max-correlated,active,nearest_safe,True,True,True,0,b3cdd5b3089c9ea55f14a791b74702bfbc5777b8a6e8e8c8d19d3caf3f12b4bd,b3cdd5b3089c9ea55f14a791b74702bfbc5777b8a6e8e8c8d19d3caf3f12b4bd,14493.807632,14491.703971,-2.1036609999991924,-0.13147881249994953,-10.518302831878827,-2.1036605663757655,0,0,0,0,0,0,0,0,0,-0.5722771000582725,0.0,-4.336234269430861e-07,0.014514205331072883
tune,4,local-p4-11401-random-max-correlated,nearest_safe,immediate,True,True,True,0,b3cdd5b3089c9ea55f14a791b74702bfbc5777b8a6e8e8c8d19d3caf3f12b4bd,b3cdd5b3089c9ea55f14a791b74702bfbc5777b8a6e8e8c8d19d3caf3f12b4bd,14491.703971,14249.65282,-242.05115100000148,-15.128196937500093,484.74424980191543,96.94884996038309,-310,-68,39,0,-62,-68,13,0,2,-0.7922467000316828,0.0,-9.603845683159307e-07,1.670273913160115
tune,4,local-p4-11401-random-max-correlated,nearest_safe,joint_square,True,True,True,0,b3cdd5b3089c9ea55f14a791b74702bfbc5777b8a6e8e8c8d19d3caf3f12b4bd,b3cdd5b3089c9ea55f14a791b74702bfbc5777b8a6e8e8c8d19d3caf3f12b4bd,14491.703971,11307.458159,-3184.245812000001,-199.01536325000006,-13686.229037280958,-2737.245807456191,-285,-30,-132,0,-57,-30,-44,0,-2,-0.4061457999050617,0.0,-4.543808245216496e-06,21.972887511172864
tune,4,local-p4-11401-random-max-correlated,joint_square,joint_triangular,True,True,True,0,b3cdd5b3089c9ea55f14a791b74702bfbc5777b8a6e8e8c8d19d3caf3f12b4bd,b3cdd5b3089c9ea55f14a791b74702bfbc5777b8a6e8e8c8d19d3caf3f12b4bd,11307.458159,12046.807317,739.3491580000009,46.209322375000056,5936.74579161287,1187.3491583225732,-335,-62,-51,0,-67,-62,-17,0,-1,-0.49748859996907413,0.0,-3.2257412385661155e-07,-6.538597336409572
tune,4,local-p4-11402-random-mixed-extreme,baseline,active,True,True,True,0,b3cdd5b3089c9ea55f14a791b74702bfbc5777b8a6e8e8c8d19d3caf3f12b4bd,b3cdd5b3089c9ea55f14a791b74702bfbc5777b8a6e8e8c8d19d3caf3f12b4bd,12399.960035,11746.98796,-652.9720749999997,-65.29720749999979,-3359.8603561518175,-671.9720712303642,10,0,9,0,2,0,3,0,2,0.856281099957414,0.0,-3.7696354411309585e-06,5.265920802622971
tune,4,local-p4-11402-random-mixed-extreme,baseline,joint_triangular,True,True,True,0,b3cdd5b3089c9ea55f14a791b74702bfbc5777b8a6e8e8c8d19d3caf3f12b4bd,b3cdd5b3089c9ea55f14a791b74702bfbc5777b8a6e8e8c8d19d3caf3f12b4bd,12399.960035,10388.727567,-2011.2324680000002,-201.12324679999983,-6261.162332925793,-1252.2324665851593,-655,-116,12,0,-131,-116,4,0,2,0.8849558000219986,0.0,-1.4148408808978274e-06,16.219668953150784
tune,4,local-p4-11402-random-mixed-extreme,active,nearest_safe,True,True,True,0,b3cdd5b3089c9ea55f14a791b74702bfbc5777b8a6e8e8c8d19d3caf3f12b4bd,b3cdd5b3089c9ea55f14a791b74702bfbc5777b8a6e8e8c8d19d3caf3f12b4bd,11746.98796,11735.386843,-11.601117000000158,-1.1601117000000158,-58.00559126193548,-11.601118252387096,0,0,0,0,0,0,0,0,0,0.1137927999952808,0.0,1.252386937267147e-06,0.09875822670035458
tune,4,local-p4-11402-random-mixed-extreme,nearest_safe,immediate,True,True,True,0,b3cdd5b3089c9ea55f14a791b74702bfbc5777b8a6e8e8c8d19d3caf3f12b4bd,b3cdd5b3089c9ea55f14a791b74702bfbc5777b8a6e8e8c8d19d3caf3f12b4bd,11735.386843,14064.679451,2329.2926079999997,232.92926079999984,10941.463042064832,2188.2926084129667,40,-10,111,0,8,-10,37,0,2,0.24498940003104508,0.0,-4.1296698327641934e-07,-19.848451858997656
tune,4,local-p4-11402-random-mixed-extreme,nearest_safe,joint_square,True,True,True,0,b3cdd5b3089c9ea55f14a791b74702bfbc5777b8a6e8e8c8d19d3caf3f12b4bd,b3cdd5b3089c9ea55f14a791b74702bfbc5777b8a6e8e8c8d19d3caf3f12b4bd,11735.386843,11724.991944,-10.394899000000805,-1.0394899000002624,-816.9745115306578,-163.39490230613046,35,7,111,0,7,7,37,0,2,0.5822607000591233,0.0,3.3061314752558246e-06,0.08857738683067974
tune,4,local-p4-11402-random-mixed-extreme,joint_square,joint_triangular,True,True,True,0,b3cdd5b3089c9ea55f14a791b74702bfbc5777b8a6e8e8c8d19d3caf3f12b4bd,b3cdd5b3089c9ea55f14a791b74702bfbc5777b8a6e8e8c8d19d3caf3f12b4bd,11724.991944,10388.727567,-1336.2643769999995,-133.62643769999977,-2026.321873981382,-405.2643747962775,-700,-123,-108,0,-140,-123,-36,0,-2,-0.6673787999898195,0.0,-2.2037238522898406e-06,11.396718934922617
tune,4,local-p4-11403-random-min-deterministic,baseline,active,True,True,True,0,b3cdd5b3089c9ea55f14a791b74702bfbc5777b8a6e8e8c8d19d3caf3f12b4bd,b3cdd5b3089c9ea55f14a791b74702bfbc5777b8a6e8e8c8d19d3caf3f12b4bd,14986.822804,14103.558257,-883.2645469999989,-55.20403418749993,-6006.322728135805,-1201.264545627162,0,0,318,0,0,0,106,0,6,3.1651041000150144,0.0,-1.37283859658055e-06,5.893607728278836
tune,4,local-p4-11403-random-min-deterministic,baseline,joint_triangular,True,True,True,0,b3cdd5b3089c9ea55f14a791b74702bfbc5777b8a6e8e8c8d19d3caf3f12b4bd,b3cdd5b3089c9ea55f14a791b74702bfbc5777b8a6e8e8c8d19d3caf3f12b4bd,14986.822804,11649.179633,-3337.6431709999997,-208.60269818749998,-13138.215837875956,-2627.643167575192,-675,-122,87,0,-135,-122,29,0,6,2.629932300071232,0.0,-3.4248096199007705e-06,22.27051867263807
tune,4,local-p4-11403-random-min-deterministic,active,nearest_safe,True,True,True,0,b3cdd5b3089c9ea55f14a791b74702bfbc5777b8a6e8e8c8d19d3caf3f12b4bd,b3cdd5b3089c9ea55f14a791b74702bfbc5777b8a6e8e8c8d19d3caf3f12b4bd,14103.558257,12258.335355,-1845.2229020000013,-115.32643137500008,-6691.114497047711,-1338.2228994095422,-90,0,-417,0,-18,0,-139,0,-5,-1.3146620999323204,0.0,-2.590459189377725e-06,13.083385542681501
tune,4,local-p4-11403-random-min-deterministic,nearest_safe,immediate,True,True,True,0,b3cdd5b3089c9ea55f14a791b74702bfbc5777b8a6e8e8c8d19d3caf3f12b4bd,b3cdd5b3089c9ea55f14a791b74702bfbc5777b8a6e8e8c8d19d3caf3f12b4bd,12258.335355,14538.237308,2279.9019530000005,142.49387206250003,9849.509754710314,1969.9019509420632,55,-33,288,0,11,-33,96,0,10,0.5741625999798998,0.0,2.057937308563851e-06,-18.598789207296903
tune,4,local-p4-11403-random-min-deterministic,nearest_safe,joint_square,True,True,True,0,b3cdd5b3089c9ea55f14a791b74702bfbc5777b8a6e8e8c8d19d3caf3f12b4bd,b3cdd5b3089c9ea55f14a791b74702bfbc5777b8a6e8e8c8d19d3caf3f12b4bd,12258.335355,11631.797908,-626.5374469999988,-39.158590437499925,-3772.6872183265223,-754.5374436653037,-25,9,144,0,-5,9,48,0,-1,0.06232019991148263,0.0,-3.3346932468703017e-06,5.111113612538289
tune,4,local-p4-11403-random-min-deterministic,joint_square,joint_triangular,True,True,True,0,b3cdd5b3089c9ea55f14a791b74702bfbc5777b8a6e8e8c8d19d3caf3f12b4bd,b3cdd5b3089c9ea55f14a791b74702bfbc5777b8a6e8e8c8d19d3caf3f12b4bd,11631.797908,11649.179633,17.38172499999928,1.086357812499955,3331.908605634082,666.381721126816,-560,-131,42,0,-112,-131,14,0,6,0.7171701000770554,0.0,3.873181412927806e-06,-0.1494328317726759
test,3,local-p3-71300-random-min-deterministic,baseline,active,True,True,True,0,b3cdd5b3089c9ea55f14a791b74702bfbc5777b8a6e8e8c8d19d3caf3f12b4bd,b3cdd5b3089c9ea55f14a791b74702bfbc5777b8a6e8e8c8d19d3caf3f12b4bd,5690.780398,4930.861015,-759.9193829999995,-75.9919382999999,-3824.5969016870295,-764.9193803374064,5,0,0,0,1,0,0,0,1,0.5948019998613745,0.0,-2.6625939426594414e-06,13.353517968591266
test,3,local-p3-71300-random-min-deterministic,baseline,joint_triangular,True,True,True,0,b3cdd5b3089c9ea55f14a791b74702bfbc5777b8a6e8e8c8d19d3caf3f12b4bd,b3cdd5b3089c9ea55f14a791b74702bfbc5777b8a6e8e8c8d19d3caf3f12b4bd,5690.780398,4075.54707,-1615.2333279999998,-161.52333279999993,-8466.16662218581,-1693.2333244371625,65,4,9,0,13,4,3,0,2,0.8528199999127537,0.0,-3.562838173820637e-06,28.383336116214686
test,3,local-p3-71300-random-min-deterministic,active,nearest_safe,True,True,True,0,b3cdd5b3089c9ea55f14a791b74702bfbc5777b8a6e8e8c8d19d3caf3f12b4bd,b3cdd5b3089c9ea55f14a791b74702bfbc5777b8a6e8e8c8d19d3caf3f12b4bd,4930.861015,4919.332041,-11.528974000000744,-1.1528974000000858,-57.644876382608345,-11.528975276521123,0,0,0,0,0,0,0,0,0,0.0036957000847905874,0.0,1.2765212886733934e-06,0.23381259307307292
test,3,local-p3-71300-random-min-deterministic,nearest_safe,immediate,True,True,True,0,b3cdd5b3089c9ea55f14a791b74702bfbc5777b8a6e8e8c8d19d3caf3f12b4bd,b3cdd5b3089c9ea55f14a791b74702bfbc5777b8a6e8e8c8d19d3caf3f12b4bd,4919.332041,5785.001045,865.6690040000003,86.56690040000007,3958.345050798558,791.6690101597114,75,-10,9,0,15,-10,3,0,1,0.27981310000177473,0.0,-6.159712029329967e-06,-17.59728753385851
test,3,local-p3-71300-random-min-deterministic,nearest_safe,joint_square,True,True,True,0,b3cdd5b3089c9ea55f14a791b74702bfbc5777b8a6e8e8c8d19d3caf3f12b4bd,b3cdd5b3089c9ea55f14a791b74702bfbc5777b8a6e8e8c8d19d3caf3f12b4bd,4919.332041,4075.54707,-843.7849709999996,-84.37849709999995,-4583.924844116173,-916.784968823235,60,4,9,0,12,4,3,0,1,0.2720654000295326,0.0,-2.1767655198345892e-06,17.152429719472146
test,3,local-p3-71300-random-min-deterministic,joint_square,joint_triangular,True,True,True,0,b3cdd5b3089c9ea55f14a791b74702bfbc5777b8a6e8e8c8d19d3caf3f12b4bd,b3cdd5b3089c9ea55f14a791b74702bfbc5777b8a6e8e8c8d19d3caf3f12b4bd,4075.54707,4075.54707,0.0,0.0,0.0,0.0,0,0,0,0,0,0,0,0,0,-0.017743100062943995,0.0,0.0,0.0
test,3,local-p3-71301-random-max-correlated,baseline,active,True,True,True,0,b3cdd5b3089c9ea55f14a791b74702bfbc5777b8a6e8e8c8d19d3caf3f12b4bd,b3cdd5b3089c9ea55f14a791b74702bfbc5777b8a6e8e8c8d19d3caf3f12b4bd,7978.552276,6541.37327,-1437.1790060000003,-89.82368787500002,-7275.895020717235,-1455.179004143447,0,0,18,0,0,0,6,0,4,1.6138671999797225,0.0,-1.856553353718482e-06,18.01302988667665
test,3,local-p3-71301-random-max-correlated,baseline,joint_triangular,True,True,True,0,b3cdd5b3089c9ea55f14a791b74702bfbc5777b8a6e8e8c8d19d3caf3f12b4bd,b3cdd5b3089c9ea55f14a791b74702bfbc5777b8a6e8e8c8d19d3caf3f12b4bd,7978.552276,6295.873785,-1682.6784910000006,-105.16740568750004,-8888.392452858727,-1777.678490571745,35,3,57,0,7,3,19,0,5,1.7528370999498293,0.0,-4.282546797185205e-07,21.090022760916238
test,3,local-p3-71301-random-max-correlated,active,nearest_safe,True,True,True,0,b3cdd5b3089c9ea55f14a791b74702bfbc5777b8a6e8e8c8d19d3caf3f12b4bd,b3cdd5b3089c9ea55f14a791b74702bfbc5777b8a6e8e8c8d19d3caf3f12b4bd,6541.37327,6531.75431,-9.618959999999788,-0.6011849999999868,-48.094804767213645,-9.618960953443093,0,0,0,0,0,0,0,0,0,0.008397300029173493,0.0,9.534433047519997e-07,0.14704802192093508
test,3,local-p3-71301-random-max-correlated,nearest_safe,immediate,True,True,True,0,b3cdd5b3089c9ea55f14a791b74702bfbc5777b8a6e8e8c8d19d3caf3f12b4bd,b3cdd5b3089c9ea55f14a791b74702bfbc5777b8a6e8e8c8d19d3caf3f12b4bd,6531.75431,9308.72157,2776.9672599999994,173.56045374999997,13159.836302753716,2631.967260550744,85,-21,81,0,17,-21,27,0,6,0.37028959987219423,0.0,-5.507445166585967e-07,-42.51487622166853
test,3,local-p3-71301-random-max-correlated,nearest_safe,joint_square,True,True,True,0,b3cdd5b3089c9ea55f14a791b74702bfbc5777b8a6e8e8c8d19d3caf3f12b4bd,b3cdd5b3089c9ea55f14a791b74702bfbc5777b8a6e8e8c8d19d3caf3f12b4bd,6531.75431,6295.873785,-235.8805250000005,-14.74253281250003,-1564.4026273742784,-312.88052547485495,35,3,39,0,7,3,13,0,1,-0.00686129997484386,0.0,4.748553692479618e-07,3.6112890014688945
test,3,local-p3-71301-random-max-correlated,joint_square,joint_triangular,True,True,True,0,b3cdd5b3089c9ea55f14a791b74702bfbc5777b8a6e8e8c8d19d3caf3f12b4bd,b3cdd5b3089c9ea55f14a791b74702bfbc5777b8a6e8e8c8d19d3caf3f12b4bd,6295.873785,6295.873785,0.0,0.0,0.0,0.0,0,0,0,0,0,0,0,0,0,0.13743389991577715,0.0,0.0,0.0
test,3,local-p3-71302-random-mixed-extreme,baseline,active,True,True,True,0,b3cdd5b3089c9ea55f14a791b74702bfbc5777b8a6e8e8c8d19d3caf3f12b4bd,b3cdd5b3089c9ea55f14a791b74702bfbc5777b8a6e8e8c8d19d3caf3f12b4bd,6133.491751,5364.804516,-768.6872349999994,-76.86872349999987,-3983.436184044218,-796.6872368088434,10,0,18,0,2,0,6,0,2,0.8919426000211388,0.0,1.8088448996422812e-06,12.532620344270834
test,3,local-p3-71302-random-mixed-extreme,baseline,joint_triangular,True,True,True,0,b3cdd5b3089c9ea55f14a791b74702bfbc5777b8a6e8e8c8d19d3caf3f12b4bd,b3cdd5b3089c9ea55f14a791b74702bfbc5777b8a6e8e8c8d19d3caf3f12b4bd,6133.491751,4521.563999,-1611.9277519999996,-161.19277519999991,-8024.63873886078,-1604.9277477721562,-10,3,0,0,-2,3,0,0,0,0.7090982999652624,0.0,-4.227843419357669e-06,26.2807519344457
test,3,local-p3-71302-random-mixed-extreme,active,nearest_safe,True,True,True,0,b3cdd5b3089c9ea55f14a791b74702bfbc5777b8a6e8e8c8d19d3caf3f12b4bd,b3cdd5b3089c9ea55f14a791b74702bfbc5777b8a6e8e8c8d19d3caf3f12b4bd,5364.804516,5343.769889,-21.034627,-2.103462700000023,-105.17312182619935,-21.034624365240234,0,0,0,0,0,0,0,0,0,-0.1100641000084579,0.0,-2.6347606763010845e-06,0.392085619098819
test,3,local-p3-71302-random-mixed-extreme,nearest_safe,immediate,True,True,True,0,b3cdd5b3089c9ea55f14a791b74702bfbc5777b8a6e8e8c8d19d3caf3f12b4bd,b3cdd5b3089c9ea55f14a791b74702bfbc5777b8a6e8e8c8d19d3caf3f12b4bd,5343.769889,5168.670247,-175.09964200000013,-17.509964200000013,-760.4981867007846,-152.09963734015673,5,-10,-18,0,1,-10,-6,0,-2,0.021672400063835084,0.0,-4.65984339825809e-06,3.2767062511512295
test,3,local-p3-71302-random-mixed-extreme,nearest_safe,joint_square,True,True,True,0,b3cdd5b3089c9ea55f14a791b74702bfbc5777b8a6e8e8c8d19d3caf3f12b4bd,b3cdd5b3089c9ea55f14a791b74702bfbc5777b8a6e8e8c8d19d3caf3f12b4bd,5343.769889,4521.563999,-822.2058900000002,-82.22058900000002,-3936.0294329903627,-787.2058865980725,-20,3,-18,0,-4,3,-6,0,-2,-0.06792849989142269,0.0,-3.4019276426988654e-06,15.386251786262127
test,3,local-p3-71302-random-mixed-extreme,joint_square,joint_triangular,True,True,True,0,b3cdd5b3089c9ea55f14a791b74702bfbc5777b8a6e8e8c8d19d3caf3f12b4bd,b3cdd5b3089c9ea55f14a791b74702bfbc5777b8a6e8e8c8d19d3caf3f12b4bd,4521.563999,4521.563999,0.0,0.0,0.0,0.0,0,0,0,0,0,0,0,0,0,-0.004851700155995786,0.0,0.0,0.0
test,3,local-p3-71303-random-min-deterministic,baseline,active,True,True,True,0,b3cdd5b3089c9ea55f14a791b74702bfbc5777b8a6e8e8c8d19d3caf3f12b4bd,b3cdd5b3089c9ea55f14a791b74702bfbc5777b8a6e8e8c8d19d3caf3f12b4bd,6534.379192,5555.71456,-978.664632,-61.1665395,-5103.323128524222,-1020.6646257048451,30,0,12,0,6,0,4,0,4,1.1966668999521062,0.0,-6.295155799307395e-06,14.977163143488413
test,3,local-p3-71303-random-min-deterministic,baseline,joint_triangular,True,True,True,0,b3cdd5b3089c9ea55f14a791b74702bfbc5777b8a6e8e8c8d19d3caf3f12b4bd,b3cdd5b3089c9ea55f14a791b74702bfbc5777b8a6e8e8c8d19d3caf3f12b4bd,6534.379192,5734.272641,-800.1065510000008,-50.00665943750005,-4385.53275050005,-877.1065501000103,60,5,12,0,12,5,4,0,4,1.2794191999128088,0.0,-8.999913916341029e-07,12.24456872627726
test,3,local-p3-71303-random-min-deterministic,active,nearest_safe,True,True,True,0,b3cdd5b3089c9ea55f14a791b74702bfbc5777b8a6e8e8c8d19d3caf3f12b4bd,b3cdd5b3089c9ea55f14a791b74702bfbc5777b8a6e8e8c8d19d3caf3f12b4bd,5555.71456,5534.080665,-21.63389499999994,-1.3521184374999962,-108.16946999053835,-21.63389399810785,0,0,0,0,0,0,0,0,0,0.031369399977847934,0.0,-1.0018920875154436e-06,0.3893989650900988
test,3,local-p3-71303-random-min-deterministic,nearest_safe,immediate,True,True,True,0,b3cdd5b3089c9ea55f14a791b74702bfbc5777b8a6e8e8c8d19d3caf3f12b4bd,b3cdd5b3089c9ea55f14a791b74702bfbc5777b8a6e8e8c8d19d3caf3f12b4bd,5534.080665,7405.38279,1871.3021249999993,116.95638281249995,9121.51061869364,1824.3021237387284,45,-19,21,0,9,-19,7,0,2,0.15003230003640056,0.0,1.261270881514065e-06,-33.81414616586546
test,3,local-p3-71303-random-min-deterministic,nearest_safe,joint_square,True,True,True,0,b3cdd5b3089c9ea55f14a791b74702bfbc5777b8a6e8e8c8d19d3caf3f12b4bd,b3cdd5b3089c9ea55f14a791b74702bfbc5777b8a6e8e8c8d19d3caf3f12b4bd,5534.080665,5734.272641,200.19197599999916,12.511998499999947,825.9598480147106,165.19196960294266,30,5,0,0,6,5,0,0,0,0.01488709996920079,0.0,6.3970564951887354e-06,-3.6174387060546964
test,3,local-p3-71303-random-min-deterministic,joint_square,joint_triangular,True,True,True,0,b3cdd5b3089c9ea55f14a791b74702bfbc5777b8a6e8e8c8d19d3caf3f12b4bd,b3cdd5b3089c9ea55f14a791b74702bfbc5777b8a6e8e8c8d19d3caf3f12b4bd,5734.272641,5734.272641,0.0,0.0,0.0,0.0,0,0,0,0,0,0,0,0,0,0.036495800013653934,0.0,0.0,0.0
test,3,local-p3-71304-random-max-correlated,baseline,active,True,True,True,0,b3cdd5b3089c9ea55f14a791b74702bfbc5777b8a6e8e8c8d19d3caf3f12b4bd,b3cdd5b3089c9ea55f14a791b74702bfbc5777b8a6e8e8c8d19d3caf3f12b4bd,6398.973543,5705.299245,-693.6742979999999,-69.36742979999997,-3813.371486052103,-762.6742972104212,30,0,39,0,6,0,13,0,4,1.2532631000503898,0.0,-7.895796443335712e-07,10.84039953187223
test,3,local-p3-71304-random-max-correlated,baseline,joint_triangular,True,True,True,0,b3cdd5b3089c9ea55f14a791b74702bfbc5777b8a6e8e8c8d19d3caf3f12b4bd,b3cdd5b3089c9ea55f14a791b74702bfbc5777b8a6e8e8c8d19d3caf3f12b4bd,6398.973543,4255.22254,-2143.7510030000003,-214.37510029999999,-11023.755012556332,-2204.751002511267,10,6,45,0,2,6,15,0,4,1.0766699000960216,0.0,-4.887342583970167e-07,33.501482520506805
test,3,local-p3-71304-random-max-correlated,active,nearest_safe,True,True,True,0,b3cdd5b3089c9ea55f14a791b74702bfbc5777b8a6e8e8c8d19d3caf3f12b4bd,b3cdd5b3089c9ea55f14a791b74702bfbc5777b8a6e8e8c8d19d3caf3f12b4bd,5705.299245,5705.028402,-0.27084300000024086,-0.027084299999955874,-1.3542066990303283,-0.27084133980588376,0,0,0,0,0,0,0,0,0,-0.03797499998472631,0.0,-1.6601943571004085e-06,0.004747218127736276
test,3,local-p3-71304-random-max-correlated,nearest_safe,immediate,True,True,True,0,b3cdd5b3089c9ea55f14a791b74702bfbc5777b8a6e8e8c8d19d3caf3f12b4bd,b3cdd5b3089c9ea55f14a791b74702bfbc5777b8a6e8e8c8d19d3caf3f12b4bd,5705.028402,7333.719081,1628.6906790000003,162.8690679,8083.4534189004335,1616.690683780087,-5,-10,27,0,-1,-10,9,0,1,-0.2789357000729069,0.0,-4.780085873790085e-06,-28.548336033332166
test,3,local-p3-71304-random-max-correlated,nearest_safe,joint_square,True,True,True,0,b3cdd5b3089c9ea55f14a791b74702bfbc5777b8a6e8e8c8d19d3caf3f12b4bd,b3cdd5b3089c9ea55f14a791b74702bfbc5777b8a6e8e8c8d19d3caf3f12b4bd,5705.028402,4255.22254,-1449.8058620000002,-144.98058620000006,-7209.029319805199,-1441.80586396104,-20,6,6,0,-4,6,2,0,0,-0.10478309995960444,0.0,1.961039743036963e-06,25.412772029175958
test,3,local-p3-71304-random-max-correlated,joint_square,joint_triangular,True,True,True,0,b3cdd5b3089c9ea55f14a791b74702bfbc5777b8a6e8e8c8d19d3caf3f12b4bd,b3cdd5b3089c9ea55f14a791b74702bfbc5777b8a6e8e8c8d19d3caf3f12b4bd,4255.22254,4255.22254,0.0,0.0,0.0,0.0,0,0,0,0,0,0,0,0,0,-0.03383510001003742,0.0,0.0,0.0
test,3,local-p3-71305-random-mixed-extreme,baseline,active,True,True,True,0,b3cdd5b3089c9ea55f14a791b74702bfbc5777b8a6e8e8c8d19d3caf3f12b4bd,b3cdd5b3089c9ea55f14a791b74702bfbc5777b8a6e8e8c8d19d3caf3f12b4bd,8089.194614,6157.090242,-1932.1043719999998,-120.75652324999999,-9385.5218323025,-1877.1043664605004,-55,0,0,0,-11,0,0,0,-2,1.3706081999698654,0.0,-5.539500307349954e-06,23.885002947711254
test,3,local-p3-71305-random-mixed-extreme,baseline,joint_triangular,True,True,True,0,b3cdd5b3089c9ea55f14a791b74702bfbc5777b8a6e8e8c8d19d3caf3f12b4bd,b3cdd5b3089c9ea55f14a791b74702bfbc5777b8a6e8e8c8d19d3caf3f12b4bd,8089.194614,5838.085899,-2251.1087150000003,-140.69429468750002,-11420.543563377905,-2284.108712675581,5,4,24,0,1,4,8,0,2,1.6826628999551758,0.0,-2.324419256183319e-06,27.828588906786813
test,3,local-p3-71305-random-mixed-extreme,active,nearest_safe,True,True,True,0,b3cdd5b3089c9ea55f14a791b74702bfbc5777b8a6e8e8c8d19d3caf3f12b4bd,b3cdd5b3089c9ea55f14a791b74702bfbc5777b8a6e8e8c8d19d3caf3f12b4bd,6157.090242,6107.60017,-49.49007200000051,-3.093129500000032,-247.45037139553824,-49.49007427910783,0,0,0,0,0,0,0,0,0,-0.009155199979431927,0.0,2.2791073206462897e-06,0.8037899406185203
test,3,local-p3-71305-random-mixed-extreme,nearest_safe,immediate,True,True,True,0,b3cdd5b3089c9ea55f14a791b74702bfbc5777b8a6e8e8c8d19d3caf3f12b4bd,b3cdd5b3089c9ea55f14a791b74702bfbc5777b8a6e8e8c8d19d3caf3f12b4bd,6107.60017,8749.828506,2642.228336,165.139271,12721.141697766245,2544.2283395532495,50,-21,69,0,10,-21,23,0,8,1.0461607000324875,0.0,-3.553249371179845e-06,-43.26131807020367
test,3,local-p3-71305-random-mixed-extreme,nearest_safe,joint_square,True,True,True,0,b3cdd5b3089c9ea55f14a791b74702bfbc5777b8a6e8e8c8d19d3caf3f12b4bd,b3cdd5b3089c9ea55f14a791b74702bfbc5777b8a6e8e8c8d19d3caf3f12b4bd,6107.60017,5838.085899,-269.514271,-16.8446419375,-1787.5713596798669,-357.51427193597283,60,4,24,0,12,4,8,0,4,1.0293914000503719,0.0,9.359737305203453e-07,4.412768738920249
test,3,local-p3-71305-random-mixed-extreme,joint_square,joint_triangular,True,True,True,0,b3cdd5b3089c9ea55f14a791b74702bfbc5777b8a6e8e8c8d19d3caf3f12b4bd,b3cdd5b3089c9ea55f14a791b74702bfbc5777b8a6e8e8c8d19d3caf3f12b4bd,5838.085899,5838.085899,0.0,0.0,0.0,0.0,0,0,0,0,0,0,0,0,0,-0.7081815000856295,0.0,0.0,0.0
test,3,local-p3-71306-random-min-deterministic,baseline,active,True,True,True,0,b3cdd5b3089c9ea55f14a791b74702bfbc5777b8a6e8e8c8d19d3caf3f12b4bd,b3cdd5b3089c9ea55f14a791b74702bfbc5777b8a6e8e8c8d19d3caf3f12b4bd,5287.132719,4741.100144,-546.0325750000002,-54.603257499999984,-2830.1628707487107,-566.0325741497422,20,0,0,0,4,0,0,0,1,0.9308646999998018,0.0,-8.502574928570539e-07,10.32757458570618
test,3,local-p3-71306-random-min-deterministic,baseline,joint_triangular,True,True,True,0,b3cdd5b3089c9ea55f14a791b74702bfbc5777b8a6e8e8c8d19d3caf3f12b4bd,b3cdd5b3089c9ea55f14a791b74702bfbc5777b8a6e8e8c8d19d3caf3f12b4bd,5287.132719,4442.669461,-844.4632579999998,-84.44632579999995,-4422.3162814233,-884.46325628466,35,5,0,0,7,5,0,0,2,1.0858325000153854,0.0,-1.7153397493530065e-06,15.972045773795521
test,3,local-p3-71306-random-min-deterministic,active,nearest_safe,True,True,True,0,b3cdd5b3089c9ea55f14a791b74702bfbc5777b8a6e8e8c8d19d3caf3f12b4bd,b3cdd5b3089c9ea55f14a791b74702bfbc5777b8a6e8e8c8d19d3caf3f12b4bd,4741.100144,4736.512411,-4.5877330000002985,-0.4587733000000185,-22.938666234920674,-4.587733246984044,0,0,0,0,0,0,0,0,0,0.07966060005128384,0.0,2.4698329070815817e-07,0.09676515704495733
test,3,local-p3-71306-random-min-deterministic,nearest_safe,immediate,True,True,True,0,b3cdd5b3089c9ea55f14a791b74702bfbc5777b8a6e8e8c8d19d3caf3f12b4bd,b3cdd5b3089c9ea55f14a791b74702bfbc5777b8a6e8e8c8d19d3caf3f12b4bd,4736.512411,6021.94903,1285.436619,128.54366189999996,6242.183116712491,1248.436623342498,35,-10,12,0,7,-10,4,0,3,0.2617391999810934,0.0,-4.342497959441971e-06,-27.138884213936038
test,3,local-p3-71306-random-min-deterministic,nearest_safe,joint_square,True,True,True,0,b3cdd5b3089c9ea55f14a791b74702bfbc5777b8a6e8e8c8d19d3caf3f12b4bd,b3cdd5b3089c9ea55f14a791b74702bfbc5777b8a6e8e8c8d19d3caf3f12b4bd,4736.512411,4442.669461,-293.8429499999993,-29.384294999999952,-1569.2147444396687,-313.84294888793374,15,5,0,0,3,5,0,0,1,0.1872210999717936,0.0,-1.1120655472041108e-06,6.203782963126692
test,3,local-p3-71306-random-min-deterministic,joint_square,joint_triangular,True,True,True,0,b3cdd5b3089c9ea55f14a791b74702bfbc5777b8a6e8e8c8d19d3caf3f12b4bd,b3cdd5b3089c9ea55f14a791b74702bfbc5777b8a6e8e8c8d19d3caf3f12b4bd,4442.669461,4442.669461,0.0,0.0,0.0,0.0,0,0,0,0,0,0,0,0,0,-0.1119139000074938,0.0,0.0,0.0
test,3,local-p3-71307-random-max-correlated,baseline,active,True,True,True,0,b3cdd5b3089c9ea55f14a791b74702bfbc5777b8a6e8e8c8d19d3caf3f12b4bd,b3cdd5b3089c9ea55f14a791b74702bfbc5777b8a6e8e8c8d19d3caf3f12b4bd,7706.15185,6216.944308,-1489.207542,-93.075471375,-7906.03768912928,-1581.207537825856,20,0,72,0,4,0,24,0,5,2.1042236998910084,0.0,-4.17414412368089e-06,19.3249182080418
test,3,local-p3-71307-random-max-correlated,baseline,joint_triangular,True,True,True,0,b3cdd5b3089c9ea55f14a791b74702bfbc5777b8a6e8e8c8d19d3caf3f12b4bd,b3cdd5b3089c9ea55f14a791b74702bfbc5777b8a6e8e8c8d19d3caf3f12b4bd,7706.15185,5569.415449,-2136.736401,-133.5460250625,-11183.68201184316,-2236.7364023686323,35,5,60,0,7,5,20,0,6,1.7500115999719128,0.0,1.3686321835848503e-06,27.727670601248274
test,3,local-p3-71307-random-max-correlated,active,nearest_safe,True,True,True,0,b3cdd5b3089c9ea55f14a791b74702bfbc5777b8a6e8e8c8d19d3caf3f12b4bd,b3cdd5b3089c9ea55f14a791b74702bfbc5777b8a6e8e8c8d19d3caf3f12b4bd,6216.944308,6214.745698,-2.1986100000003717,-0.13741312500002323,-10.993052096924657,-2.1986104193847495,0,0,0,0,0,0,0,0,0,0.39018769992981106,0.0,4.193843778921291e-07,0.035364801276588365
test,3,local-p3-71307-random-max-correlated,nearest_safe,immediate,True,True,True,0,b3cdd5b3089c9ea55f14a791b74702bfbc5777b8a6e8e8c8d19d3caf3f12b4bd,b3cdd5b3089c9ea55f14a791b74702bfbc5777b8a6e8e8c8d19d3caf3f12b4bd,6214.745698,7835.467869,1620.7221710000003,101.29513568750002,8343.610853655766,1668.7221707311528,-55,-32,39,0,-11,-32,13,0,3,-0.9787709999363869,0.0,2.6884754333877936e-07,-26.078656308038052
test,3,local-p3-71307-random-max-correlated,nearest_safe,joint_square,True,True,True,0,b3cdd5b3089c9ea55f14a791b74702bfbc5777b8a6e8e8c8d19d3caf3f12b4bd,b3cdd5b3089c9ea55f14a791b74702bfbc5777b8a6e8e8c8d19d3caf3f12b4bd,6214.745698,5569.415449,-645.3302489999996,-40.33314056249998,-3266.651270616956,-653.3302541233916,15,5,-12,0,3,5,-4,0,1,-0.6491410998860374,0.0,5.123391929373611e-06,10.38385607970535
test,3,local-p3-71307-random-max-correlated,joint_square,joint_triangular,True,True,True,0,b3cdd5b3089c9ea55f14a791b74702bfbc5777b8a6e8e8c8d19d3caf3f12b4bd,b3cdd5b3089c9ea55f14a791b74702bfbc5777b8a6e8e8c8d19d3caf3f12b4bd,5569.415449,5569.415449,0.0,0.0,0.0,0.0,0,0,0,0,0,0,0,0,0,-0.09525869996286929,0.0,0.0,0.0
test,4,local-p4-71400-random-min-deterministic,baseline,active,True,True,True,0,b3cdd5b3089c9ea55f14a791b74702bfbc5777b8a6e8e8c8d19d3caf3f12b4bd,b3cdd5b3089c9ea55f14a791b74702bfbc5777b8a6e8e8c8d19d3caf3f12b4bd,13185.597786,12731.650608,-453.94717800000035,-45.39471780000008,-2999.7358813830215,-599.9471762766043,5,0,141,0,1,0,47,0,2,1.293805000022985,0.0,-1.723396053421311e-06,3.4427500775276596
test,4,local-p4-71400-random-min-deterministic,baseline,joint_triangular,True,True,True,0,b3cdd5b3089c9ea55f14a791b74702bfbc5777b8a6e8e8c8d19d3caf3f12b4bd,b3cdd5b3089c9ea55f14a791b74702bfbc5777b8a6e8e8c8d19d3caf3f12b4bd,13185.597786,11377.490873,-1808.1069129999996,-180.81069129999992,-5040.5345569580895,-1008.1069113916183,-895,-163,258,0,-179,-163,86,0,2,1.204422099981457,0.0,-1.6083813534351066e-06,13.712741298083452
test,4,local-p4-71400-random-min-deterministic,active,nearest_safe,True,True,True,0,b3cdd5b3089c9ea55f14a791b74702bfbc5777b8a6e8e8c8d19d3caf3f12b4bd,b3cdd5b3089c9ea55f14a791b74702bfbc5777b8a6e8e8c8d19d3caf3f12b4bd,12731.650608,12726.060204,-5.59040400000049,-0.559040399999958,-27.95202322732075,-5.590404645465242,0,0,0,0,0,0,0,0,0,-0.05460440006572753,0.0,6.454647518694401e-07,0.04390949902825428
test,4,local-p4-71400-random-min-deterministic,nearest_safe,immediate,True,True,True,0,b3cdd5b3089c9ea55f14a791b74702bfbc5777b8a6e8e8c8d19d3caf3f12b4bd,b3cdd5b3089c9ea55f14a791b74702bfbc5777b8a6e8e8c8d19d3caf3f12b4bd,12726.060204,13694.838015,968.7778109999999,96.87778109999999,5008.889036878063,1001.7778073756144,85,-10,-108,0,17,-10,-36,0,5,-0.16666379990056157,0.0,3.6243873182684183e-06,-7.612550903189174
test,4,local-p4-71400-random-min-deterministic,nearest_safe,joint_square,True,True,True,0,b3cdd5b3089c9ea55f14a791b74702bfbc5777b8a6e8e8c8d19d3caf3f12b4bd,b3cdd5b3089c9ea55f14a791b74702bfbc5777b8a6e8e8c8d19d3caf3f12b4bd,12726.060204,11984.954925,-741.1052789999994,-74.11052790000008,-3465.5263963630423,-693.1052792726077,60,9,-117,0,12,9,-39,0,3,-0.2522501000203192,0.0,2.726083039306104e-07,5.823524854668364
test,4,local-p4-71400-random-min-deterministic,joint_square,joint_triangular,True,True,True,0,b3cdd5b3089c9ea55f14a791b74702bfbc5777b8a6e8e8c8d19d3caf3f12b4bd,b3cdd5b3089c9ea55f14a791b74702bfbc5777b8a6e8e8c8d19d3caf3f12b4bd,11984.954925,11377.490873,-607.4640519999994,-60.7464051999998,1452.679744015295,290.535948803059,-960,-172,234,0,-192,-172,78,0,-3,0.2174716000445187,0.0,-8.03058355813846e-07,5.068555166051235
test,4,local-p4-71401-random-max-correlated,baseline,active,True,True,True,0,b3cdd5b3089c9ea55f14a791b74702bfbc5777b8a6e8e8c8d19d3caf3f12b4bd,b3cdd5b3089c9ea55f14a791b74702bfbc5777b8a6e8e8c8d19d3caf3f12b4bd,14309.945993,12309.057566,-2000.8884269999999,-125.05552668749999,-10604.442083578906,-2120.888416715781,15,0,105,0,3,0,35,0,4,2.376209499896504,0.0,-1.0284218660672195e-05,13.982501596992574
test,4,local-p4-71401-random-max-correlated,baseline,joint_triangular,True,True,True,0,b3cdd5b3089c9ea55f14a791b74702bfbc5777b8a6e8e8c8d19d3caf3f12b4bd,b3cdd5b3089c9ea55f14a791b74702bfbc5777b8a6e8e8c8d19d3caf3f12b4bd,14309.945993,11532.300775,-2777.6452179999997,-173.60282612499998,-12248.226056577332,-2449.6452113154664,-360,-61,93,0,-72,-61,31,0,5,2.3226480999728665,0.0,-6.68453321850393e-06,19.41059190131634
test,4,local-p4-71401-random-max-correlated,active,nearest_safe,True,True,True,0,b3cdd5b3089c9ea55f14a791b74702bfbc5777b8a6e8e8c8d19d3caf3f12b4bd,b3cdd5b3089c9ea55f14a791b74702bfbc5777b8a6e8e8c8d19d3caf3f12b4bd,12309.057566,12303.438624,-5.6189419999991514,-0.35118387499994697,-28.094707213967922,-5.618941442793584,0,0,0,0,0,0,0,0,0,0.33444960007909685,0.0,-5.572055670199916e-07,0.04564884005027125
test,4,local-p4-71401-random-max-correlated,nearest_safe,immediate,True,True,True,0,b3cdd5b3089c9ea55f14a791b74702bfbc5777b8a6e8e8c8d19d3caf3f12b4bd,b3cdd5b3089c9ea55f14a791b74702bfbc5777b8a6e8e8c8d19d3caf3f12b4bd,12303.438624,13717.13207,1413.6934459999993,88.35584037499996,7818.467212279436,1563.6934424558876,-280,-71,201,0,-56,-71,67,0,7,-0.48459000000730157,0.0,3.5441116779111326e-06,-11.490230407963704
test,4,local-p4-71401-random-max-correlated,nearest_safe,joint_square,True,True,True,0,b3cdd5b3089c9ea55f14a791b74702bfbc5777b8a6e8e8c8d19d3caf3f12b4bd,b3cdd5b3089c9ea55f14a791b74702bfbc5777b8a6e8e8c8d19d3caf3f12b4bd,12303.438624,11322.629597,-980.8090270000012,-61.30056418750007,-4459.045170921927,-891.8090341843854,-120,-14,45,0,-24,-14,15,0,3,-0.6854547000257298,0.0,7.184384230640717e-06,7.971828502373006
test,4,local-p4-71401-random-max-correlated,joint_square,joint_triangular,True,True,True,0,b3cdd5b3089c9ea55f14a791b74702bfbc5777b8a6e8e8c8d19d3caf3f12b4bd,b3cdd5b3089c9ea55f14a791b74702bfbc5777b8a6e8e8c8d19d3caf3f12b4bd,11322.629597,11532.300775,209.6711780000005,13.104448625000032,2843.3559051374687,568.6711810274937,-255,-47,-57,0,-51,-47,-19,0,-2,0.29744370002299547,0.0,-3.0274932214524597e-06,-1.851788722785334
test,4,local-p4-71402-random-mixed-extreme,baseline,active,True,True,True,0,b3cdd5b3089c9ea55f14a791b74702bfbc5777b8a6e8e8c8d19d3caf3f12b4bd,b3cdd5b3089c9ea55f14a791b74702bfbc5777b8a6e8e8c8d19d3caf3f12b4bd,14063.07244,14035.427314,-27.645125999999436,-2.764512599999989,-1633.2256133402043,-326.64512266804195,20,0,279,0,4,0,93,0,5,1.9483645000727847,0.0,-3.3319593057967722e-06,0.19657956053307107
test,4,local-p4-71402-random-mixed-extreme,baseline,joint_triangular,True,True,True,0,b3cdd5b3089c9ea55f14a791b74702bfbc5777b8a6e8e8c8d19d3caf3f12b4bd,b3cdd5b3089c9ea55f14a791b74702bfbc5777b8a6e8e8c8d19d3caf3f12b4bd,14063.07244,10826.005319,-3237.067121,-323.7067121,-11565.335576416437,-2313.0671152832883,-870,-156,102,0,-174,-156,34,0,4,1.159957200055942,0.0,-5.7167126215063035e-06,23.018206972984917
test,4,local-p4-71402-random-mixed-extreme,active,nearest_safe,True,True,True,0,b3cdd5b3089c9ea55f14a791b74702bfbc5777b8a6e8e8c8d19d3caf3f12b4bd,b3cdd5b3089c9ea55f14a791b74702bfbc5777b8a6e8e8c8d19d3caf3f12b4bd,14035.427314,14017.06348,-18.36383399999977,-1.8363833999999315,-91.81916900133365,-18.36383380026564,0,0,0,0,0,0,0,0,0,0.0063593999948352575,0.0,-1.9973231246694922e-07,0.13083915144986208
test,4,local-p4-71402-random-mixed-extreme,nearest_safe,immediate,True,True,True,0,b3cdd5b3089c9ea55f14a791b74702bfbc5777b8a6e8e8c8d19d3caf3f12b4bd,b3cdd5b3089c9ea55f14a791b74702bfbc5777b8a6e8e8c8d19d3caf3f12b4bd,14017.06348,15747.44168,1730.3781999999992,173.03781999999978,8646.891010328807,1729.3782020657618,35,-10,-24,0,7,-10,-8,0,-3,-0.6876833999995142,0.0,-2.065762600977905e-06,-12.34479819877365
test,4,local-p4-71402-random-mixed-extreme,nearest_safe,joint_square,True,True,True,0,b3cdd5b3089c9ea55f14a791b74702bfbc5777b8a6e8e8c8d19d3caf3f12b4bd,b3cdd5b3089c9ea55f14a791b74702bfbc5777b8a6e8e8c8d19d3caf3f12b4bd,14017.06348,13835.371943,-181.6915370000006,-18.16915370000015,-2033.4576843076939,-406.69153686153913,40,8,177,0,8,8,59,0,-1,-0.13926139997784048,0.0,-1.3846329238731414e-07,1.2962168378508379
test,4,local-p4-71402-random-mixed-extreme,joint_square,joint_triangular,True,True,True,0,b3cdd5b3089c9ea55f14a791b74702bfbc5777b8a6e8e8c8d19d3caf3f12b4bd,b3cdd5b3089c9ea55f14a791b74702bfbc5777b8a6e8e8c8d19d3caf3f12b4bd,13835.371943,10826.005319,-3009.3666240000002,-300.93666239999993,-7806.833109767205,-1561.3666219534416,-930,-164,-354,0,-186,-164,-118,0,0,-0.6555053000338376,0.0,-2.046557710855268e-06,21.751252054503585
test,4,local-p4-71403-random-min-deterministic,baseline,active,True,True,True,0,b3cdd5b3089c9ea55f14a791b74702bfbc5777b8a6e8e8c8d19d3caf3f12b4bd,b3cdd5b3089c9ea55f14a791b74702bfbc5777b8a6e8e8c8d19d3caf3f12b4bd,13660.375999,14586.386781,926.0107819999994,57.87567387499996,1205.0539366136436,241.010787322728,40,0,645,0,8,0,215,0,5,2.9251875000772998,0.0,-5.322730430634692e-06,-6.778808885405405
test,4,local-p4-71403-random-min-deterministic,baseline,joint_triangular,True,True,True,0,b3cdd5b3089c9ea55f14a791b74702bfbc5777b8a6e8e8c8d19d3caf3f12b4bd,b3cdd5b3089c9ea55f14a791b74702bfbc5777b8a6e8e8c8d19d3caf3f12b4bd,13660.375999,11586.916275,-2073.4597240000003,-129.59123275000002,-8102.298585451346,-1620.4597170902707,-630,-108,285,0,-126,-108,95,0,4,1.6911307000555098,0.0,-6.909731382620521e-06,15.17864313655632
test,4,local-p4-71403-random-min-deterministic,active,nearest_safe,True,True,True,0,b3cdd5b3089c9ea55f14a791b74702bfbc5777b8a6e8e8c8d19d3caf3f12b4bd,b3cdd5b3089c9ea55f14a791b74702bfbc5777b8a6e8e8c8d19d3caf3f12b4bd,14586.386781,14575.740808,-10.645972999998776,-0.6653733124999235,-53.22987607695541,-10.645975215391445,0,0,0,0,0,0,0,0,0,0.08020549989305437,0.0,2.2153926693135872e-06,0.07298567602681463
test,4,local-p4-71403-random-min-deterministic,nearest_safe,immediate,True,True,True,0,b3cdd5b3089c9ea55f14a791b74702bfbc5777b8a6e8e8c8d19d3caf3f12b4bd,b3cdd5b3089c9ea55f14a791b74702bfbc5777b8a6e8e8c8d19d3caf3f12b4bd,14575.740808,12665.854387,-1909.886421000001,-119.36790131250007,-5609.43209053707,-1121.8864181074132,-145,-43,-600,0,-29,-43,-200,0,1,-1.2892349999165162,0.0,-2.8925860533490777e-06,13.103185945456344
test,4,local-p4-71403-random-min-deterministic,nearest_safe,joint_square,True,True,True,0,b3cdd5b3089c9ea55f14a791b74702bfbc5777b8a6e8e8c8d19d3caf3f12b4bd,b3cdd5b3089c9ea55f14a791b74702bfbc5777b8a6e8e8c8d19d3caf3f12b4bd,14575.740808,10299.086095,-4276.654713,-267.2909195625,-17483.27355655554,-3496.6547113111083,-185,-16,-579,0,-37,-16,-193,0,0,-1.0945148998871446,0.0,-1.6888916434254497e-06,29.340908083743688
test,4,local-p4-71403-random-min-deterministic,joint_square,joint_triangular,True,True,True,0,b3cdd5b3089c9ea55f14a791b74702bfbc5777b8a6e8e8c8d19d3caf3f12b4bd,b3cdd5b3089c9ea55f14a791b74702bfbc5777b8a6e8e8c8d19d3caf3f12b4bd,10299.086095,11586.916275,1287.830179999999,80.48938624999994,8229.150910567507,1645.830182113501,-485,-92,219,0,-97,-92,73,0,-1,-0.21974740002769977,0.0,-2.113501977873966e-06,-12.504315121952565
test,4,local-p4-71404-random-max-correlated,baseline,active,True,True,True,0,b3cdd5b3089c9ea55f14a791b74702bfbc5777b8a6e8e8c8d19d3caf3f12b4bd,b3cdd5b3089c9ea55f14a791b74702bfbc5777b8a6e8e8c8d19d3caf3f12b4bd,12567.944224,11841.937503,-726.0067210000016,-72.60067210000011,-3730.0335831602206,-746.0067166320441,20,0,0,0,4,0,0,0,2,1.19623320014216,0.0,-4.367957444628701e-06,5.776654543179818
test,4,local-p4-71404-random-max-correlated,baseline,joint_triangular,True,True,True,0,b3cdd5b3089c9ea55f14a791b74702bfbc5777b8a6e8e8c8d19d3caf3f12b4bd,b3cdd5b3089c9ea55f14a791b74702bfbc5777b8a6e8e8c8d19d3caf3f12b4bd,12567.944224,10804.906811,-1763.037413,-176.30374129999996,-5675.187039273122,-1135.0374078546247,-670,-123,165,0,-134,-123,55,0,3,0.8890465999720618,0.0,-5.145377144799568e-06,14.028049310031692
test,4,local-p4-71404-random-max-correlated,active,nearest_safe,True,True,True,0,b3cdd5b3089c9ea55f14a791b74702bfbc5777b8a6e8e8c8d19d3caf3f12b4bd,b3cdd5b3089c9ea55f14a791b74702bfbc5777b8a6e8e8c8d19d3caf3f12b4bd,11841.937503,11837.984631,-3.952871999999843,-0.3952871999999843,-19.76436558298883,-3.9528731165992212,0,0,0,0,0,0,0,0,0,-0.05602010013535619,0.0,1.1165975593030453e-06,0.033380280878854786
test,4,local-p4-71404-random-max-correlated,nearest_safe,immediate,True,True,True,0,b3cdd5b3089c9ea55f14a791b74702bfbc5777b8a6e8e8c8d19d3caf3f12b4bd,b3cdd5b3089c9ea55f14a791b74702bfbc5777b8a6e8e8c8d19d3caf3f12b4bd,11837.984631,14452.115087,2614.130456000001,261.41304560000003,12280.652279512396,2456.130455902481,75,-10,93,0,15,-10,31,0,5,-0.4072884999914095,0.0,9.7521478892304e-08,-22.082563354191272
test,4,local-p4-71404-random-max-correlated,nearest_safe,joint_square,True,True,True,0,b3cdd5b3089c9ea55f14a791b74702bfbc5777b8a6e8e8c8d19d3caf3f12b4bd,b3cdd5b3089c9ea55f14a791b74702bfbc5777b8a6e8e8c8d19d3caf3f12b4bd,11837.984631,11778.661969,-59.32266199999867,-5.932266199999958,-1306.6133115865523,-261.32266231731046,30,4,168,0,6,4,56,0,2,0.1859504000749439,0.0,3.173117875121534e-07,0.5011212959733963
test,4,local-p4-71404-random-max-correlated,joint_square,joint_triangular,True,True,True,0,b3cdd5b3089c9ea55f14a791b74702bfbc5777b8a6e8e8c8d19d3caf3f12b4bd,b3cdd5b3089c9ea55f14a791b74702bfbc5777b8a6e8e8c8d19d3caf3f12b4bd,11778.661969,10804.906811,-973.7551579999999,-97.3755157999999,-618.7757789433599,-123.75515578867089,-720,-127,-3,0,-144,-127,-1,0,-1,-0.43711690010968596,0.0,-2.211329046986066e-06,8.267111838023746
test,4,local-p4-71405-random-mixed-extreme,baseline,active,True,True,True,0,b3cdd5b3089c9ea55f14a791b74702bfbc5777b8a6e8e8c8d19d3caf3f12b4bd,b3cdd5b3089c9ea55f14a791b74702bfbc5777b8a6e8e8c8d19d3caf3f12b4bd,14926.449268,15287.229257,360.77998900000057,22.548749312500036,-2236.099987892514,-447.21999757850244,-5,0,813,0,-1,0,271,0,5,3.0957298999419436,0.0,-1.3421495168586262e-05,-2.4170516545650083
test,4,local-p4-71405-random-mixed-extreme,baseline,joint_triangular,True,True,True,0,b3cdd5b3089c9ea55f14a791b74702bfbc5777b8a6e8e8c8d19d3caf3f12b4bd,b3cdd5b3089c9ea55f14a791b74702bfbc5777b8a6e8e8c8d19d3caf3f12b4bd,14926.449268,13421.740387,-1504.7088810000005,-94.04430506250003,-7398.544342366789,-1479.7088684733571,-450,-70,495,0,-90,-70,165,0,4,2.334386699949391,0.0,-1.2526641512522474e-05,10.080822665748535
test,4,local-p4-71405-random-mixed-extreme,active,nearest_safe,True,True,True,0,b3cdd5b3089c9ea55f14a791b74702bfbc5777b8a6e8e8c8d19d3caf3f12b4bd,b3cdd5b3089c9ea55f14a791b74702bfbc5777b8a6e8e8c8d19d3caf3f12b4bd,15287.229257,15264.187835,-23.04142200000024,-1.440088875000015,-115.20711012819811,-23.041422025640713,0,0,0,0,0,0,0,0,0,-0.03534209995996207,0.0,2.5638655642978847e-08,0.1507233365356224
test,4,local-p4-71405-random-mixed-extreme,nearest_safe,immediate,True,True,True,0,b3cdd5b3089c9ea55f14a791b74702bfbc5777b8a6e8e8c8d19d3caf3f12b4bd,b3cdd5b3089c9ea55f14a791b74702bfbc5777b8a6e8e8c8d19d3caf3f12b4bd,15264.187835,11720.444993,-3543.7428420000015,-221.4839276250001,-11373.71420052302,-2274.7428401046036,-385,-71,-813,0,-77,-71,-271,0,-4,-1.6259661000221968,0.0,-1.8953978724312037e-06,23.21605892371411
test,4,local-p4-71405-random-mixed-extreme,nearest_safe,joint_square,True,True,True,0,b3cdd5b3089c9ea55f14a791b74702bfbc5777b8a6e8e8c8d19d3caf3f12b4bd,b3cdd5b3089c9ea55f14a791b74702bfbc5777b8a6e8e8c8d19d3caf3f12b4bd,15264.187835,12165.845899,-3098.3419360000007,-193.64637100000004,-13026.709688292489,-2605.341937658497,-175,-12,-306,0,-35,-12,-102,0,-3,-0.6437217999482527,0.0,1.6584963304921985e-06,20.29811195650817
test,4,local-p4-71405-random-mixed-extreme,joint_square,joint_triangular,True,True,True,0,b3cdd5b3089c9ea55f14a791b74702bfbc5777b8a6e8e8c8d19d3caf3f12b4bd,b3cdd5b3089c9ea55f14a791b74702bfbc5777b8a6e8e8c8d19d3caf3f12b4bd,12165.845899,13421.740387,1255.894488,78.4934055,7979.472443946412,1595.894488789283,-270,-58,-12,0,-54,-58,-4,0,2,-0.08227930008433759,0.0,-7.892813300713897e-07,-10.323116850454525
test,4,local-p4-71406-random-min-deterministic,baseline,active,True,True,True,0,b3cdd5b3089c9ea55f14a791b74702bfbc5777b8a6e8e8c8d19d3caf3f12b4bd,b3cdd5b3089c9ea55f14a791b74702bfbc5777b8a6e8e8c8d19d3caf3f12b4bd,13436.826336,13590.865143,154.03880700000082,15.403880700000173,-1194.8059549927057,-238.9611909985415,15,0,378,0,3,0,126,0,4,1.8396208999911323,0.0,-2.0014595065731555e-06,-1.1463927801708609
test,4,local-p4-71406-random-min-deterministic,baseline,joint_triangular,True,True,True,0,b3cdd5b3089c9ea55f14a791b74702bfbc5777b8a6e8e8c8d19d3caf3f12b4bd,b3cdd5b3089c9ea55f14a791b74702bfbc5777b8a6e8e8c8d19d3caf3f12b4bd,13436.826336,11466.544387,-1970.2819490000002,-197.02819490000002,-5946.4097313875245,-1189.281946277506,-830,-155,204,0,-166,-155,68,0,6,1.4775918000377715,0.0,-2.7224959922023118e-06,14.66329845851481
test,4,local-p4-71406-random-min-deterministic,active,nearest_safe,True,True,True,0,b3cdd5b3089c9ea55f14a791b74702bfbc5777b8a6e8e8c8d19d3caf3f12b4bd,b3cdd5b3089c9ea55f14a791b74702bfbc5777b8a6e8e8c8d19d3caf3f12b4bd,13590.865143,13579.541563,-11.32358000000022,-1.1323580000000675,-56.617905447856174,-11.323581089571235,0,0,0,0,0,0,0,0,0,-0.24381060001906008,0.0,1.089571014745161e-06,0.08331758045463684
test,4,local-p4-71406-random-min-deterministic,nearest_safe,immediate,True,True,True,0,b3cdd5b3089c9ea55f14a791b74702bfbc5777b8a6e8e8c8d19d3caf3f12b4bd,b3cdd5b3089c9ea55f14a791b74702bfbc5777b8a6e8e8c8d19d3caf3f12b4bd,13579.541563,14443.48216,863.9405969999989,86.39405969999984,5414.702999069974,1082.9405998139955,70,-10,-279,0,14,-10,-93,0,3,-0.8644497999921441,0.0,-2.8139947971794754e-06,-6.362074838770453
test,4,local-p4-71406-random-min-deterministic,nearest_safe,joint_square,True,True,True,0,b3cdd5b3089c9ea55f14a791b74702bfbc5777b8a6e8e8c8d19d3caf3f12b4bd,b3cdd5b3089c9ea55f14a791b74702bfbc5777b8a6e8e8c8d19d3caf3f12b4bd,13579.541563,11940.589903,-1638.9516600000006,-163.89516600000002,-6664.758287161858,-1332.9516574323716,0,9,-315,0,0,9,-105,0,-2,-1.0080788000486791,0.0,-2.567629053373821e-06,12.06927091313326
test,4,local-p4-71406-random-min-deterministic,joint_square,joint_triangular,True,True,True,0,b3cdd5b3089c9ea55f14a791b74702bfbc5777b8a6e8e8c8d19d3caf3f12b4bd,b3cdd5b3089c9ea55f14a791b74702bfbc5777b8a6e8e8c8d19d3caf3f12b4bd,11940.589903,11466.544387,-474.04551600000013,-47.404551600000104,1969.7724162148952,393.9544832429783,-845,-164,141,0,-169,-164,47,0,4,0.8898603001143783,0.0,7.570215529995039e-07,3.9700343102889675
test,4,local-p4-71407-random-max-correlated,baseline,active,True,True,True,0,b3cdd5b3089c9ea55f14a791b74702bfbc5777b8a6e8e8c8d19d3caf3f12b4bd,b3cdd5b3089c9ea55f14a791b74702bfbc5777b8a6e8e8c8d19d3caf3f12b4bd,14527.83619,13396.13194,-1131.7042500000007,-70.73151562500004,-7323.521242170471,-1464.7042484340946,45,0,288,0,9,0,96,0,6,2.7370068000163883,0.0,-1.5659061318729073e-06,7.789902330940316
test,4,local-p4-71407-random-max-correlated,baseline,joint_triangular,True,True,True,0,b3cdd5b3089c9ea55f14a791b74702bfbc5777b8a6e8e8c8d19d3caf3f12b4bd,b3cdd5b3089c9ea55f14a791b74702bfbc5777b8a6e8e8c8d19d3caf3f12b4bd,14527.83619,9847.38239,-4680.453799999999,-292.52836249999996,-21132.268961737776,-4226.453792347555,-490,-72,108,0,-98,-72,36,0,7,0.8801346000982448,0.0,-7.65244294598233e-06,32.21714327438324
test,4,local-p4-71407-random-max-correlated,active,nearest_safe,True,True,True,0,b3cdd5b3089c9ea55f14a791b74702bfbc5777b8a6e8e8c8d19d3caf3f12b4bd,b3cdd5b3089c9ea55f14a791b74702bfbc5777b8a6e8e8c8d19d3caf3f12b4bd,13396.13194,13391.577138,-4.554801999998745,-0.28467512499992154,-22.77401564473257,-4.554803128945423,0,0,0,0,0,0,0,0,0,-0.5844865000108257,0.0,1.1289484973531216e-06,0.03400087443449549
test,4,local-p4-71407-random-max-correlated,nearest_safe,immediate,True,True,True,0,b3cdd5b3089c9ea55f14a791b74702bfbc5777b8a6e8e8c8d19d3caf3f12b4bd,b3cdd5b3089c9ea55f14a791b74702bfbc5777b8a6e8e8c8d19d3caf3f12b4bd,13391.577138,12375.056602,-1016.520536,-63.5325335,-2042.602645310384,-408.5205290620779,-330,-68,-210,0,-66,-68,-70,0,4,-1.0559715998824686,0.0,-6.937923899386078e-06,7.5907454777340355
test,4,local-p4-71407-random-max-correlated,nearest_safe,joint_square,True,True,True,0,b3cdd5b3089c9ea55f14a791b74702bfbc5777b8a6e8e8c8d19d3caf3f12b4bd,b3cdd5b3089c9ea55f14a791b74702bfbc5777b8a6e8e8c8d19d3caf3f12b4bd,13391.577138,12153.199985,-1238.3771530000013,-77.39857206250008,-5276.88573071023,-1055.3771461420456,-150,-15,-18,0,-30,-15,-6,0,2,-0.5573762999847531,0.0,-6.857955668237992e-06,9.247433220438067
test,4,local-p4-71407-random-max-correlated,joint_square,joint_triangular,True,True,True,0,b3cdd5b3089c9ea55f14a791b74702bfbc5777b8a6e8e8c8d19d3caf3f12b4bd,b3cdd5b3089c9ea55f14a791b74702bfbc5777b8a6e8e8c8d19d3caf3f12b4bd,12153.199985,9847.38239,-2305.8175949999986,-144.1135996874999,-8509.087973212343,-1701.817594642469,-385,-57,-162,0,-77,-57,-54,0,-1,-0.7150093999225646,0.0,-3.575296432245523e-07,18.97292563148749
stress,3,local-p3-91300-boundary-min-deterministic,baseline,active,True,True,True,0,b3cdd5b3089c9ea55f14a791b74702bfbc5777b8a6e8e8c8d19d3caf3f12b4bd,b3cdd5b3089c9ea55f14a791b74702bfbc5777b8a6e8e8c8d19d3caf3f12b4bd,5492.306643,4885.904361,-606.402282,-60.64022819999997,-3317.011416165231,-663.4022832330465,45,0,12,0,9,0,4,0,2,0.7162618999136612,0.0,1.233045622939244e-06,11.040940016939254
stress,3,local-p3-91300-boundary-min-deterministic,baseline,joint_triangular,True,True,True,0,b3cdd5b3089c9ea55f14a791b74702bfbc5777b8a6e8e8c8d19d3caf3f12b4bd,b3cdd5b3089c9ea55f14a791b74702bfbc5777b8a6e8e8c8d19d3caf3f12b4bd,5492.306643,4818.610688,-673.6959550000001,-67.36959549999995,-3673.4797727924415,-734.6959545584887,50,5,6,0,10,5,2,0,1,0.9471993000479415,0.0,-4.4151238398626447e-07,12.266175193597983
stress,3,local-p3-91300-boundary-min-deterministic,active,nearest_safe,True,True,True,0,b3cdd5b3089c9ea55f14a791b74702bfbc5777b8a6e8e8c8d19d3caf3f12b4bd,b3cdd5b3089c9ea55f14a791b74702bfbc5777b8a6e8e8c8d19d3caf3f12b4bd,4885.904361,4868.832531,-17.071829999999864,-1.7071829999999864,-85.359134943752,-17.071826988750217,0,0,0,0,0,0,0,0,0,-0.08597999997437,0.0,-3.011249646078795e-06,0.3494098275084895
stress,3,local-p3-91300-boundary-min-deterministic,nearest_safe,immediate,True,True,True,0,b3cdd5b3089c9ea55f14a791b74702bfbc5777b8a6e8e8c8d19d3caf3f12b4bd,b3cdd5b3089c9ea55f14a791b74702bfbc5777b8a6e8e8c8d19d3caf3f12b4bd,4868.832531,4967.269565,98.43703399999958,9.843703399999981,272.1851611430866,54.43703222861723,60,-10,-6,0,12,-10,-2,0,-1,0.20258709997870028,0.0,1.7713828128762543e-06,-2.021779007046311
stress,3,local-p3-91300-boundary-min-deterministic,nearest_safe,joint_square,True,True,True,0,b3cdd5b3089c9ea55f14a791b74702bfbc5777b8a6e8e8c8d19d3caf3f12b4bd,b3cdd5b3089c9ea55f14a791b74702bfbc5777b8a6e8e8c8d19d3caf3f12b4bd,4868.832531,4818.610688,-50.22184300000026,-5.022184299999992,-271.1092216834586,-54.2218443366919,5,5,-6,0,1,5,-2,0,-1,0.1311267000855878,0.0,1.3366916391532868e-06,1.0314966201904936
stress,3,local-p3-91300-boundary-min-deterministic,joint_square,joint_triangular,True,True,True,0,b3cdd5b3089c9ea55f14a791b74702bfbc5777b8a6e8e8c8d19d3caf3f12b4bd,b3cdd5b3089c9ea55f14a791b74702bfbc5777b8a6e8e8c8d19d3caf3f12b4bd,4818.610688,4818.610688,0.0,0.0,0.0,0.0,0,0,0,0,0,0,0,0,0,0.18579070002306253,0.0,0.0,0.0
stress,3,local-p3-91301-center_and_boundary-max-correlated,baseline,active,True,True,True,0,b3cdd5b3089c9ea55f14a791b74702bfbc5777b8a6e8e8c8d19d3caf3f12b4bd,b3cdd5b3089c9ea55f14a791b74702bfbc5777b8a6e8e8c8d19d3caf3f12b4bd,6586.829614,5055.419217,-1531.4103970000006,-95.71314981250003,-8157.051978238986,-1631.4103956477975,55,0,45,0,11,0,15,0,4,1.0453182000201195,0.0,-1.352203071292024e-06,23.24958267851743
stress,3,local-p3-91301-center_and_boundary-max-correlated,baseline,joint_triangular,True,True,True,0,b3cdd5b3089c9ea55f14a791b74702bfbc5777b8a6e8e8c8d19d3caf3f12b4bd,b3cdd5b3089c9ea55f14a791b74702bfbc5777b8a6e8e8c8d19d3caf3f12b4bd,6586.829614,5186.477594,-1400.3520200000003,-87.52200125000002,-7661.760106445476,-1532.3520212890953,80,4,48,0,16,4,16,0,5,1.4626225001411512,0.0,1.2890950529254042e-06,21.259879214480016
stress,3,local-p3-91301-center_and_boundary-max-correlated,active,nearest_safe,True,True,True,0,b3cdd5b3089c9ea55f14a791b74702bfbc5777b8a6e8e8c8d19d3caf3f12b4bd,b3cdd5b3089c9ea55f14a791b74702bfbc5777b8a6e8e8c8d19d3caf3f12b4bd,5055.419217,5053.047401,-2.3718159999998534,-0.14823849999999084,-36.85908763834232,-7.3718175276680995,5,0,0,0,1,0,0,0,0,-0.08282240002881736,0.0,1.527668246126268e-06,0.04691630700029943
stress,3,local-p3-91301-center_and_boundary-max-correlated,nearest_safe,immediate,True,True,True,0,b3cdd5b3089c9ea55f14a791b74702bfbc5777b8a6e8e8c8d19d3caf3f12b4bd,b3cdd5b3089c9ea55f14a791b74702bfbc5777b8a6e8e8c8d19d3caf3f12b4bd,5053.047401,6579.307271,1526.2598699999999,95.39124187499999,7436.299347095304,1487.259869419061,25,-22,36,0,5,-22,12,0,4,0.33971100009512156,0.0,5.809397407574579e-07,-30.204740800530637
stress,3,local-p3-91301-center_and_boundary-max-correlated,nearest_safe,joint_square,True,True,True,0,b3cdd5b3089c9ea55f14a791b74702bfbc5777b8a6e8e8c8d19d3caf3f12b4bd,b3cdd5b3089c9ea55f14a791b74702bfbc5777b8a6e8e8c8d19d3caf3f12b4bd,5053.047401,5186.477594,133.43019300000014,8.339387062500009,532.1509594318522,106.43019188637027,20,4,3,0,4,4,1,0,1,0.41854580002836883,0.0,1.1136298780911602e-06,-2.640588587662848
stress,3,local-p3-91301-center_and_boundary-max-correlated,joint_square,joint_triangular,True,True,True,0,b3cdd5b3089c9ea55f14a791b74702bfbc5777b8a6e8e8c8d19d3caf3f12b4bd,b3cdd5b3089c9ea55f14a791b74702bfbc5777b8a6e8e8c8d19d3caf3f12b4bd,5186.477594,5186.477594,0.0,0.0,0.0,0.0,0,0,0,0,0,0,0,0,0,0.08158090012148023,0.0,0.0,0.0
stress,3,local-p3-91302-clustered-mixed-extreme,baseline,active,True,True,True,0,b3cdd5b3089c9ea55f14a791b74702bfbc5777b8a6e8e8c8d19d3caf3f12b4bd,b3cdd5b3089c9ea55f14a791b74702bfbc5777b8a6e8e8c8d19d3caf3f12b4bd,6144.943161,3920.305501,-2224.6376600000003,-222.46376600000002,-10828.188268772086,-2165.637653754418,-65,0,6,0,-13,0,2,0,1,0.8187346999766305,0.0,-6.2455833358399104e-06,36.20273779127963
stress,3,local-p3-91302-clustered-mixed-extreme,baseline,joint_triangular,True,True,True,0,b3cdd5b3089c9ea55f14a791b74702bfbc5777b8a6e8e8c8d19d3caf3f12b4bd,b3cdd5b3089c9ea55f14a791b74702bfbc5777b8a6e8e8c8d19d3caf3f12b4bd,6144.943161,3353.69906,-2791.2441010000002,-279.1244101,-13511.220474864283,-2702.244094972857,-90,1,0,0,-18,1,0,0,0,0.722843199968338,0.0,-6.027143626852194e-06,45.42343237143574
stress,3,local-p3-91302-clustered-mixed-extreme,active,nearest_safe,True,True,True,0,b3cdd5b3089c9ea55f14a791b74702bfbc5777b8a6e8e8c8d19d3caf3f12b4bd,b3cdd5b3089c9ea55f14a791b74702bfbc5777b8a6e8e8c8d19d3caf3f12b4bd,3920.305501,3894.109036,-26.19646499999999,-2.6196464999999876,-130.98232392310456,-26.19646478462073,0,0,0,0,0,0,0,0,0,-0.13303689996246248,0.0,-2.153788045688998e-07,0.6682250909608382
stress,3,local-p3-91302-clustered-mixed-extreme,nearest_safe,immediate,True,True,True,0,b3cdd5b3089c9ea55f14a791b74702bfbc5777b8a6e8e8c8d19d3caf3f12b4bd,b3cdd5b3089c9ea55f14a791b74702bfbc5777b8a6e8e8c8d19d3caf3f12b4bd,3894.109036,7473.460412,3579.3513760000005,357.9351376000001,17081.756871490208,3416.3513742980417,125,-10,48,0,25,-10,16,0,7,0.4325177998980507,0.0,1.7019583538058214e-06,-91.91708149180856
stress,3,local-p3-91302-clustered-mixed-extreme,nearest_safe,joint_square,True,True,True,0,b3cdd5b3089c9ea55f14a791b74702bfbc5777b8a6e8e8c8d19d3caf3f12b4bd,b3cdd5b3089c9ea55f14a791b74702bfbc5777b8a6e8e8c8d19d3caf3f12b4bd,3894.109036,3353.69906,-540.4099759999999,-54.04099759999997,-2552.0498821690926,-510.40997643381843,-25,1,-6,0,-5,1,-2,0,-1,-0.009290900081396103,0.0,4.338185135566164e-07,13.877628258583767
stress,3,local-p3-91302-clustered-mixed-extreme,joint_square,joint_triangular,True,True,True,0,b3cdd5b3089c9ea55f14a791b74702bfbc5777b8a6e8e8c8d19d3caf3f12b4bd,b3cdd5b3089c9ea55f14a791b74702bfbc5777b8a6e8e8c8d19d3caf3f12b4bd,3353.69906,3353.69906,0.0,0.0,0.0,0.0,0,0,0,0,0,0,0,0,0,0.04643630003556609,0.0,0.0,0.0
stress,3,local-p3-91303-hidden_outward_last-min-deterministic,baseline,active,True,True,True,0,b3cdd5b3089c9ea55f14a791b74702bfbc5777b8a6e8e8c8d19d3caf3f12b4bd,b3cdd5b3089c9ea55f14a791b74702bfbc5777b8a6e8e8c8d19d3caf3f12b4bd,6817.895365,5780.502646,-1037.3927190000004,-64.83704493750002,-5506.963593619079,-1101.392718723815,55,0,9,0,11,0,3,0,1,1.1684623999753967,0.0,-2.7618443709798157e-07,15.215732472597141
stress,3,local-p3-91303-hidden_outward_last-min-deterministic,baseline,joint_triangular,True,True,True,0,b3cdd5b3089c9ea55f14a791b74702bfbc5777b8a6e8e8c8d19d3caf3f12b4bd,b3cdd5b3089c9ea55f14a791b74702bfbc5777b8a6e8e8c8d19d3caf3f12b4bd,6817.895365,5211.933088,-1605.9622770000005,-100.37264231250003,-8239.811369064832,-1647.9622738129665,40,2,0,0,8,2,0,0,0,1.197122999932617,0.0,-3.1870340535533614e-06,23.555103019683852
stress,3,local-p3-91303-hidden_outward_last-min-deterministic,active,nearest_safe,True,True,True,0,b3cdd5b3089c9ea55f14a791b74702bfbc5777b8a6e8e8c8d19d3caf3f12b4bd,b3cdd5b3089c9ea55f14a791b74702bfbc5777b8a6e8e8c8d19d3caf3f12b4bd,5780.502646,5764.17086,-16.331785999999738,-1.0207366249999836,-81.6589200283961,-16.331784005679765,0,0,0,0,0,0,0,0,0,0.04248930001631379,0.0,-1.99432088265894e-06,0.2825322813631273
stress,3,local-p3-91303-hidden_outward_last-min-deterministic,nearest_safe,immediate,True,True,True,0,b3cdd5b3089c9ea55f14a791b74702bfbc5777b8a6e8e8c8d19d3caf3f12b4bd,b3cdd5b3089c9ea55f14a791b74702bfbc5777b8a6e8e8c8d19d3caf3f12b4bd,5764.17086,5946.858865,182.68800499999998,11.418000312499998,1053.440033662111,210.68800673242276,-10,-18,0,0,-2,-18,0,0,1,0.23210090002976358,0.0,-1.7324218788417056e-06,-3.169371787150667
stress,3,local-p3-91303-hidden_outward_last-min-deterministic,nearest_safe,joint_square,True,True,True,0,b3cdd5b3089c9ea55f14a791b74702bfbc5777b8a6e8e8c8d19d3caf3f12b4bd,b3cdd5b3089c9ea55f14a791b74702bfbc5777b8a6e8e8c8d19d3caf3f12b4bd,5764.17086,5211.933088,-552.2377720000004,-34.514860750000025,-2651.1888554173565,-530.2377710834717,-15,2,-9,0,-3,2,-3,0,-1,0.23197119997348636,0.0,-9.165287337964401e-07,9.580523988839575
stress,3,local-p3-91303-hidden_outward_last-min-deterministic,joint_square,joint_triangular,True,True,True,0,b3cdd5b3089c9ea55f14a791b74702bfbc5777b8a6e8e8c8d19d3caf3f12b4bd,b3cdd5b3089c9ea55f14a791b74702bfbc5777b8a6e8e8c8d19d3caf3f12b4bd,5211.933088,5211.933088,0.0,0.0,0.0,0.0,0,0,0,0,0,0,0,0,0,-0.2457999000325799,0.0,0.0,0.0
stress,4,local-p4-91400-boundary-min-deterministic,baseline,active,True,True,True,0,b3cdd5b3089c9ea55f14a791b74702bfbc5777b8a6e8e8c8d19d3caf3f12b4bd,b3cdd5b3089c9ea55f14a791b74702bfbc5777b8a6e8e8c8d19d3caf3f12b4bd,14722.281041,13453.074992,-1269.2060490000003,-126.92060490000017,-6426.03021195098,-1285.2060423901967,10,0,6,0,2,0,2,0,2,1.9971215999685228,0.0,-6.609805495827459e-06,8.620987776726958
stress,4,local-p4-91400-boundary-min-deterministic,baseline,joint_triangular,True,True,True,0,b3cdd5b3089c9ea55f14a791b74702bfbc5777b8a6e8e8c8d19d3caf3f12b4bd,b3cdd5b3089c9ea55f14a791b74702bfbc5777b8a6e8e8c8d19d3caf3f12b4bd,14722.281041,11315.695423,-3406.585618000001,-340.65856180000014,-11967.928041429885,-2393.5856082859773,-1000,-175,162,0,-200,-175,54,0,4,2.064042799989693,0.0,-9.714025509310886e-06,23.138979676539382
stress,4,local-p4-91400-boundary-min-deterministic,active,nearest_safe,True,True,True,0,b3cdd5b3089c9ea55f14a791b74702bfbc5777b8a6e8e8c8d19d3caf3f12b4bd,b3cdd5b3089c9ea55f14a791b74702bfbc5777b8a6e8e8c8d19d3caf3f12b4bd,13453.074992,13431.835303,-21.239689,-2.123968899999909,-106.19844105125958,-21.239688210251188,0,0,0,0,0,0,0,0,0,0.15657840005587786,0.0,-7.897469913586974e-07,0.15787980824183603
stress,4,local-p4-91400-boundary-min-deterministic,nearest_safe,immediate,True,True,True,0,b3cdd5b3089c9ea55f14a791b74702bfbc5777b8a6e8e8c8d19d3caf3f12b4bd,b3cdd5b3089c9ea55f14a791b74702bfbc5777b8a6e8e8c8d19d3caf3f12b4bd,13431.835303,13533.391859,101.55655599999955,10.155655599999818,822.7827791295495,164.55655582590953,-50,-10,-3,0,-10,-10,-1,0,-1,-1.5070856000529602,0.0,1.7408819985575974e-07,-0.75608845484665
stress,4,local-p4-91400-boundary-min-deterministic,nearest_safe,joint_square,True,True,True,0,b3cdd5b3089c9ea55f14a791b74702bfbc5777b8a6e8e8c8d19d3caf3f12b4bd,b3cdd5b3089c9ea55f14a791b74702bfbc5777b8a6e8e8c8d19d3caf3f12b4bd,13431.835303,12138.082045,-1293.7532580000006,-129.37532580000016,-6188.766287458682,-1237.7532574917368,-65,9,0,0,-13,9,0,0,0,-0.5392076000571251,0.0,-5.082656571175903e-07,9.63199167362513
stress,4,local-p4-91400-boundary-min-deterministic,joint_square,joint_triangular,True,True,True,0,b3cdd5b3089c9ea55f14a791b74702bfbc5777b8a6e8e8c8d19d3caf3f12b4bd,b3cdd5b3089c9ea55f14a791b74702bfbc5777b8a6e8e8c8d19d3caf3f12b4bd,12138.082045,11315.695423,-822.386622,-82.23866219999991,753.0668990310369,150.61337980620738,-945,-184,156,0,-189,-184,52,0,2,0.4495504000224173,0.0,-1.8062073650071397e-06,6.775260036562061
stress,4,local-p4-91401-center_and_boundary-max-correlated,baseline,active,True,True,True,0,b3cdd5b3089c9ea55f14a791b74702bfbc5777b8a6e8e8c8d19d3caf3f12b4bd,b3cdd5b3089c9ea55f14a791b74702bfbc5777b8a6e8e8c8d19d3caf3f12b4bd,15457.486377,14508.994953,-948.4914239999998,-59.28071399999999,-7507.4570942576975,-1501.4914188515395,-20,0,573,0,-4,0,191,0,4,2.369076499948278,0.0,-5.148460331838578e-06,6.136129774704571
stress,4,local-p4-91401-center_and_boundary-max-correlated,baseline,joint_triangular,True,True,True,0,b3cdd5b3089c9ea55f14a791b74702bfbc5777b8a6e8e8c8d19d3caf3f12b4bd,b3cdd5b3089c9ea55f14a791b74702bfbc5777b8a6e8e8c8d19d3caf3f12b4bd,15457.486377,12257.727472,-3199.758904999999,-199.98493156249992,-14643.794476323143,-2928.7588952646292,-465,-73,267,0,-93,-73,89,0,7,0.6971217999234796,0.0,-9.735369530972093e-06,20.70038314742484
stress,4,local-p4-91401-center_and_boundary-max-correlated,active,nearest_safe,True,True,True,0,b3cdd5b3089c9ea55f14a791b74702bfbc5777b8a6e8e8c8d19d3caf3f12b4bd,b3cdd5b3089c9ea55f14a791b74702bfbc5777b8a6e8e8c8d19d3caf3f12b4bd,14508.994953,14501.499273,-7.495679999999993,-0.46847999999999956,-37.478394701494835,-7.495678940298603,0,0,0,0,0,0,0,0,0,-0.008913500001654029,0.0,-1.0597013897495344e-06,0.05166229655659315
stress,4,local-p4-91401-center_and_boundary-max-correlated,nearest_safe,immediate,True,True,True,0,b3cdd5b3089c9ea55f14a791b74702bfbc5777b8a6e8e8c8d19d3caf3f12b4bd,b3cdd5b3089c9ea55f14a791b74702bfbc5777b8a6e8e8c8d19d3caf3f12b4bd,14501.499273,14982.353019,480.8537460000007,30.053359125000043,4774.268744543071,954.8537489086139,-250,-68,-156,0,-50,-68,-52,0,6,-0.10328239994123578,0.0,-2.9086131689837202e-06,-3.3158898741959115
stress,4,local-p4-91401-center_and_boundary-max-correlated,nearest_safe,joint_square,True,True,True,0,b3cdd5b3089c9ea55f14a791b74702bfbc5777b8a6e8e8c8d19d3caf3f12b4bd,b3cdd5b3089c9ea55f14a791b74702bfbc5777b8a6e8e8c8d19d3caf3f12b4bd,14501.499273,12743.709335,-1757.789938,-109.861871125,-7473.949687956549,-1494.7899375913094,-120,-17,-126,0,-24,-17,-42,0,2,-0.5148437999887392,0.0,-4.086887201992795e-07,12.12143589368575
stress,4,local-p4-91401-center_and_boundary-max-correlated,joint_square,joint_triangular,True,True,True,0,b3cdd5b3089c9ea55f14a791b74702bfbc5777b8a6e8e8c8d19d3caf3f12b4bd,b3cdd5b3089c9ea55f14a791b74702bfbc5777b8a6e8e8c8d19d3caf3f12b4bd,12743.709335,12257.727472,-485.98186299999907,-30.37386643749994,375.0907005925983,75.0181401185182,-325,-56,-180,0,-65,-56,-60,0,1,-1.1481974000344053,0.0,-3.1185190891847014e-06,3.813503982433691
stress,4,local-p4-91402-clustered-mixed-extreme,baseline,active,True,True,True,0,b3cdd5b3089c9ea55f14a791b74702bfbc5777b8a6e8e8c8d19d3caf3f12b4bd,b3cdd5b3089c9ea55f14a791b74702bfbc5777b8a6e8e8c8d19d3caf3f12b4bd,12978.705172,11737.645291,-1241.0598809999992,-124.10598809999988,-6685.299384198035,-1337.0598768396067,0,0,96,0,0,0,32,0,3,1.085634300019592,0.0,-4.160392563790083e-06,9.56227808978539
stress,4,local-p4-91402-clustered-mixed-extreme,baseline,joint_triangular,True,True,True,0,b3cdd5b3089c9ea55f14a791b74702bfbc5777b8a6e8e8c8d19d3caf3f12b4bd,b3cdd5b3089c9ea55f14a791b74702bfbc5777b8a6e8e8c8d19d3caf3f12b4bd,12978.705172,10260.556136,-2718.1490360000007,-271.8149036,-7915.745155966666,-1583.149031193333,-1045,-195,105,0,-209,-195,35,0,3,0.9669812000356615,0.0,-4.806666765944101e-06,20.943144943796714
stress,4,local-p4-91402-clustered-mixed-extreme,active,nearest_safe,True,True,True,0,b3cdd5b3089c9ea55f14a791b74702bfbc5777b8a6e8e8c8d19d3caf3f12b4bd,b3cdd5b3089c9ea55f14a791b74702bfbc5777b8a6e8e8c8d19d3caf3f12b4bd,11737.645291,11263.481628,-474.1636630000012,-47.41636630000016,-1735.8183130569378,-347.16366261138774,-40,0,-87,0,-8,0,-29,0,-2,-0.3539410999510437,0.0,-3.8861253415234387e-07,4.039683013453922
stress,4,local-p4-91402-clustered-mixed-extreme,nearest_safe,immediate,True,True,True,0,b3cdd5b3089c9ea55f14a791b74702bfbc5777b8a6e8e8c8d19d3caf3f12b4bd,b3cdd5b3089c9ea55f14a791b74702bfbc5777b8a6e8e8c8d19d3caf3f12b4bd,11263.481628,14881.735955,3618.2543270000006,361.82543269999996,17401.271629086717,3480.2543258173437,100,-10,48,0,20,-10,16,0,5,-0.04279660002794117,0.0,1.1826559784822166e-06,-32.1237646271411
stress,4,local-p4-91402-clustered-mixed-extreme,nearest_safe,joint_square,True,True,True,0,b3cdd5b3089c9ea55f14a791b74702bfbc5777b8a6e8e8c8d19d3caf3f12b4bd,b3cdd5b3089c9ea55f14a791b74702bfbc5777b8a6e8e8c8d19d3caf3f12b4bd,11263.481628,11104.608163,-158.87346499999876,-15.887346499999921,-829.3673269612264,-165.87346539224563,5,2,0,0,1,2,0,0,0,0.07339879986830056,0.0,3.922468749806285e-07,1.4105182593369145
stress,4,local-p4-91402-clustered-mixed-extreme,joint_square,joint_triangular,True,True,True,0,b3cdd5b3089c9ea55f14a791b74702bfbc5777b8a6e8e8c8d19d3caf3f12b4bd,b3cdd5b3089c9ea55f14a791b74702bfbc5777b8a6e8e8c8d19d3caf3f12b4bd,11104.608163,10260.556136,-844.0520270000015,-84.40520270000002,1334.7398682495332,266.947973649907,-1010,-197,96,0,-202,-197,32,0,2,0.16188920009881258,0.0,-6.499085429823026e-07,7.600916796076972
stress,4,local-p4-91403-hidden_outward_last-min-deterministic,baseline,active,True,True,True,0,b3cdd5b3089c9ea55f14a791b74702bfbc5777b8a6e8e8c8d19d3caf3f12b4bd,b3cdd5b3089c9ea55f14a791b74702bfbc5777b8a6e8e8c8d19d3caf3f12b4bd,11780.865602,9628.756786,-2152.108816,-134.506801,-10435.544039445267,-2087.1088078890534,-65,0,0,0,-13,0,0,0,0,0.8225704999640584,0.0,-8.110946509987116e-06,18.267832676358207
stress,4,local-p4-91403-hidden_outward_last-min-deterministic,baseline,joint_triangular,True,True,True,0,b3cdd5b3089c9ea55f14a791b74702bfbc5777b8a6e8e8c8d19d3caf3f12b4bd,b3cdd5b3089c9ea55f14a791b74702bfbc5777b8a6e8e8c8d19d3caf3f12b4bd,11780.865602,9670.389882,-2110.4757200000004,-131.90473250000002,-8542.378550970832,-1708.4757101941668,-355,-47,0,0,-71,-47,0,0,1,1.1236606998136267,0.0,-9.805833542486653e-06,17.914436776544772
stress,4,local-p4-91403-hidden_outward_last-min-deterministic,active,nearest_safe,True,True,True,0,b3cdd5b3089c9ea55f14a791b74702bfbc5777b8a6e8e8c8d19d3caf3f12b4bd,b3cdd5b3089c9ea55f14a791b74702bfbc5777b8a6e8e8c8d19d3caf3f12b4bd,9628.756786,9637.306525,8.549739000000045,0.5343586875000028,42.74870020708477,8.549740041416953,0,0,0,0,0,0,0,0,0,0.08911419997457415,0.0,-1.0414169082650915e-06,-0.08879379955293062
stress,4,local-p4-91403-hidden_outward_last-min-deterministic,nearest_safe,immediate,True,True,True,0,b3cdd5b3089c9ea55f14a791b74702bfbc5777b8a6e8e8c8d19d3caf3f12b4bd,b3cdd5b3089c9ea55f14a791b74702bfbc5777b8a6e8e8c8d19d3caf3f12b4bd,9637.306525,9439.11459,-198.19193500000074,-12.386995937500046,94.04035486552311,18.808070973103895,-175,-42,0,0,-35,-42,0,0,0,-0.046014100080356,0.0,-5.973104634904303e-06,2.0565075364768552
stress,4,local-p4-91403-hidden_outward_last-min-deterministic,nearest_safe,joint_square,True,True,True,0,b3cdd5b3089c9ea55f14a791b74702bfbc5777b8a6e8e8c8d19d3caf3f12b4bd,b3cdd5b3089c9ea55f14a791b74702bfbc5777b8a6e8e8c8d19d3caf3f12b4bd,9637.306525,9164.696185,-472.61033999999927,-29.538146249999954,-1863.0517084270323,-372.61034168540664,-85,-15,0,0,-17,-15,0,0,1,0.1767416000366211,0.0,1.6854082787176594e-06,4.90396708638464
stress,4,local-p4-91403-hidden_outward_last-min-deterministic,joint_square,joint_triangular,True,True,True,0,b3cdd5b3089c9ea55f14a791b74702bfbc5777b8a6e8e8c8d19d3caf3f12b4bd,b3cdd5b3089c9ea55f14a791b74702bfbc5777b8a6e8e8c8d19d3caf3f12b4bd,9164.696185,9670.389882,505.6936969999988,31.605856062499925,3713.4684966943823,742.6936993388763,-205,-32,0,0,-41,-32,0,0,0,0.035234399838373065,0.0,-2.338878402952105e-06,-5.517844637639766
