split,problem,variant,n_cases,complete_count,failed_count,complete_rate,failure_rate,externally_all_cleared_rate,external_truth_n,hull_invariant_violations,status_counts,code_sha256,pooled_time_per_cleared_source_s,total_virtual_time_s_n,total_virtual_time_s_mean,total_virtual_time_s_median,total_virtual_time_s_p95,total_virtual_time_s_max,total_virtual_time_s_min,average_clear_time_s_n,average_clear_time_s_mean,average_clear_time_s_median,average_clear_time_s_p95,average_clear_time_s_max,average_clear_time_s_min,walk_distance_m_n,walk_distance_m_mean,walk_distance_m_median,walk_distance_m_p95,walk_distance_m_max,walk_distance_m_min,movement_time_s_n,movement_time_s_mean,movement_time_s_median,movement_time_s_p95,movement_time_s_max,movement_time_s_min,measure_time_s_n,measure_time_s_mean,measure_time_s_median,measure_time_s_p95,measure_time_s_max,measure_time_s_min,switch_time_s_n,switch_time_s_mean,switch_time_s_median,switch_time_s_p95,switch_time_s_max,switch_time_s_min,optical_time_s_n,optical_time_s_mean,optical_time_s_median,optical_time_s_p95,optical_time_s_max,optical_time_s_min,laser_time_s_n,laser_time_s_mean,laser_time_s_median,laser_time_s_p95,laser_time_s_max,laser_time_s_min,measures_n,measures_mean,measures_median,measures_p95,measures_max,measures_min,switches_n,switches_mean,switches_median,switches_p95,switches_max,switches_min,clear_attempts_n,clear_attempts_mean,clear_attempts_median,clear_attempts_p95,clear_attempts_max,clear_attempts_min,clear_successes_n,clear_successes_mean,clear_successes_median,clear_successes_p95,clear_successes_max,clear_successes_min,fallback_targets_n,fallback_targets_mean,fallback_targets_median,fallback_targets_p95,fallback_targets_max,fallback_targets_min,program_real_time_s_n,program_real_time_s_mean,program_real_time_s_median,program_real_time_s_p95,program_real_time_s_max,program_real_time_s_min,clear_fraction_n,clear_fraction_mean,clear_fraction_median,clear_fraction_p95,clear_fraction_max,clear_fraction_min,timing_residual_s_n,timing_residual_s_mean,timing_residual_s_median,timing_residual_s_p95,timing_residual_s_max,timing_residual_s_min
stress,3,active,4,4,0,1.0,0.0,1.0,4,0,"{""complete"": 4}","[""b3cdd5b3089c9ea55f14a791b74702bfbc5777b8a6e8e8c8d19d3caf3f12b4bd""]",377.73330240384615,4,4910.53293125,4970.661789,5671.74013165,5780.502646,3920.305501,4,389.46652565937495,376.6559827375,474.1064531999999,488.5904361,315.9637010625,4,20765.164658375677,20768.308948803908,24608.200658270267,25192.513228676013,16331.527507218882,4,4153.032931675136,4153.661789760781,4921.640131654054,5038.502645735203,3266.3055014437764,4,580.0,572.5,648.0,660.0,515.0,4,94.5,89.5,112.25,116.0,83.0,4,57.0,49.5,87.6,93.0,36.0,4,26.0,26.0,32.0,32.0,20.0,4,116.0,114.5,129.6,132.0,103.0,4,94.5,89.5,112.25,116.0,83.0,4,19.0,16.5,29.199999999999996,31.0,12.0,4,13.0,13.0,16.0,16.0,10.0,4,2.0,1.5,3.6999999999999993,4.0,1.0,4,1.1465592249878682,1.1746723999967799,1.3448856650094967,1.3577108000172302,0.879181299940683,4,1.0,1.0,1.0,1.0,1.0,4,-4.2513568132562796e-07,-2.1889695744903293e-07,2.259753273392561e-07,2.647975634317845e-07,-1.5275463738362305e-06
stress,3,baseline,4,4,0,1.0,0.0,1.0,4,0,"{""complete"": 4}","[""b3cdd5b3089c9ea55f14a791b74702bfbc5777b8a6e8e8c8d19d3caf3f12b4bd""]",481.5764381346154,4,6260.49369575,6365.886387500001,6783.23550235,6817.895365,5492.306643,4,500.380072896875,487.67456230625,604.70476833,614.4943161,411.676850875,4,27717.468472574525,28306.93192343384,30512.677509582336,30699.47682229509,23556.533221135316,4,5543.493694514905,5661.386384686769,6102.535501916467,6139.895364459018,4711.306644227064,4,557.5,552.5,609.75,615.0,510.0,4,94.5,89.5,112.25,116.0,83.0,4,39.0,39.0,48.0,48.0,30.0,4,26.0,26.0,32.0,32.0,20.0,4,111.5,110.5,121.95,123.0,102.0,4,94.5,89.5,112.25,116.0,83.0,4,13.0,13.0,16.0,16.0,10.0,4,13.0,13.0,16.0,16.0,10.0,4,0.0,0.0,0.0,0.0,0.0,4,0.20936492501641624,0.20807004999369383,0.2536739250354003,0.2584002000512555,0.16291940002702177,4,1.0,1.0,1.0,1.0,1.0,4,1.23509562399704e-06,1.8281934899277985e-07,5.012683050154008e-06,5.801806764793582e-06,-1.2270629667909816e-06
stress,3,immediate,4,4,0,1.0,0.0,1.0,4,0,"{""complete"": 4}","[""b3cdd5b3089c9ea55f14a791b74702bfbc5777b8a6e8e8c8d19d3caf3f12b4bd""]",480.1326175576923,4,6241.72402825,6263.083068,7339.33744085,7473.460412,4967.269565,4,506.7395953,453.96683046875,709.7531784949999,747.3460412000001,371.6786790625,4,27142.370145089957,27430.415347202208,32594.43719938229,33282.302054785985,20426.34783116942,4,5428.474029017992,5486.083069440443,6518.887439876458,6656.460410957197,4085.2695662338842,4,631.25,625.0,708.0,720.0,555.0,4,79.5,71.5,101.04999999999998,106.0,69.0,4,76.5,70.5,122.24999999999999,129.0,36.0,4,26.0,26.0,32.0,32.0,20.0,4,126.25,125.0,141.6,144.0,111.0,4,79.5,71.5,101.04999999999998,106.0,69.0,4,25.5,23.5,40.74999999999999,43.0,12.0,4,13.0,13.0,16.0,16.0,10.0,4,4.75,5.0,8.0,8.0,1.0,4,1.3834509250009432,1.452857149997726,1.6168206250586081,1.6323010000633076,0.9957883999450132,4,1.0,1.0,1.0,1.0,1.0,4,-7.679911959712626e-07,-3.2641128200339153e-07,9.735417734191285e-07,1.0428029781905934e-06,-3.461945198068861e-06
stress,3,joint_square,4,4,0,1.0,0.0,1.0,4,0,"{""complete"": 4}","[""b3cdd5b3089c9ea55f14a791b74702bfbc5777b8a6e8e8c8d19d3caf3f12b4bd""]",357.12923903846155,4,4642.6801075,5002.544141,5208.1147639,5211.933088,3353.69906,4,366.78291060624997,330.557862,459.88739437999993,481.8610688,324.154849625,4,19445.900541782765,20837.72070638706,22359.573829910405,22459.66545323026,13648.495301126684,4,3889.1801083565533,4167.544141277412,4471.914765982081,4491.933090646052,2729.6990602253372,4,577.5,577.5,656.0,665.0,490.0,4,97.5,92.5,117.1,121.0,84.0,4,52.5,42.0,88.79999999999998,96.0,30.0,4,26.0,26.0,32.0,32.0,20.0,4,115.5,115.5,131.2,133.0,98.0,4,97.5,92.5,117.1,121.0,84.0,4,17.5,14.0,29.599999999999994,32.0,10.0,4,13.0,13.0,16.0,16.0,10.0,4,1.5,0.5,4.399999999999999,5.0,0.0,4,1.274809925002046,1.2713701999746263,1.6285356000007596,1.6321713000070304,0.9243280000519007,4,1.0,1.0,1.0,1.0,1.0,4,-8.565531288695638e-07,-9.469561064179288e-07,9.128884585152258e-07,1.1137517503811978e-06,-2.6460520530235954e-06
stress,3,joint_triangular,4,4,0,1.0,0.0,1.0,4,0,"{""complete"": 4}","[""b3cdd5b3089c9ea55f14a791b74702bfbc5777b8a6e8e8c8d19d3caf3f12b4bd""]",357.12923903846155,4,4642.6801075,5002.544141,5208.1147639,5211.933088,3353.69906,4,366.78291060624997,330.557862,459.88739437999993,481.8610688,324.154849625,4,19445.900541782765,20837.72070638706,22359.573829910405,22459.66545323026,13648.495301126684,4,3889.1801083565533,4167.544141277412,4471.914765982081,4491.933090646052,2729.6990602253372,4,577.5,577.5,656.0,665.0,490.0,4,97.5,92.5,117.1,121.0,84.0,4,52.5,42.0,88.79999999999998,96.0,30.0,4,26.0,26.0,32.0,32.0,20.0,4,115.5,115.5,131.2,133.0,98.0,4,97.5,92.5,117.1,121.0,84.0,4,17.5,14.0,29.599999999999994,32.0,10.0,4,13.0,13.0,16.0,16.0,10.0,4,1.5,0.5,4.399999999999999,5.0,0.0,4,1.2918119250389282,1.2482450500247069,1.6440427800698671,1.6895142000867054,0.9812434000195935,4,1.0,1.0,1.0,1.0,1.0,4,-8.565531288695638e-07,-9.469561064179288e-07,9.128884585152258e-07,1.1137517503811978e-06,-2.6460520530235954e-06
stress,3,nearest_safe,4,4,0,1.0,0.0,1.0,4,0,"{""complete"": 4}","[""b3cdd5b3089c9ea55f14a791b74702bfbc5777b8a6e8e8c8d19d3caf3f12b4bd""]",376.54153515384616,4,4895.039957,4960.939966,5657.50234115,5764.17086,3894.109036,4,388.092574503125,374.835791175,472.262400675,486.8832531,315.8154625625,4,20681.449791742278,20707.19983751286,24533.26171310038,25110.854308647617,16200.545183295777,4,4136.289958348456,4141.4399675025725,4906.6523426200765,5022.1708617295235,3240.1090366591557,4,581.25,575.0,648.75,660.0,515.0,4,94.5,89.5,112.25,116.0,83.0,4,57.0,49.5,87.6,93.0,36.0,4,26.0,26.0,32.0,32.0,20.0,4,116.25,115.0,129.75,132.0,103.0,4,94.5,89.5,112.25,116.0,83.0,4,19.0,16.5,29.199999999999996,31.0,12.0,4,13.0,13.0,16.0,16.0,10.0,4,2.0,1.5,3.6999999999999993,4.0,1.0,4,1.0817217250005342,1.06674275000114,1.3685782100190407,1.400200100033544,0.793201299966313,4,1.0,1.0,1.0,1.0,1.0,4,-1.3484559531207196e-06,-1.1943393474211916e-06,-9.876971489575253e-08,1.2187229003757238e-10,-3.005266989930533e-06
stress,4,active,4,4,0,1.0,0.0,1.0,4,0,"{""complete"": 4}","[""b3cdd5b3089c9ea55f14a791b74702bfbc5777b8a6e8e8c8d19d3caf3f12b4bd""]",948.6244619615385,4,12332.1180055,12595.360141500001,14350.60695885,14508.994953,9628.756786,4,1006.920377996875,1040.28835683125,1319.5760536849998,1345.3074992,601.797299125,4,45586.84001457372,43277.079436582586,54448.78477173585,55929.9747407085,39863.22644442121,4,9117.368002914744,8655.415887316518,10889.75695434717,11185.9949481417,7972.645288884243,4,2537.5,2677.5,3478.0,3550.0,1245.0,4,440.5,461.0,622.9499999999999,636.0,204.0,4,210.75,87.0,556.9499999999998,633.0,36.0,4,26.0,26.0,32.0,32.0,20.0,4,507.5,535.5,695.5999999999999,710.0,249.0,4,440.5,461.0,622.9499999999999,636.0,204.0,4,70.25,29.0,185.64999999999995,211.0,12.0,4,13.0,13.0,16.0,16.0,10.0,4,3.75,3.0,8.099999999999998,9.0,0.0,4,2.225449399993522,2.2117313999915496,3.2548639899527188,3.3493539999471977,1.1289808000437915,4,1.0,1.0,1.0,1.0,1.0,4,2.5852555154415313e-06,2.3021239030640572e-06,4.50282750534825e-06,4.85829878016375e-06,8.784754754742607e-07
stress,4,baseline,4,4,0,1.0,0.0,1.0,4,0,"{""complete"": 4}","[""b3cdd5b3089c9ea55f14a791b74702bfbc5777b8a6e8e8c8d19d3caf3f12b4bd""]",1056.5257344615384,4,13734.834547999999,13850.4931065,15347.2055766,15457.486377,11780.865602,4,1118.123904996875,1131.98170788125,1446.074466065,1472.2281041,736.304100125,4,53350.422697036716,51707.8665622807,61794.027833647546,63437.4318349662,46548.52582861925,4,10670.084539407344,10341.573312456141,12358.805566729508,12687.48636699324,9309.70516572385,4,2556.25,2687.5,3469.5,3540.0,1310.0,4,440.5,461.0,622.9499999999999,636.0,204.0,4,42.0,39.0,58.199999999999996,60.0,30.0,4,26.0,26.0,32.0,32.0,20.0,4,511.25,537.5,693.9,708.0,262.0,4,440.5,461.0,622.9499999999999,636.0,204.0,4,14.0,13.0,19.4,20.0,10.0,4,13.0,13.0,16.0,16.0,10.0,4,1.5,0.5,4.399999999999999,5.0,0.0,4,0.6568486750184093,0.6703534499974921,0.941580725001404,0.9802774999989197,0.30641030007973313,4,1.0,1.0,1.0,1.0,1.0,4,8.59265674080234e-06,9.043858881341293e-06,9.87048961178516e-06,1.0006759112002328e-05,6.276150088524446e-06
stress,4,immediate,4,4,0,1.0,0.0,1.0,4,0,"{""complete"": 4}","[""b3cdd5b3089c9ea55f14a791b74702bfbc5777b8a6e8e8c8d19d3caf3f12b4bd""]",1016.0883735192308,4,13209.14885575,14207.563907,14967.2604594,14982.353019,9439.11459,4,1091.963626740625,1144.86812479375,1467.94843406,1488.1735955,589.944661875,4,50900.74427932929,51150.319523043414,59896.052291035216,60666.76509055008,40635.57298068023,4,10180.148855865857,10230.063904608684,11979.210458207042,12133.353018110016,8127.114596136045,4,2433.75,2582.5,3444.5,3500.0,1070.0,4,408.0,422.0,612.9499999999999,626.0,162.0,4,161.25,67.5,418.4999999999999,477.0,33.0,4,26.0,26.0,32.0,32.0,20.0,4,486.75,516.5,688.9,700.0,214.0,4,408.0,422.0,612.9499999999999,626.0,162.0,4,53.75,22.5,139.49999999999994,159.0,11.0,4,13.0,13.0,16.0,16.0,10.0,4,5.75,4.0,13.649999999999997,15.0,0.0,4,1.7713642249873374,1.338108950003516,2.9569213950016993,3.237158100004308,1.1720808999380097,4,1.0,1.0,1.0,1.0,1.0,4,-1.1585734682739712e-07,1.3814078556606546e-06,2.754255547188222e-06,2.9098009690642357e-06,-6.136046067695133e-06
stress,4,joint_square,4,4,0,1.0,0.0,1.0,4,0,"{""complete"": 4}","[""b3cdd5b3089c9ea55f14a791b74702bfbc5777b8a6e8e8c8d19d3caf3f12b4bd""]",868.2903024615384,4,11287.773932,11621.345104,12652.8652415,12743.709335,9164.696185,4,923.38609145,953.47132486875,1198.30609627,1213.8082044999999,572.7935115625,4,41038.8696497222,39219.445568217634,47119.826192200024,48418.54665805046,37298.04080440305,4,8207.77392994444,7843.889113643529,9423.965238440007,9683.709331610093,7459.60816088061,4,2461.25,2600.0,3417.5,3485.0,1160.0,4,435.25,453.5,630.9,645.0,189.0,4,157.5,43.5,438.14999999999986,507.0,36.0,4,26.0,26.0,32.0,32.0,20.0,4,492.25,520.0,683.5,697.0,232.0,4,435.25,453.5,630.9,645.0,189.0,4,52.5,14.5,146.04999999999995,169.0,12.0,4,13.0,13.0,16.0,16.0,10.0,4,4.0,2.0,9.799999999999997,11.0,1.0,4,1.995181149977725,1.8801456499495544,2.7522759049606975,2.8255966999568045,1.3948366000549868,4,1.0,1.0,1.0,1.0,1.0,4,2.055561253655469e-06,1.8209293557447381e-06,3.1993311495170927e-06,3.389908670214936e-06,1.1904776329174638e-06
stress,4,joint_triangular,4,4,0,1.0,0.0,1.0,4,0,"{""complete"": 4}","[""b3cdd5b3089c9ea55f14a791b74702bfbc5777b8a6e8e8c8d19d3caf3f12b4bd""]",836.6224790961538,4,10876.09222825,10788.125779499998,12116.42266465,12257.727472,9670.389882,4,882.03312263125,896.0817903,1115.742452995,1131.5695423,604.399367625,4,42582.961140864085,41452.71326608035,47833.3841669589,48793.637358643056,38632.78067265258,4,8516.592228172816,8290.54265321607,9566.67683339178,9758.72747172861,7726.556134530517,4,1840.0,1932.5,2462.75,2540.0,955.0,4,318.0,327.0,444.94999999999993,461.0,157.0,4,175.5,163.5,306.74999999999994,327.0,48.0,4,26.0,26.0,32.0,32.0,20.0,4,368.0,386.5,492.54999999999995,508.0,191.0,4,318.0,327.0,444.94999999999993,461.0,157.0,4,58.5,54.5,102.24999999999999,109.0,16.0,4,13.0,13.0,16.0,16.0,10.0,4,5.25,4.0,10.949999999999998,12.0,1.0,4,1.8698002999590244,1.6313941999687813,2.6200004249927584,2.786341800005175,1.4300709998933598,4,1.0,1.0,1.0,1.0,1.0,4,7.71829036239069e-08,-1.7217007552972063e-07,1.289769261347828e-06,1.469483322580345e-06,-8.164115570252761e-07
stress,4,nearest_safe,4,4,0,1.0,0.0,1.0,4,0,"{""complete"": 4}","[""b3cdd5b3089c9ea55f14a791b74702bfbc5777b8a6e8e8c8d19d3caf3f12b4bd""]",939.1177447884614,4,12208.530682249999,12347.6584655,14341.0496775,14501.499273,9637.306525,4,994.55176386875,1016.34593368125,1310.6582251749999,1343.1835303,602.3316578125,4,45127.653402423064,43245.354566160495,54400.9983700819,55892.49634600701,38127.408131364275,4,9025.530680484615,8649.070913232099,10880.19967401638,11178.499269201402,7625.4816262728555,4,2527.5,2657.5,3472.0,3550.0,1245.0,4,440.5,461.0,622.9499999999999,636.0,204.0,4,189.0,43.5,545.2499999999998,633.0,36.0,4,26.0,26.0,32.0,32.0,20.0,4,505.5,531.5,694.4,710.0,249.0,4,440.5,461.0,622.9499999999999,636.0,204.0,4,63.0,14.5,181.74999999999994,211.0,12.0,4,13.0,13.0,16.0,16.0,10.0,4,3.25,2.0,8.099999999999998,9.0,0.0,4,2.1961589000129607,2.1130500500439666,3.2707742749596944,3.3404404999455437,1.2180950000183657,4,1.0,1.0,1.0,1.0,1.0,4,1.7653860595601145e-06,1.7129441403085366e-06,3.4878795304393854e-06,3.7985973904142156e-06,-1.6294143279083073e-07
test,3,active,8,8,0,1.0,0.0,1.0,8,0,"{""complete"": 8}","[""b3cdd5b3089c9ea55f14a791b74702bfbc5777b8a6e8e8c8d19d3caf3f12b4bd""]",434.74218557692313,8,5651.648412500001,5630.5069025,6427.8231333,6541.37327,4741.100144,8,450.45645509375004,441.4729218875,558.612608985,570.5299245,347.23216,8,24540.117057021005,24277.534505198866,28592.865659802137,29151.866343820246,19750.50072130534,8,4908.023411404201,4855.506901039773,5718.573131960427,5830.3732687640495,3950.100144261068,8,568.75,577.5,635.0,635.0,490.0,8,85.125,86.5,106.0,106.0,55.0,8,63.75,57.0,113.24999999999997,129.0,30.0,8,26.0,26.0,32.0,32.0,20.0,8,113.75,115.5,127.0,127.0,98.0,8,85.125,86.5,106.0,106.0,55.0,8,21.25,19.0,37.74999999999999,43.0,10.0,8,13.0,13.0,16.0,16.0,10.0,8,3.75,3.0,7.6499999999999995,8.0,1.0,8,1.4542654874821892,1.4241327000199817,2.199416449986165,2.3963715999852866,0.7559688999317586,8,1.0,1.0,1.0,1.0,1.0,8,1.0957988934023888e-06,1.383981270919321e-06,4.2291503177693805e-06,4.795588210981805e-06,-1.8751343304757029e-06
test,3,baseline,8,8,0,1.0,0.0,1.0,8,0,"{""complete"": 8}","[""b3cdd5b3089c9ea55f14a791b74702bfbc5777b8a6e8e8c8d19d3caf3f12b4bd""]",517.4870802211539,8,6727.332042875,6466.6763675,8050.4697957,8089.194614,5287.132719,8,530.66315148125,517.1439676375,630.6054915799999,639.8973543,408.3986995,8,30055.41019617167,28735.88181248703,36712.5989485376,36865.97303222997,22580.66359205405,8,6011.082039234334,5747.176362497406,7342.51978970752,7373.194606445995,4516.13271841081,8,561.25,562.5,621.5,625.0,470.0,8,85.125,86.5,106.0,106.0,55.0,8,43.875,42.0,62.849999999999994,66.0,30.0,8,26.0,26.0,32.0,32.0,20.0,8,112.25,112.5,124.3,125.0,94.0,8,85.125,86.5,106.0,106.0,55.0,8,14.625,14.0,20.95,22.0,10.0,8,13.0,13.0,16.0,16.0,10.0,8,1.375,1.0,3.0,3.0,0.0,8,0.20973568751651328,0.19916770001873374,0.27121639506658535,0.29214790009427816,0.16116690007038414,8,1.0,1.0,1.0,1.0,1.0,8,3.640666363935452e-06,3.7562626857834402e-06,6.907258284627459e-06,7.55400560592534e-06,5.891897671972401e-07
test,3,immediate,8,8,0,1.0,0.0,1.0,8,0,"{""complete"": 8}","[""b3cdd5b3089c9ea55f14a791b74702bfbc5777b8a6e8e8c8d19d3caf3f12b4bd""]",553.9301936346154,8,7201.09251725,7369.5509354999995,9113.1089976,9308.72157,5168.670247,8,564.0183107796875,562.6821930625,687.459956315,733.3719081,462.836424375,8,32073.587594919394,32825.25468565112,41455.29498137875,42263.60784180675,21913.351255587047,8,6414.717518983879,6565.050937130224,8291.05899627575,8452.72156836135,4382.67025111741,8,598.125,620.0,661.25,670.0,435.0,8,68.5,72.0,96.0,96.0,23.0,8,93.75,91.5,166.95,168.0,30.0,8,26.0,26.0,32.0,32.0,20.0,8,119.625,124.0,132.25,134.0,87.0,8,68.5,72.0,96.0,96.0,23.0,8,31.25,30.5,55.65,56.0,10.0,8,13.0,13.0,16.0,16.0,10.0,8,6.5,6.5,12.299999999999999,13.0,0.0,8,1.607780112492037,1.5123324500164017,2.4902875699859575,2.639957300038077,0.9941810000455007,8,1.0,1.0,1.0,1.0,1.0,8,-1.7338788893539459e-06,-1.6302237781928852e-06,2.0166858121228866e-06,2.220243914052844e-06,-6.73584781907266e-06
test,3,joint_square,8,8,0,1.0,0.0,1.0,8,0,"{""complete"": 8}","[""b3cdd5b3089c9ea55f14a791b74702bfbc5777b8a6e8e8c8d19d3caf3f12b4bd""]",391.6601042692307,8,5091.5813554999995,5045.489724,6135.6480249,6295.873785,4075.54707,8,399.294161609375,400.52340928125,449.39509107000003,452.1563999,348.0884655625,8,21578.53176697091,21507.448609461764,26806.490106689413,27539.368911678754,16407.735363764506,8,4315.706353394183,4301.4897218923525,5361.298021337883,5507.8737823357515,3281.5470727529014,8,590.625,600.0,643.0,650.0,505.0,8,89.5,92.0,110.3,111.0,60.0,8,69.75,69.0,120.89999999999999,123.0,30.0,8,26.0,26.0,32.0,32.0,20.0,8,118.125,120.0,128.6,130.0,101.0,8,89.5,92.0,110.3,111.0,60.0,8,23.25,23.0,40.3,41.0,10.0,8,13.0,13.0,16.0,16.0,10.0,8,4.5,4.5,8.649999999999999,9.0,0.0,8,1.5831364125333494,1.407500799978152,2.4531685700465458,2.6231880000559613,0.9045801000902429,8,1.0,1.0,1.0,1.0,1.0,8,2.1058177708255243e-06,3.0921396501071285e-06,6.428967617466695e-06,7.0747883000876755e-06,-2.8594940886250697e-06
test,3,joint_triangular,8,8,0,1.0,0.0,1.0,8,0,"{""complete"": 8}","[""b3cdd5b3089c9ea55f14a791b74702bfbc5777b8a6e8e8c8d19d3caf3f12b4bd""]",391.6601042692307,8,5091.5813554999995,5045.489724,6135.6480249,6295.873785,4075.54707,8,399.294161609375,400.52340928125,449.39509107000003,452.1563999,348.0884655625,8,21578.53176697091,21507.448609461764,26806.490106689413,27539.368911678754,16407.735363764506,8,4315.706353394183,4301.4897218923525,5361.298021337883,5507.8737823357515,3281.5470727529014,8,590.625,600.0,643.0,650.0,505.0,8,89.5,92.0,110.3,111.0,60.0,8,69.75,69.0,120.89999999999999,123.0,30.0,8,26.0,26.0,32.0,32.0,20.0,8,118.125,120.0,128.6,130.0,101.0,8,89.5,92.0,110.3,111.0,60.0,8,23.25,23.0,40.3,41.0,10.0,8,13.0,13.0,16.0,16.0,10.0,8,4.5,4.5,8.649999999999999,9.0,0.0,8,1.483404624988907,1.377212250023149,2.0178180500282905,2.042159500066191,0.8997283999342471,8,1.0,1.0,1.0,1.0,1.0,8,2.1058177708255243e-06,3.0921396501071285e-06,6.428967617466695e-06,7.0747883000876755e-06,-2.8594940886250697e-06
test,3,nearest_safe,8,8,0,1.0,0.0,1.0,8,0,"{""complete"": 8}","[""b3cdd5b3089c9ea55f14a791b74702bfbc5777b8a6e8e8c8d19d3caf3f12b4bd""]",433.58484217307694,8,5636.60294825,5619.554533500001,6420.8012958,6531.75431,4736.512411,8,449.3406971234375,440.9429427375,557.858792245,570.5028402,345.8800415625,8,24464.889735846886,24222.77266685408,28557.756468469524,29103.771539053032,19727.56205507042,8,4892.977947169377,4844.554533370816,5711.551293693905,5820.754307810606,3945.512411014084,8,568.75,577.5,635.0,635.0,490.0,8,85.125,86.5,106.0,106.0,55.0,8,63.75,57.0,113.24999999999997,129.0,30.0,8,26.0,26.0,32.0,32.0,20.0,8,113.75,115.5,127.0,127.0,98.0,8,85.125,86.5,106.0,106.0,55.0,8,21.25,19.0,37.74999999999999,43.0,10.0,8,13.0,13.0,16.0,16.0,10.0,8,3.75,3.0,7.6499999999999995,8.0,1.0,8,1.4987800374947255,1.4208299000165425,2.4559775099507526,2.7865592999150977,0.7596646000165492,8,1.0,1.0,1.0,1.0,1.0,8,1.080622951121768e-06,1.2469149623939302e-06,3.888236051352577e-06,4.293612619221676e-06,-2.8770264179911464e-06
test,4,active,8,8,0,1.0,0.0,1.0,8,0,"{""complete"": 8}","[""b3cdd5b3089c9ea55f14a791b74702bfbc5777b8a6e8e8c8d19d3caf3f12b4bd""]",1036.3335203076922,8,13472.335764,13493.498541500001,15041.9343904,15287.229257,11841.937503,8,1086.7079254125001,1069.82278943125,1387.983055415,1403.5427314,769.316097875,8,51077.928804471725,50293.71218638572,58962.6719384618,60266.14627284342,43749.68750368384,8,10215.585760894344,10058.742437277146,11792.53438769236,12053.229254568685,8749.937500736769,8,2415.625,2382.5,3102.5,3155.0,1700.0,8,405.625,403.0,556.9,566.0,243.0,8,409.5,384.0,837.4499999999998,912.0,48.0,8,26.0,26.0,32.0,32.0,20.0,8,483.125,476.5,620.5,631.0,340.0,8,405.625,403.0,556.9,566.0,243.0,8,136.5,128.0,279.15,304.0,16.0,8,13.0,13.0,16.0,16.0,10.0,8,6.375,6.5,9.649999999999999,10.0,3.0,8,2.876768437505234,2.908701899985317,3.5585054499912077,3.6175346999661997,2.0045628000516444,8,1.0,1.0,1.0,1.0,1.0,8,3.105655650870176e-06,2.3472748580388725e-06,6.640661013079805e-06,8.22033325675875e-06,1.20730692287907e-06
test,4,baseline,8,8,0,1.0,0.0,1.0,8,0,"{""complete"": 8}","[""b3cdd5b3089c9ea55f14a791b74702bfbc5777b8a6e8e8c8d19d3caf3f12b4bd""]",1064.2120022692309,8,13834.7560295,13861.7242195,14786.9346907,14926.449268,12567.944224,8,1114.297755528125,1094.848750825,1384.38863036,1406.307244,853.7734999375,8,54642.53010570977,53443.62105854378,62584.7537769523,62629.1809010688,47479.72108684406,8,10928.506021141955,10688.724211708759,12516.95075539046,12525.83618021376,9495.944217368813,8,2396.25,2352.5,3091.0,3140.0,1655.0,8,405.625,403.0,556.9,566.0,243.0,8,78.375,57.0,184.79999999999993,231.0,30.0,8,26.0,26.0,32.0,32.0,20.0,8,479.25,470.5,618.1999999999999,628.0,331.0,8,405.625,403.0,556.9,566.0,243.0,8,26.125,19.0,61.59999999999998,77.0,10.0,8,13.0,13.0,16.0,16.0,10.0,8,2.25,2.0,4.6499999999999995,5.0,0.0,8,0.7002487749850843,0.6915853499667719,0.9970000949862877,1.0887527000159025,0.5128207000670955,8,1.0,1.0,1.0,1.0,1.0,8,8.358045988643426e-06,7.791243660904001e-06,1.4512359757645751e-05,1.5852812794037163e-05,2.930702976300381e-06
test,4,immediate,8,8,0,1.0,0.0,1.0,8,0,"{""complete"": 8}","[""b3cdd5b3089c9ea55f14a791b74702bfbc5777b8a6e8e8c8d19d3caf3f12b4bd""]",1046.3112018653846,8,13602.04562425,13705.9850425,15294.07737245,15747.44168,11720.444993,8,1123.58664968125,1113.4022779375,1529.407737245,1574.744168,732.5278120625,8,53543.97810814358,52903.846898141346,58468.1665695453,58472.208392792556,48777.2249621922,8,10708.795621628717,10580.76937962827,11693.633313909062,11694.441678558513,9755.44499243844,8,2306.25,2347.5,3177.75,3225.0,1370.0,8,369.0,376.5,546.9,556.0,175.0,8,192.0,135.0,443.99999999999994,486.0,66.0,8,26.0,26.0,32.0,32.0,20.0,8,461.25,469.5,635.55,645.0,274.0,8,369.0,376.5,546.9,556.0,175.0,8,64.0,45.0,147.99999999999997,162.0,22.0,8,13.0,13.0,16.0,16.0,10.0,8,8.625,8.0,14.299999999999999,15.0,3.0,8,1.9848812625132268,1.8881698499899358,2.5642259400279723,2.7388898000353947,1.5595269999466836,8,1.0,1.0,1.0,1.0,1.0,8,2.6212844659312395e-06,2.477489033481106e-06,5.2141253945592325e-06,5.4771589930169284e-06,3.3210562833119184e-07
test,4,joint_square,8,8,0,1.0,0.0,1.0,8,0,"{""complete"": 8}","[""b3cdd5b3089c9ea55f14a791b74702bfbc5777b8a6e8e8c8d19d3caf3f12b4bd""]",918.0801953461539,8,11935.0425395,11962.772414,13251.0378276,13835.371943,10299.086095,8,978.1569340625,969.11578279375,1318.77259867,1383.5371943,643.6928809375,8,44311.46267969388,44303.22888484238,49231.050837507806,50005.99991254337,39005.43045626343,8,8862.292535938777,8860.645776968477,9846.210167501562,10001.199982508675,7801.086091252686,8,2353.125,2305.0,3123.5,3155.0,1550.0,8,402.25,397.0,565.9,575.0,228.0,8,291.375,213.0,658.65,687.0,57.0,8,26.0,26.0,32.0,32.0,20.0,8,470.625,461.0,624.7,631.0,310.0,8,402.25,397.0,565.9,575.0,228.0,8,97.125,71.0,219.54999999999998,229.0,19.0,8,13.0,13.0,16.0,16.0,10.0,8,6.875,6.5,11.0,11.0,2.0,8,2.283273837500019,2.351063599984627,2.8062192400509955,2.938470800057985,1.6764841999392956,8,1.0,1.0,1.0,1.0,1.0,8,3.561222683856613e-06,3.5329649108462036e-06,6.8782479502260665e-06,8.365906978724524e-06,5.784713721368462e-07
test,4,joint_triangular,8,8,0,1.0,0.0,1.0,8,0,"{""complete"": 8}","[""b3cdd5b3089c9ea55f14a791b74702bfbc5777b8a6e8e8c8d19d3caf3f12b4bd""]",873.6854540096155,8,11357.910902125,11422.01763,12779.551947799999,13421.740387,9847.38239,8,918.3457472734375,959.67472764375,1143.53756571,1146.6544387,615.461399375,8,45003.92949943872,42690.08814335546,52976.68259384772,55103.701918369145,39985.02658838885,8,9000.785899887744,8538.017628671092,10595.336518769545,11020.74038367383,7997.00531767777,8,1746.875,1712.5,2238.25,2310.0,1165.0,8,292.125,287.5,399.09999999999997,411.0,171.0,8,292.125,262.5,504.7499999999999,594.0,153.0,8,26.0,26.0,32.0,32.0,20.0,8,349.375,342.5,447.65,462.0,233.0,8,292.125,287.5,399.09999999999997,411.0,171.0,8,97.375,87.5,168.24999999999994,198.0,51.0,8,13.0,13.0,16.0,16.0,10.0,8,6.625,6.0,9.649999999999999,10.0,3.0,8,2.19516350000049,2.0650014000129886,2.8489385549968573,2.8561914999736473,1.5525475000031292,8,1.0,1.0,1.0,1.0,1.0,8,2.2372564671968576e-06,1.5598125173710287e-06,4.634128890756982e-06,5.338413757272065e-06,1.3222306733950973e-06
test,4,nearest_safe,8,8,0,1.0,0.0,1.0,8,0,"{""complete"": 8}","[""b3cdd5b3089c9ea55f14a791b74702bfbc5777b8a6e8e8c8d19d3caf3f12b4bd""]",1035.5345604134616,8,13461.949285375,13485.5593505,15023.23137555,15264.187835,11837.984631,8,1085.8748766390624,1068.90510139375,1386.393080905,1401.7063480000002,768.964914,8,51025.9964079313,50233.755248278074,58869.15686025153,60150.93916271522,43729.92313810085,8,10205.199281586261,10046.751049655615,11773.831372050307,12030.187832543044,8745.98462762017,8,2415.625,2382.5,3102.5,3155.0,1700.0,8,405.625,403.0,556.9,566.0,243.0,8,409.5,384.0,837.4499999999998,912.0,48.0,8,26.0,26.0,32.0,32.0,20.0,8,483.125,476.5,620.5,631.0,340.0,8,405.625,403.0,556.9,566.0,243.0,8,136.5,128.0,279.15,304.0,16.0,8,13.0,13.0,16.0,16.0,10.0,8,6.375,6.5,9.649999999999999,10.0,3.0,8,2.807612287477241,2.7624018999631517,3.5636050099798013,3.5821926000062376,1.949958399985917,8,1.0,1.0,1.0,1.0,1.0,8,3.788740059462725e-06,3.262965037720278e-06,7.979705333127637e-06,9.349281754111871e-06,1.1815227480838075e-06
tune,3,active,4,4,0,1.0,0.0,1.0,4,0,"{""complete"": 4}","[""b3cdd5b3089c9ea55f14a791b74702bfbc5777b8a6e8e8c8d19d3caf3f12b4bd""]",424.4072845,4,5517.2946985,5355.472443000001,6306.6917673,6445.368963,4912.864945,4,439.546126525,447.06102734374997,514.8506718599999,519.0090561,345.0533953125,4,24018.973486309373,23307.362220131392,27938.708810923927,28551.844784247645,20909.324720727058,4,4803.794697261875,4661.472444026278,5587.741762184785,5710.368956849529,4181.864944145412,4,553.75,570.0,600.5,605.0,470.0,4,86.5,87.5,103.8,105.0,66.0,4,47.25,43.5,68.39999999999999,72.0,30.0,4,26.0,26.0,32.0,32.0,20.0,4,110.75,114.0,120.1,121.0,94.0,4,86.5,87.5,103.8,105.0,66.0,4,15.75,14.5,22.799999999999997,24.0,10.0,4,13.0,13.0,16.0,16.0,10.0,4,2.5,0.5,7.799999999999997,9.0,0.0,4,1.2473017500014976,1.1283869000035338,1.929885584959993,2.0524328999454156,0.6800003000535071,4,1.0,1.0,1.0,1.0,1.0,4,1.2381256055959966e-06,5.167430572328158e-08,5.3560883316094965e-06,6.150470653665252e-06,-1.3013168427278288e-06
tune,3,baseline,4,4,0,1.0,0.0,1.0,4,0,"{""complete"": 4}","[""b3cdd5b3089c9ea55f14a791b74702bfbc5777b8a6e8e8c8d19d3caf3f12b4bd""]",490.7284061730769,4,6379.469280249999,6129.5071865,7689.998069449999,7874.489519,5384.373229,4,501.83096514062504,515.29645891875,557.99536577,561.4467851,415.284157625,4,28469.84639377524,27272.535929193287,35140.49031984314,36037.44756354698,23296.866153167397,4,5693.9692787550475,5454.507185838658,7028.098063968629,7207.489512709396,4659.37323063348,4,532.5,542.5,570.0,570.0,475.0,4,86.5,87.5,103.8,105.0,66.0,4,40.5,39.0,53.099999999999994,54.0,30.0,4,26.0,26.0,32.0,32.0,20.0,4,106.5,108.5,114.0,114.0,95.0,4,86.5,87.5,103.8,105.0,66.0,4,13.5,13.0,17.7,18.0,10.0,4,13.0,13.0,16.0,16.0,10.0,4,0.25,0.0,0.8499999999999996,1.0,0.0,4,0.1976226749829948,0.1913455999456346,0.25911803001072253,0.27039800002239645,0.13740150001831353,4,1.0,1.0,1.0,1.0,1.0,4,1.4949521300877677e-06,6.61342255625641e-07,5.481370999405042e-06,6.290603778325021e-06,-1.6334797692252323e-06
tune,3,immediate,4,4,0,1.0,0.0,1.0,4,0,"{""complete"": 4}","[""b3cdd5b3089c9ea55f14a791b74702bfbc5777b8a6e8e8c8d19d3caf3f12b4bd""]",484.3802544807692,4,6296.94330825,6007.436115,7429.34896795,7605.079303,5567.8217,4,498.08223983437506,516.04981321875,557.93024749,558.1328494,402.0964835,4,27658.466550711175,26365.91360577675,33283.99482888955,34070.396499029426,23831.642492261773,4,5531.6933101422355,5273.18272115535,6656.79896577791,6814.079299805886,4766.328498452355,4,590.0,595.0,652.0,655.0,515.0,4,70.5,72.5,93.8,95.0,42.0,4,78.75,54.0,147.14999999999998,162.0,45.0,4,26.0,26.0,32.0,32.0,20.0,4,118.0,119.0,130.4,131.0,103.0,4,70.5,72.5,93.8,95.0,42.0,4,26.25,18.0,49.04999999999999,54.0,15.0,4,13.0,13.0,16.0,16.0,10.0,4,5.0,3.5,9.949999999999998,11.0,2.0,4,1.3208783750014845,1.2707657500286587,1.7822319149971007,1.8378311999840662,0.9041507999645546,4,1.0,1.0,1.0,1.0,1.0,4,-1.8922346498584375e-06,-3.155349986627698e-06,2.311300158908123e-06,3.1941153793013655e-06,-4.4523540054797195e-06
tune,3,joint_square,4,4,0,1.0,0.0,1.0,4,0,"{""complete"": 4}","[""b3cdd5b3089c9ea55f14a791b74702bfbc5777b8a6e8e8c8d19d3caf3f12b4bd""]",386.55842603846156,4,5025.2595385,5133.6205580000005,5649.9323033,5698.887872,4134.909166,4,398.73152929375,384.83570430000003,478.07515216,489.4723702,335.782338375,4,21267.54768364691,21980.602780186375,24271.911497059857,24439.439338158685,16669.545836056208,4,4253.5095367293825,4396.1205560372755,4854.382299411972,4887.887867631737,3333.9091672112418,4,588.75,592.5,622.0,625.0,545.0,4,91.0,91.5,109.35,111.0,70.0,4,66.0,46.5,116.84999999999997,129.0,42.0,4,26.0,26.0,32.0,32.0,20.0,4,117.75,118.5,124.4,125.0,109.0,4,91.0,91.5,109.35,111.0,70.0,4,22.0,15.5,38.94999999999999,43.0,14.0,4,13.0,13.0,16.0,16.0,10.0,4,3.5,2.5,7.249999999999998,8.0,1.0,4,1.2918657500122208,1.1983870000112802,1.9132716050080487,1.9996649000095204,0.7710241000168025,4,1.0,1.0,1.0,1.0,1.0,4,1.7706179278320633e-06,1.9627250367193483e-06,4.1268361201218785e-06,4.368263034848496e-06,-1.2112413969589397e-06
tune,3,joint_triangular,4,4,0,1.0,0.0,1.0,4,0,"{""complete"": 4}","[""b3cdd5b3089c9ea55f14a791b74702bfbc5777b8a6e8e8c8d19d3caf3f12b4bd""]",386.55842603846156,4,5025.2595385,5133.6205580000005,5649.9323033,5698.887872,4134.909166,4,398.73152929375,384.83570430000003,478.07515216,489.4723702,335.782338375,4,21267.54768364691,21980.602780186375,24271.911497059857,24439.439338158685,16669.545836056208,4,4253.5095367293825,4396.1205560372755,4854.382299411972,4887.887867631737,3333.9091672112418,4,588.75,592.5,622.0,625.0,545.0,4,91.0,91.5,109.35,111.0,70.0,4,66.0,46.5,116.84999999999997,129.0,42.0,4,26.0,26.0,32.0,32.0,20.0,4,117.75,118.5,124.4,125.0,109.0,4,91.0,91.5,109.35,111.0,70.0,4,22.0,15.5,38.94999999999999,43.0,14.0,4,13.0,13.0,16.0,16.0,10.0,4,3.5,2.5,7.249999999999998,8.0,1.0,4,1.2790577999840025,1.2367940999683924,1.7796617699437773,1.83106889994815,0.8115741000510752,4,1.0,1.0,1.0,1.0,1.0,4,1.7706179278320633e-06,1.9627250367193483e-06,4.1268361201218785e-06,4.368263034848496e-06,-1.2112413969589397e-06
tune,3,nearest_safe,4,4,0,1.0,0.0,1.0,4,0,"{""complete"": 4}","[""b3cdd5b3089c9ea55f14a791b74702bfbc5777b8a6e8e8c8d19d3caf3f12b4bd""]",423.61262315384613,4,5506.964101,5345.984161,6300.44209515,6439.181679,4896.706403,4,438.632977609375,446.05974761875,513.556558215,517.7717202,344.640695,4,23967.32049813833,23259.920803039495,27907.46045439583,28520.908370452697,20828.53201602164,4,4793.464099627667,4651.984160607899,5581.492090879166,5704.18167409054,4165.706403204328,4,553.75,570.0,600.5,605.0,470.0,4,86.5,87.5,103.8,105.0,66.0,4,47.25,43.5,68.39999999999999,72.0,30.0,4,26.0,26.0,32.0,32.0,20.0,4,110.75,114.0,120.1,121.0,94.0,4,86.5,87.5,103.8,105.0,66.0,4,15.75,14.5,22.799999999999997,24.0,10.0,4,13.0,13.0,16.0,16.0,10.0,4,2.5,0.5,7.799999999999997,9.0,0.0,4,1.2473232000193093,1.2247511000023223,1.7516685950395183,1.8299798000371084,0.7098108000354841,4,1.0,1.0,1.0,1.0,1.0,4,1.3723333722737152e-06,3.9210044633364305e-07,4.270833778718951e-06,4.909460585622583e-06,-2.0432798919500783e-07
tune,4,active,4,4,0,1.0,0.0,1.0,4,0,"{""complete"": 4}","[""b3cdd5b3089c9ea55f14a791b74702bfbc5777b8a6e8e8c8d19d3caf3f12b4bd""]",1030.8631098653846,4,13401.22042825,13682.0430605,14435.27022575,14493.807632,11746.98796,4,1072.0217376156252,1040.2808865000002,1303.3496878400001,1326.0527864,881.4723910625,4,50629.85211522507,49842.715275086426,58612.10108656257,59549.03811576111,43284.9397949663,4,10125.970423045013,9968.543055017286,11722.420217312516,11909.807623152223,8656.98795899326,4,2491.25,2520.0,3043.25,3125.0,1800.0,4,421.25,432.5,543.65,560.0,260.0,4,336.75,385.5,530.25,537.0,39.0,4,26.0,26.0,32.0,32.0,20.0,4,498.25,504.0,608.65,625.0,360.0,4,421.25,432.5,543.65,560.0,260.0,4,112.25,128.5,176.75,179.0,13.0,4,13.0,13.0,16.0,16.0,10.0,4,6.5,5.5,12.099999999999998,13.0,2.0,4,2.882228500006022,2.955885350005701,3.9696148399903906,4.010777599993162,1.6063657000195235,4,1.0,1.0,1.0,1.0,1.0,4,5.204986791795818e-06,5.482715096150059e-06,8.437484211754054e-06,8.84777728060726e-06,1.0067396942758933e-06
tune,4,baseline,4,4,0,1.0,0.0,1.0,4,0,"{""complete"": 4}","[""b3cdd5b3089c9ea55f14a791b74702bfbc5777b8a6e8e8c8d19d3caf3f12b4bd""]",1062.6045989807692,4,13813.85978675,13934.328153999999,14930.9336506,14986.822804,12399.960035,4,1103.8761231875,1088.336214375,1312.625768625,1325.442786,913.389278,4,53971.79889548195,53403.12662310036,61967.08795430361,62436.14218460896,46644.80015111812,4,10794.35977909639,10680.625324620072,12393.417590860725,12487.228436921792,9328.960030223625,4,2465.0,2515.0,3007.75,3085.0,1745.0,4,421.25,432.5,543.65,560.0,260.0,4,107.25,90.0,199.64999999999995,219.0,30.0,4,26.0,26.0,32.0,32.0,20.0,4,493.0,503.0,601.55,617.0,349.0,4,421.25,432.5,543.65,560.0,260.0,4,35.75,30.0,66.54999999999998,73.0,10.0,4,13.0,13.0,16.0,16.0,10.0,4,2.75,1.5,7.099999999999998,8.0,0.0,4,0.6486104500072543,0.6464849999756552,0.745829145051539,0.7500846000621095,0.551387200015597,4,1.0,1.0,1.0,1.0,1.0,4,7.653609372937353e-06,7.3799274105113e-06,1.0539275717746931e-05,1.1078207535319962e-05,4.776375135406852e-06
tune,4,immediate,4,4,0,1.0,0.0,1.0,4,0,"{""complete"": 4}","[""b3cdd5b3089c9ea55f14a791b74702bfbc5777b8a6e8e8c8d19d3caf3f12b4bd""]",1092.9518760961537,4,14208.374389249999,14157.1661355,14494.9496348,14538.237308,13980.927978,4,1150.950968975,1153.3663147749999,1405.211673005,1406.4679451,890.60330125,4,55254.371925385996,55314.79187893467,59488.9524301365,60023.26406273115,50364.63988094348,4,11050.8743850772,11062.958375786937,11897.7904860273,12004.65281254623,10072.927976188697,4,2430.0,2522.5,3100.25,3185.0,1490.0,4,391.0,411.0,533.65,550.0,192.0,4,310.5,280.5,512.55,531.0,150.0,4,26.0,26.0,32.0,32.0,20.0,4,486.0,504.5,620.05,637.0,298.0,4,391.0,411.0,533.65,550.0,192.0,4,103.5,93.5,170.85,177.0,50.0,4,13.0,13.0,16.0,16.0,10.0,4,9.25,9.0,14.549999999999999,15.0,4.0,4,2.4110834499879275,2.3416630999417976,2.9434188150044065,2.9958597000222653,1.9651479000458494,4,1.0,1.0,1.0,1.0,1.0,4,4.172799890511669e-06,3.7130639611859806e-06,7.172699133661808e-06,7.453769285348244e-06,1.8113023543264717e-06
tune,4,joint_square,4,4,0,1.0,0.0,1.0,4,0,"{""complete"": 4}","[""b3cdd5b3089c9ea55f14a791b74702bfbc5777b8a6e8e8c8d19d3caf3f12b4bd""]",912.3183723076922,4,11860.13884,11678.394926,12618.61003825,12776.307349,11307.458159,4,970.958358371875,949.7432818249999,1261.8610038250001,1277.6307349,706.7161349375,4,43590.694184351014,43050.263134791036,45463.677668878845,45852.290775648275,42409.95969217371,4,8718.138836870203,8610.052626958208,9092.73553377577,9170.458155129656,8481.991938434743,4,2405.0,2480.0,3065.5,3145.0,1515.0,4,419.25,440.5,549.8,566.0,230.0,4,291.75,312.0,388.05,393.0,150.0,4,26.0,26.0,32.0,32.0,20.0,4,481.0,496.0,613.0999999999999,629.0,303.0,4,419.25,440.5,549.8,566.0,230.0,4,97.25,104.0,129.35,131.0,50.0,4,13.0,13.0,16.0,16.0,10.0,4,5.0,4.0,9.949999999999998,11.0,1.0,4,2.5473827500245534,2.427378549997229,2.9501040900184305,3.0323547000298277,2.3024192000739276,4,1.0,1.0,1.0,1.0,1.0,4,3.1297977329813875e-06,3.3832975532277487e-06,5.311021232046187e-06,5.565258106798865e-06,1.8733771867118776e-07
tune,4,joint_triangular,4,4,0,1.0,0.0,1.0,4,0,"{""complete"": 4}","[""b3cdd5b3089c9ea55f14a791b74702bfbc5777b8a6e8e8c8d19d3caf3f12b4bd""]",866.6247396346154,4,11266.12161525,11314.4757885,11987.1631644,12046.807317,10388.727567,4,904.46228386875,895.89910700625,1089.111528745,1097.9771944,728.0737270625,4,44615.60805707693,43277.267981444864,50946.31580387658,51789.036567261144,40118.85969815686,4,8923.121611415387,8655.453596288973,10189.263160775317,10357.80731345223,8023.771939631373,4,1795.0,1850.0,2242.25,2300.0,1180.0,4,300.0,313.5,394.5,405.0,168.0,4,222.0,268.5,308.55,309.0,42.0,4,26.0,26.0,32.0,32.0,20.0,4,359.0,370.0,448.45,460.0,236.0,4,300.0,313.5,394.5,405.0,168.0,4,74.0,89.5,102.85,103.0,14.0,4,13.0,13.0,16.0,16.0,10.0,4,6.5,7.0,9.549999999999999,10.0,2.0,4,2.4210537250328343,2.423993550008163,3.1012392050353808,3.2011874000309035,1.6350404000841081,4,1.0,1.0,1.0,1.0,1.0,4,3.834612925857073e-06,3.8041453080950305e-06,4.322410677559674e-06,4.3686268327292055e-06,3.3615342545090243e-06
tune,4,nearest_safe,4,4,0,1.0,0.0,1.0,4,0,"{""complete"": 4}","[""b3cdd5b3089c9ea55f14a791b74702bfbc5777b8a6e8e8c8d19d3caf3f12b4bd""]",994.969019923077,4,12934.597259,12755.649110999999,14305.8928054,14491.703971,11735.386843,4,1042.67810721875,1039.6350912437501,1302.5326463400002,1325.2962867,766.1459596875,4,48930.48627100049,46478.245533684174,57599.49335459832,59538.51981292923,43226.93420370437,4,9786.097254200098,9295.649106736835,11519.898670919665,11907.703962585847,8645.386840740874,4,2468.75,2475.0,3043.25,3125.0,1800.0,4,421.25,432.5,543.65,560.0,260.0,4,232.5,199.5,460.04999999999995,492.0,39.0,4,26.0,26.0,32.0,32.0,20.0,4,493.75,495.0,608.65,625.0,360.0,4,421.25,432.5,543.65,560.0,260.0,4,77.5,66.5,153.34999999999997,164.0,13.0,4,13.0,13.0,16.0,16.0,10.0,4,5.25,3.0,11.649999999999997,13.0,2.0,4,2.4412301999982446,2.3031309000216424,3.2859799899510103,3.4385004999348894,1.7201585000148043,4,1.0,1.0,1.0,1.0,1.0,4,4.799902399099665e-06,4.263164555595722e-06,7.90267549746204e-06,8.414153853664175e-06,2.2591266315430403e-06
