case_id,problem,pool,composition_model,mechanism_id,partition,variant,baseline_variant,baseline_complete,candidate_complete,total_actual_time_delta_s,movement_s_delta,measurement_s_delta,switch_s_delta,optical_s_delta,laser_s_delta,walk_distance_m_delta,measures_delta,clear_attempts_delta,failed_clear_attempts_delta,component_residual_s
stage2-round-broad-p4-0000-060cf9d069e8ac8c,4,broad,broad_joint,assumption__radius_min__noise_deterministic__scale_75,confirmation,nosignal,normal,True,True,-348.50080399999933,-288.5008047575484,0,0,-60,0,-1442.5040237877402,0,-20,-20,7.575490599265322e-07
stage2-round-broad-p4-0005-168b8a3f081a1a7b,4,broad,broad_joint,assumption__radius_max__noise_extreme__scale_75,confirmation,nosignal,normal,True,True,-1218.0204549999999,-783.0204541790499,0,0,-435,0,-3915.1022708952514,0,-145,-145,-8.20949935587123e-07
stage2-round-broad-p4-0006-556b3893e47a6591,4,broad,broad_joint,assumption__radius_mixed__noise_deterministic__scale_75,confirmation,nosignal,normal,True,True,176.61366200000157,203.61366236696267,0,0,-27,0,1018.0683118348097,0,-9,-9,-3.6696110328193754e-07
stage2-round-broad-p4-0009-b3ab79d0ad78ed75,4,broad,broad_joint,assumption__radius_min__noise_deterministic__scale_150,confirmation,nosignal,normal,True,True,-700.8193510000001,-598.8193515048324,0,0,-102,0,-2994.0967575241666,0,-34,-34,5.048323146183975e-07
stage2-round-broad-p4-0011-f3fa981dc5e8e10a,4,broad,broad_joint,assumption__radius_min__noise_extreme__scale_150,confirmation,nosignal,normal,True,True,-76.98461399999906,-10.984613274484218,0,0,-66,0,-54.92306637241563,0,-22,-22,-7.255148375406861e-07
stage2-round-broad-p4-0019-c9c4b5331ec8504c,4,broad,broad_joint,assumption__radius_min__noise_correlated__scale_300,confirmation,nosignal,normal,True,True,-1158.3280649999997,-861.3280686459766,0,0,-297,0,-4306.640343229883,0,-99,-99,3.645976903499104e-06
stage2-round-broad-p4-0023-5e99d6f9fb83d029,4,broad,broad_joint,assumption__radius_max__noise_extreme__scale_300,confirmation,nosignal,normal,True,True,576.5800139999992,471.5800128440169,0,0,105,0,2357.9000642200845,0,35,35,1.1559823178686202e-06
stage2-round-broad-p4-0028-d71b1e6ce36c45ba,4,broad,broad_joint,assumption__radius_min__noise_correlated__scale_75,confirmation,nosignal,normal,True,True,-184.82839200000126,-115.82839527202486,0,0,-69,0,-579.1419763601225,0,-23,-23,3.2720236049499363e-06
stage2-round-broad-p4-0033-3f7083f88ed4a11b,4,broad,broad_joint,assumption__radius_mixed__noise_deterministic__scale_75,confirmation,nosignal,normal,True,True,-182.8648060000014,-143.86480436397687,0,0,-39,0,-719.3240218198771,0,-13,-13,-1.636024535400793e-06
stage2-round-broad-p4-0041-093e7de9967becd6,4,broad,broad_joint,assumption__radius_max__noise_extreme__scale_150,confirmation,nosignal,normal,True,True,430.64094300000033,475.6409465737661,0,0,-45,0,2378.2047328688277,0,-15,-15,-3.573765752662439e-06
stage2-round-broad-p4-0042-7ab2f963e34d7f01,4,broad,broad_joint,assumption__radius_mixed__noise_deterministic__scale_150,confirmation,nosignal,normal,True,True,-443.3492920000008,-317.3492934505193,0,0,-126,0,-1586.7464672525966,0,-42,-42,1.4505185390589759e-06
stage2-round-broad-p4-0046-82bc100679324e7d,4,broad,broad_joint,assumption__radius_min__noise_correlated__scale_300,confirmation,nosignal,normal,True,True,62.27580200000011,14.275802189633396,0,0,48,0,71.37901094817062,0,16,16,-1.8963328329846263e-07
stage2-round-broad-p4-0053-13910d7834ab38e4,4,broad,broad_joint,assumption__radius_mixed__noise_extreme__scale_300,confirmation,nosignal,normal,True,True,-105.69711599999937,-36.697119752598155,0,0,-69,0,-183.4855987629926,0,-23,-23,3.752598786377348e-06
stage2-round-broad-p4-0068-15a71b9c67acb7a2,4,broad,broad_joint,assumption__radius_max__noise_extreme__scale_150,confirmation,nosignal,normal,True,True,532.1929280000004,436.1929268751237,0,0,96,0,2180.9646343756176,0,32,32,1.1248766895732842e-06
stage2-round-broad-p4-0070-101333d4e97cb4aa,4,broad,broad_joint,assumption__radius_mixed__noise_correlated__scale_150,confirmation,nosignal,normal,True,True,-1113.236508,-735.2365077222858,0,0,-378,0,-3676.182538611436,0,-126,-126,-2.7771420718636364e-07
stage2-round-broad-p4-0071-1d2ca27158b71d51,4,broad,broad_joint,assumption__radius_mixed__noise_extreme__scale_150,confirmation,nosignal,normal,True,True,-194.3413729999993,-182.34137471766007,0,0,-12,0,-911.7068735883004,0,-4,-4,1.717660779831931e-06
stage2-round-calibrated-p4-0001-680042f8d9cc2a35,4,calibrated,broad_joint,mixed_correlated150_after_observable_screen,confirmation,nosignal,normal,True,True,-912.1656490000005,-765.1656477757097,0,0,-147,0,-3825.8282388785447,0,-49,-49,-1.2242908269399777e-06
stage2-round-calibrated-p4-0004-4714242d3b406574,4,calibrated,smoothed_joint,mixed_correlated150_after_observable_screen,confirmation,nosignal,normal,True,True,526.2088739999999,367.20887104285794,0,0,159,0,1836.0443552142897,0,53,53,2.95714198728092e-06
stage2-round-calibrated-p4-0005-dba9bef715a0bb9e,4,calibrated,broad_joint,mixed_correlated150_after_observable_screen,confirmation,nosignal,normal,True,True,581.1473299999998,443.14732980207555,0,0,138,0,2215.736649010374,0,46,46,1.9792423699982464e-07
stage2-round-calibrated-p4-0008-87225ba66189e092,4,calibrated,smoothed_joint,mixed_correlated150_after_observable_screen,confirmation,nosignal,normal,True,True,-705.9979359999998,-519.9979367832711,0,0,-186,0,-2599.9896839163557,0,-62,-62,7.832713890820742e-07
stage2-round-calibrated-p4-0023-589e3c738f5d29d0,4,calibrated,broad_joint,mixed_extreme150_after_observable_screen,confirmation,nosignal,normal,True,True,-103.68012500000077,4.319872410287644,0,0,-108,0,21.599362051434582,0,-36,-36,2.5897115847328678e-06
stage2-round-calibrated-p4-0024-0d7d9ab1fdff7647,4,calibrated,smoothed_joint,mixed_correlated150_after_observable_screen,confirmation,nosignal,normal,True,True,-879.6918289999994,-639.6918287515327,0,0,-240,0,-3198.4591437576673,0,-80,-80,-2.484666765667498e-07
stage2-round-calibrated-p4-0033-94f1c31dfa438d41,4,calibrated,broad_joint,mixed_correlated150_after_observable_screen,confirmation,nosignal,normal,True,True,42.8159140000007,30.815912241321712,0,0,12,0,154.07956120661402,0,4,4,1.75867899088189e-06
stage2-round-calibrated-p4-0034-4e261939377e25d1,4,calibrated,smoothed_joint,mixed_extreme150_after_observable_screen,confirmation,nosignal,normal,True,True,-462.1276620000008,-339.12766071005626,0,0,-123,0,-1695.6383035502804,0,-41,-41,-1.28994452097686e-06
stage2-round-calibrated-p4-0036-a1334caf0b9978af,4,calibrated,smoothed_joint,mixed_correlated150_after_observable_screen,confirmation,nosignal,normal,True,True,-166.44249499999933,-103.4424938872362,0,0,-63,0,-517.2124694361773,0,-21,-21,-1.1127631296403706e-06
stage2-round-calibrated-p4-0037-a1cf3fda2102107e,4,calibrated,broad_joint,mixed_correlated150_after_observable_screen,confirmation,nosignal,normal,True,True,-47.84895900000083,-59.84895836699707,0,0,12,0,-299.24479183498624,0,4,4,-6.330037649604492e-07
stage2-round-calibrated-p4-0038-6cf6563b5452cde4,4,calibrated,smoothed_joint,mixed_extreme150_after_observable_screen,confirmation,nosignal,normal,True,True,63.62055400000099,0.6205566694388835,0,0,63,0,3.1027833471962367,0,21,21,-2.6694378902902827e-06
stage2-round-calibrated-p4-0054-e53da62d8c07d18d,4,calibrated,smoothed_joint,mixed_extreme150_after_observable_screen,confirmation,nosignal,normal,True,True,268.83234099999936,265.8323397588483,0,0,3,0,1329.1616987942398,0,1,1,1.2411510397214442e-06
stage2-round-calibrated-p4-0065-2ccce9100005d598,4,calibrated,broad_joint,mixed_correlated150_after_observable_screen,confirmation,nosignal,normal,True,True,-207.68588799999998,-162.68588887075293,0,0,-45,0,-813.4294443537656,0,-15,-15,8.707529559615068e-07
stage2-round-calibrated-p4-0071-a750c99e66204754,4,calibrated,broad_joint,mixed_extreme150_after_observable_screen,confirmation,nosignal,normal,True,True,148.0338439999996,127.03384165969692,0,0,21,0,635.169208298481,0,7,7,2.3403026716550812e-06
stage2-round-calibrated-p4-0072-5593291f89f80fd8,4,calibrated,smoothed_joint,mixed_correlated150_after_observable_screen,confirmation,nosignal,normal,True,True,306.0185569999994,285.0185572112696,0,0,21,0,1425.092786056346,0,7,7,-2.112701622536406e-07
stage2-round-calibrated-p4-0077-7305a2bec3ed5e63,4,calibrated,broad_joint,mixed_correlated150_after_observable_screen,confirmation,nosignal,normal,True,True,440.34379699999954,335.3437958277518,0,0,105,0,1676.7189791387573,0,35,35,1.1722477211151272e-06
stage2-round-stress-p4-0000-f846284b7f552da2,4,stress,stress_design,assumption__radius_min__noise_deterministic__scale_75,confirmation,nosignal,normal,True,True,188.786012999999,140.78601118950792,0,0,48,0,703.9300559475378,0,16,16,1.8104910850524902e-06
stage2-round-stress-p4-0004-1b1c93f106eb88b0,4,stress,stress_design,assumption__radius_max__noise_correlated__scale_75,confirmation,nosignal,normal,True,True,-219.71713400000044,-234.7171333618062,0,0,15,0,-1173.5856668090273,0,5,5,-6.381942512234673e-07
stage2-round-stress-p4-0008-f2a689649ee697b7,4,stress,stress_design,assumption__radius_mixed__noise_extreme__scale_75,confirmation,nosignal,normal,True,True,-2173.3271139999997,-1498.3271141747828,0,0,-675,0,-7491.635570873914,0,-225,-225,1.7478305380791426e-07
stage2-round-stress-p4-0009-16539b1379e2e9ae,4,stress,stress_design,assumption__radius_min__noise_deterministic__scale_150,confirmation,nosignal,normal,True,True,17.11028500000066,-30.8897138654429,0,0,48,0,-154.4485693272145,0,16,16,-1.1345564416842535e-06
stage2-round-stress-p4-0011-21bece76969193a7,4,stress,stress_design,assumption__radius_min__noise_extreme__scale_150,confirmation,nosignal,normal,True,True,234.08063000000038,192.08062798532774,0,0,42,0,960.4031399266387,0,14,14,2.0146726456005126e-06
stage2-round-stress-p4-0012-83256edc8e0a20ff,4,stress,stress_design,assumption__radius_max__noise_deterministic__scale_150,confirmation,nosignal,normal,True,True,-192.3542350000007,-147.35423707178597,0,0,-45,0,-736.771185358928,0,-15,-15,2.0717852748930454e-06
stage2-round-stress-p4-0036-150250eb7ac7629a,4,stress,stress_design,assumption__radius_min__noise_deterministic__scale_150,confirmation,nosignal,normal,True,True,-382.56020499999977,-277.56020721251207,0,0,-105,0,-1387.801036062563,0,-35,-35,2.2125122995930724e-06
stage2-round-stress-p4-0038-df995cec88525ec6,4,stress,stress_design,assumption__radius_min__noise_extreme__scale_150,confirmation,nosignal,normal,True,True,-2434.7882400000017,-1738.7882384466484,0,0,-696,0,-8693.941192233237,0,-232,-232,-1.5533532859990373e-06
