problem,pool,composition_model,partition,variant,mechanism_id,n_pairs,baseline_failures,candidate_failures,interpretation,total_actual_time_delta_s_mean,movement_s_delta_mean,measurement_s_delta_mean,switch_s_delta_mean,optical_s_delta_mean,laser_s_delta_mean,walk_distance_m_delta_mean,measures_delta_mean,clear_attempts_delta_mean,failed_clear_attempts_delta_mean
3,broad,broad_joint,development,immediate,__design_mixture__,64,0,0,"Actual executed-action costs, including failures; not hypothetical completion times or an official population mean",2046.18850925,2028.047888279472,-2.265625,-17.234375,37.640625,0.0,10140.239441397362,-0.453125,12.546875,12.546875
3,broad,broad_joint,development,immediate,assumption__radius_max__noise_correlated__scale_150,2,0,0,"Actual executed-action costs, including failures; not hypothetical completion times or an official population mean",2526.694853,2474.694858304557,0.0,-15.5,67.5,0.0,12373.474291522783,0.0,22.5,22.5
3,broad,broad_joint,development,immediate,assumption__radius_max__noise_correlated__scale_300,2,0,0,"Actual executed-action costs, including failures; not hypothetical completion times or an official population mean",3078.4965445000003,2976.9965472295885,0.0,-18.5,120.0,0.0,14884.982736147944,0.0,40.0,40.0
3,broad,broad_joint,development,immediate,assumption__radius_max__noise_correlated__scale_75,3,0,0,"Actual executed-action costs, including failures; not hypothetical completion times or an official population mean",3492.003925333333,3424.337263465266,0.0,-18.333333333333332,86.0,0.0,17121.68631732633,0.0,28.666666666666668,28.666666666666668
3,broad,broad_joint,development,immediate,assumption__radius_max__noise_deterministic__scale_150,3,0,0,"Actual executed-action costs, including failures; not hypothetical completion times or an official population mean",2559.704772333334,2511.3714409065547,0.0,-14.666666666666666,63.0,0.0,12556.857204532775,0.0,21.0,21.0
3,broad,broad_joint,development,immediate,assumption__radius_max__noise_deterministic__scale_300,1,0,0,"Actual executed-action costs, including failures; not hypothetical completion times or an official population mean",4318.631835,4224.63184343136,-35.0,-27.0,156.0,0.0,21123.159217156797,-7.0,52.0,52.0
3,broad,broad_joint,development,immediate,assumption__radius_max__noise_deterministic__scale_75,2,0,0,"Actual executed-action costs, including failures; not hypothetical completion times or an official population mean",2762.189177,2708.6891819328175,0.0,-17.0,70.5,0.0,13543.445909664088,0.0,23.5,23.5
3,broad,broad_joint,development,immediate,assumption__radius_max__noise_extreme__scale_150,2,0,0,"Actual executed-action costs, including failures; not hypothetical completion times or an official population mean",2376.6109395,2416.1109437574096,-12.5,-18.0,-9.0,0.0,12080.554718787049,-2.5,-3.0,-3.0
3,broad,broad_joint,development,immediate,assumption__radius_max__noise_extreme__scale_300,1,0,0,"Actual executed-action costs, including failures; not hypothetical completion times or an official population mean",4468.087615,4361.087621418243,0.0,-19.0,126.0,0.0,21805.43810709121,0.0,42.0,42.0
3,broad,broad_joint,development,immediate,assumption__radius_max__noise_extreme__scale_75,3,0,0,"Actual executed-action costs, including failures; not hypothetical completion times or an official population mean",2295.4244553333333,2290.7577940280485,0.0,-16.333333333333332,21.0,0.0,11453.788970140246,0.0,7.0,7.0
3,broad,broad_joint,development,immediate,assumption__radius_min__noise_correlated__scale_150,3,0,0,"Actual executed-action costs, including failures; not hypothetical completion times or an official population mean",1426.5098303333334,1422.1764998352319,0.0,-17.666666666666668,22.0,0.0,7110.8824991761585,0.0,7.333333333333333,7.333333333333333
3,broad,broad_joint,development,immediate,assumption__radius_min__noise_correlated__scale_300,3,0,0,"Actual executed-action costs, including failures; not hypothetical completion times or an official population mean",1064.435784,1060.435788336292,0.0,-16.0,20.0,0.0,5302.17894168146,0.0,6.666666666666667,6.666666666666667
3,broad,broad_joint,development,immediate,assumption__radius_min__noise_correlated__scale_75,3,0,0,"Actual executed-action costs, including failures; not hypothetical completion times or an official population mean",1216.2780989999999,1221.2781046432879,-3.3333333333333335,-17.666666666666668,16.0,0.0,6106.390523216439,-0.6666666666666666,5.333333333333333,5.333333333333333
3,broad,broad_joint,development,immediate,assumption__radius_min__noise_deterministic__scale_150,2,0,0,"Actual executed-action costs, including failures; not hypothetical completion times or an official population mean",1356.5870850000001,1374.0870890755878,0.0,-17.5,0.0,0.0,6870.4354453779415,0.0,0.0,0.0
3,broad,broad_joint,development,immediate,assumption__radius_min__noise_deterministic__scale_300,3,0,0,"Actual executed-action costs, including failures; not hypothetical completion times or an official population mean",1699.3829143333335,1698.3829198187088,0.0,-18.0,19.0,0.0,8491.914599093545,0.0,6.333333333333333,6.333333333333333
3,broad,broad_joint,development,immediate,assumption__radius_min__noise_deterministic__scale_75,3,0,0,"Actual executed-action costs, including failures; not hypothetical completion times or an official population mean",1162.3569703333335,1168.3569727922413,0.0,-14.0,8.0,0.0,5841.784863961208,0.0,2.6666666666666665,2.6666666666666665
3,broad,broad_joint,development,immediate,assumption__radius_min__noise_extreme__scale_150,3,0,0,"Actual executed-action costs, including failures; not hypothetical completion times or an official population mean",1578.4582879999998,1588.1249580850333,0.0,-16.666666666666668,7.0,0.0,7940.624790425166,0.0,2.3333333333333335,2.3333333333333335
3,broad,broad_joint,development,immediate,assumption__radius_min__noise_extreme__scale_300,2,0,0,"Actual executed-action costs, including failures; not hypothetical completion times or an official population mean",1124.8626385000002,1092.3626409424996,-2.5,-17.5,52.5,0.0,5461.813204712498,-0.5,17.5,17.5
3,broad,broad_joint,development,immediate,assumption__radius_min__noise_extreme__scale_75,2,0,0,"Actual executed-action costs, including failures; not hypothetical completion times or an official population mean",1314.5870034999998,1326.5870058570986,0.0,-16.5,4.5,0.0,6632.935029285494,0.0,1.5,1.5
3,broad,broad_joint,development,immediate,assumption__radius_mixed__noise_correlated__scale_150,3,0,0,"Actual executed-action costs, including failures; not hypothetical completion times or an official population mean",2589.230415,2577.5637523885202,0.0,-17.333333333333332,29.0,0.0,12887.8187619426,0.0,9.666666666666666,9.666666666666666
3,broad,broad_joint,development,immediate,assumption__radius_mixed__noise_correlated__scale_300,2,0,0,"Actual executed-action costs, including failures; not hypothetical completion times or an official population mean",2009.556199,1975.056204643689,0.0,-18.0,52.5,0.0,9875.281023218442,0.0,17.5,17.5
3,broad,broad_joint,development,immediate,assumption__radius_mixed__noise_correlated__scale_75,3,0,0,"Actual executed-action costs, including failures; not hypothetical completion times or an official population mean",2214.9312133333333,2186.2645508938695,-6.666666666666667,-17.666666666666668,53.0,0.0,10931.322754469345,-1.3333333333333333,17.666666666666668,17.666666666666668
3,broad,broad_joint,development,immediate,assumption__radius_mixed__noise_deterministic__scale_150,3,0,0,"Actual executed-action costs, including failures; not hypothetical completion times or an official population mean",1856.2656783333332,1866.5990148156434,-13.333333333333334,-20.0,23.0,0.0,9332.995074078217,-2.6666666666666665,7.666666666666667,7.666666666666667
3,broad,broad_joint,development,immediate,assumption__radius_mixed__noise_deterministic__scale_300,2,0,0,"Actual executed-action costs, including failures; not hypothetical completion times or an official population mean",2649.4510474999997,2618.451050924211,0.0,-17.0,48.0,0.0,13092.255254621055,0.0,16.0,16.0
3,broad,broad_joint,development,immediate,assumption__radius_mixed__noise_deterministic__scale_75,3,0,0,"Actual executed-action costs, including failures; not hypothetical completion times or an official population mean",1815.6735323333335,1817.3402032589947,-3.3333333333333335,-18.333333333333332,20.0,0.0,9086.701016294972,-0.6666666666666666,6.666666666666667,6.666666666666667
3,broad,broad_joint,development,immediate,assumption__radius_mixed__noise_extreme__scale_150,2,0,0,"Actual executed-action costs, including failures; not hypothetical completion times or an official population mean",1863.3125949999999,1835.812597357469,0.0,-16.0,43.5,0.0,9179.062986787345,0.0,14.5,14.5
3,broad,broad_joint,development,immediate,assumption__radius_mixed__noise_extreme__scale_300,2,0,0,"Actual executed-action costs, including failures; not hypothetical completion times or an official population mean",1461.2155084999997,1456.215511517603,0.0,-16.0,21.0,0.0,7281.077557588014,0.0,7.0,7.0
3,broad,broad_joint,development,immediate,assumption__radius_mixed__noise_extreme__scale_75,1,0,0,"Actual executed-action costs, including failures; not hypothetical completion times or an official population mean",2210.2503260000003,2200.250332148479,0.0,-14.0,24.0,0.0,11001.251660742397,0.0,8.0,8.0
3,broad,broad_joint,development,scan_then_clear,__design_mixture__,64,0,0,"Actual executed-action costs, including failures; not hypothetical completion times or an official population mean",563.49983559375,586.0623361737406,0.0,-3.8125,-18.75,0.0,2930.311680868703,0.0,-6.25,-6.25
3,broad,broad_joint,development,scan_then_clear,assumption__radius_max__noise_correlated__scale_150,2,0,0,"Actual executed-action costs, including failures; not hypothetical completion times or an official population mean",759.6508179999998,806.1508176283612,0.0,-3.0,-43.5,0.0,4030.7540881418063,0.0,-14.5,-14.5
3,broad,broad_joint,development,scan_then_clear,assumption__radius_max__noise_correlated__scale_300,2,0,0,"Actual executed-action costs, including failures; not hypothetical completion times or an official population mean",931.6893760000003,988.689376601214,0.0,-4.5,-52.5,0.0,4943.4468830060705,0.0,-17.5,-17.5
3,broad,broad_joint,development,scan_then_clear,assumption__radius_max__noise_correlated__scale_75,3,0,0,"Actual executed-action costs, including failures; not hypothetical completion times or an official population mean",698.2573043333332,728.9239725807525,0.0,-4.666666666666667,-26.0,0.0,3644.619862903763,0.0,-8.666666666666666,-8.666666666666666
3,broad,broad_joint,development,scan_then_clear,assumption__radius_max__noise_deterministic__scale_150,3,0,0,"Actual executed-action costs, including failures; not hypothetical completion times or an official population mean",617.5476613333336,637.88099670171,0.0,-2.3333333333333335,-18.0,0.0,3189.40498350855,0.0,-6.0,-6.0
3,broad,broad_joint,development,scan_then_clear,assumption__radius_max__noise_deterministic__scale_300,1,0,0,"Actual executed-action costs, including failures; not hypothetical completion times or an official population mean",655.5622830000002,696.5622867133852,0.0,-5.0,-36.0,0.0,3482.811433566927,0.0,-12.0,-12.0
3,broad,broad_joint,development,scan_then_clear,assumption__radius_max__noise_deterministic__scale_75,2,0,0,"Actual executed-action costs, including failures; not hypothetical completion times or an official population mean",720.0509585000002,712.550959492389,0.0,-4.5,12.0,0.0,3562.7547974619447,0.0,4.0,4.0
3,broad,broad_joint,development,scan_then_clear,assumption__radius_max__noise_extreme__scale_150,2,0,0,"Actual executed-action costs, including failures; not hypothetical completion times or an official population mean",574.104358,650.6043576818197,0.0,-3.0,-73.5,0.0,3253.021788409098,0.0,-24.5,-24.5
3,broad,broad_joint,development,scan_then_clear,assumption__radius_max__noise_extreme__scale_300,1,0,0,"Actual executed-action costs, including failures; not hypothetical completion times or an official population mean",670.4876789999998,714.4876778156049,0.0,-5.0,-39.0,0.0,3572.4383890780264,0.0,-13.0,-13.0
3,broad,broad_joint,development,scan_then_clear,assumption__radius_max__noise_extreme__scale_75,3,0,0,"Actual executed-action costs, including failures; not hypothetical completion times or an official population mean",332.28399699999983,363.28399817808696,0.0,-4.0,-27.0,0.0,1816.4199908904363,0.0,-9.0,-9.0
3,broad,broad_joint,development,scan_then_clear,assumption__radius_min__noise_correlated__scale_150,3,0,0,"Actual executed-action costs, including failures; not hypothetical completion times or an official population mean",596.0482153333332,611.7148814040489,0.0,-4.666666666666667,-11.0,0.0,3058.5744070202454,0.0,-3.6666666666666665,-3.6666666666666665
3,broad,broad_joint,development,scan_then_clear,assumption__radius_min__noise_correlated__scale_300,3,0,0,"Actual executed-action costs, including failures; not hypothetical completion times or an official population mean",561.6196833333333,568.2863500635963,0.0,-3.6666666666666665,-3.0,0.0,2841.431750317981,0.0,-1.0,-1.0
3,broad,broad_joint,development,scan_then_clear,assumption__radius_min__noise_correlated__scale_75,3,0,0,"Actual executed-action costs, including failures; not hypothetical completion times or an official population mean",666.701359,672.3680286993435,0.0,-3.6666666666666665,-2.0,0.0,3361.84014349672,0.0,-0.6666666666666666,-0.6666666666666666
3,broad,broad_joint,development,scan_then_clear,assumption__radius_min__noise_deterministic__scale_150,2,0,0,"Actual executed-action costs, including failures; not hypothetical completion times or an official population mean",489.87780450000037,516.377805164838,0.0,-4.0,-22.5,0.0,2581.88902582419,0.0,-7.5,-7.5
3,broad,broad_joint,development,scan_then_clear,assumption__radius_min__noise_deterministic__scale_300,3,0,0,"Actual executed-action costs, including failures; not hypothetical completion times or an official population mean",460.6599023333335,469.99323619084225,0.0,-4.333333333333333,-5.0,0.0,2349.96618095421,0.0,-1.6666666666666667,-1.6666666666666667
3,broad,broad_joint,development,scan_then_clear,assumption__radius_min__noise_deterministic__scale_75,3,0,0,"Actual executed-action costs, including failures; not hypothetical completion times or an official population mean",652.9105323333334,661.9105311304883,0.0,-2.0,-7.0,0.0,3309.552655652442,0.0,-2.3333333333333335,-2.3333333333333335
3,broad,broad_joint,development,scan_then_clear,assumption__radius_min__noise_extreme__scale_150,3,0,0,"Actual executed-action costs, including failures; not hypothetical completion times or an official population mean",671.4641046666666,691.4641058323833,0.0,-3.0,-17.0,0.0,3457.3205291619174,0.0,-5.666666666666667,-5.666666666666667
3,broad,broad_joint,development,scan_then_clear,assumption__radius_min__noise_extreme__scale_300,2,0,0,"Actual executed-action costs, including failures; not hypothetical completion times or an official population mean",-72.84847549999995,-62.84847607112488,0.0,-4.0,-6.0,0.0,-314.242380355623,0.0,-2.0,-2.0
3,broad,broad_joint,development,scan_then_clear,assumption__radius_min__noise_extreme__scale_75,2,0,0,"Actual executed-action costs, including failures; not hypothetical completion times or an official population mean",186.31255599999986,223.8125557214239,0.0,-4.5,-33.0,0.0,1119.0627786071182,0.0,-11.0,-11.0
3,broad,broad_joint,development,scan_then_clear,assumption__radius_mixed__noise_correlated__scale_150,3,0,0,"Actual executed-action costs, including failures; not hypothetical completion times or an official population mean",665.6159646666669,705.2826321543292,0.0,-4.666666666666667,-35.0,0.0,3526.413160771646,0.0,-11.666666666666666,-11.666666666666666
3,broad,broad_joint,development,scan_then_clear,assumption__radius_mixed__noise_correlated__scale_300,2,0,0,"Actual executed-action costs, including failures; not hypothetical completion times or an official population mean",472.9445915000001,503.4445932284939,0.0,-3.5,-27.0,0.0,2517.222966142468,0.0,-9.0,-9.0
3,broad,broad_joint,development,scan_then_clear,assumption__radius_mixed__noise_correlated__scale_75,3,0,0,"Actual executed-action costs, including failures; not hypothetical completion times or an official population mean",580.7092703333333,601.70927109407,0.0,-4.0,-17.0,0.0,3008.5463554703506,0.0,-5.666666666666667,-5.666666666666667
3,broad,broad_joint,development,scan_then_clear,assumption__radius_mixed__noise_deterministic__scale_150,3,0,0,"Actual executed-action costs, including failures; not hypothetical completion times or an official population mean",562.583838333333,591.9171720573222,0.0,-4.333333333333333,-25.0,0.0,2959.5858602866115,0.0,-8.333333333333334,-8.333333333333334
3,broad,broad_joint,development,scan_then_clear,assumption__radius_mixed__noise_deterministic__scale_300,2,0,0,"Actual executed-action costs, including failures; not hypothetical completion times or an official population mean",880.8201899999999,902.8201909409158,0.0,-4.0,-18.0,0.0,4514.10095470458,0.0,-6.0,-6.0
3,broad,broad_joint,development,scan_then_clear,assumption__radius_mixed__noise_deterministic__scale_75,3,0,0,"Actual executed-action costs, including failures; not hypothetical completion times or an official population mean",485.7263943333334,486.72639395073065,0.0,-4.0,3.0,0.0,2433.631969753653,0.0,1.0,1.0
3,broad,broad_joint,development,scan_then_clear,assumption__radius_mixed__noise_extreme__scale_150,2,0,0,"Actual executed-action costs, including failures; not hypothetical completion times or an official population mean",507.71317150000004,503.2131685802858,0.0,-3.0,7.5,0.0,2516.0658429014293,0.0,2.5,2.5
3,broad,broad_joint,development,scan_then_clear,assumption__radius_mixed__noise_extreme__scale_300,2,0,0,"Actual executed-action costs, including failures; not hypothetical completion times or an official population mean",219.18843999999967,245.188440692453,0.0,-3.5,-22.5,0.0,1225.942203462264,0.0,-7.5,-7.5
3,broad,broad_joint,development,scan_then_clear,assumption__radius_mixed__noise_extreme__scale_75,1,0,0,"Actual executed-action costs, including failures; not hypothetical completion times or an official population mean",742.5472570000002,742.5472611551595,0.0,-3.0,3.0,0.0,3712.7363057757975,0.0,1.0,1.0
3,calibrated,broad_joint,development,immediate,__design_mixture__,32,0,0,"Actual executed-action costs, including failures; not hypothetical completion times or an official population mean",2177.05995740625,2156.278711244139,-4.0625,-17.625,42.46875,0.0,10781.393556220693,-0.8125,14.15625,14.15625
3,calibrated,broad_joint,development,immediate,mixed_correlated150_after_observable_screen,15,0,0,"Actual executed-action costs, including failures; not hypothetical completion times or an official population mean",2198.8314473333335,2176.8981175927975,-4.0,-17.666666666666668,43.6,0.0,10884.490587963988,-0.8,14.533333333333333,14.533333333333333
3,calibrated,broad_joint,development,immediate,mixed_extreme150_after_observable_screen,17,0,0,"Actual executed-action costs, including failures; not hypothetical completion times or an official population mean",2157.849819235294,2138.0851174070867,-4.117647058823529,-17.58823529411765,41.470588235294116,0.0,10690.425587035432,-0.8235294117647058,13.823529411764707,13.823529411764707
3,calibrated,broad_joint,development,scan_then_clear,__design_mixture__,32,0,0,"Actual executed-action costs, including failures; not hypothetical completion times or an official population mean",585.2255304375001,603.7880309035945,0.0,-3.75,-14.8125,0.0,3018.9401545179726,0.0,-4.9375,-4.9375
3,calibrated,broad_joint,development,scan_then_clear,mixed_correlated150_after_observable_screen,15,0,0,"Actual executed-action costs, including failures; not hypothetical completion times or an official population mean",653.8851896000001,674.6851893380973,0.0,-3.4,-17.4,0.0,3373.4259466904864,0.0,-5.8,-5.8
3,calibrated,broad_joint,development,scan_then_clear,mixed_extreme150_after_observable_screen,17,0,0,"Actual executed-action costs, including failures; not hypothetical completion times or an official population mean",524.6434782352941,541.2317146378566,0.0,-4.0588235294117645,-12.529411764705882,0.0,2706.1585731892837,0.0,-4.176470588235294,-4.176470588235294
3,calibrated,smoothed_joint,development,immediate,__design_mixture__,32,0,0,"Actual executed-action costs, including failures; not hypothetical completion times or an official population mean",2024.9157170937501,2013.165720419353,-4.0625,-17.1875,33.0,0.0,10065.828602096764,-0.8125,11.0,11.0
3,calibrated,smoothed_joint,development,immediate,mixed_correlated150_after_observable_screen,17,0,0,"Actual executed-action costs, including failures; not hypothetical completion times or an official population mean",1814.4532157058825,1803.1591012408783,-2.9411764705882355,-16.470588235294116,30.705882352941178,0.0,9015.795506204393,-0.5882352941176471,10.235294117647058,10.235294117647058
3,calibrated,smoothed_joint,development,immediate,mixed_extreme150_after_observable_screen,15,0,0,"Actual executed-action costs, including failures; not hypothetical completion times or an official population mean",2263.439885333333,2251.173222154958,-5.333333333333333,-18.0,35.6,0.0,11255.866110774787,-1.0666666666666667,11.866666666666667,11.866666666666667
3,calibrated,smoothed_joint,development,scan_then_clear,__design_mixture__,32,0,0,"Actual executed-action costs, including failures; not hypothetical completion times or an official population mean",619.91152025,637.5052707032534,0.0,-4.09375,-13.5,0.0,3187.526353516266,0.0,-4.5,-4.5
3,calibrated,smoothed_joint,development,scan_then_clear,mixed_correlated150_after_observable_screen,17,0,0,"Actual executed-action costs, including failures; not hypothetical completion times or an official population mean",487.74849305882367,504.6308464227201,0.0,-4.0,-12.882352941176471,0.0,2523.1542321136,0.0,-4.294117647058823,-4.294117647058823
3,calibrated,smoothed_joint,development,scan_then_clear,mixed_extreme150_after_observable_screen,15,0,0,"Actual executed-action costs, including failures; not hypothetical completion times or an official population mean",769.6962843999999,788.0962848878577,0.0,-4.2,-14.2,0.0,3940.4814244392883,0.0,-4.733333333333333,-4.733333333333333
3,stress,stress_design,development,immediate,__design_mixture__,32,0,0,"Actual executed-action costs, including failures; not hypothetical completion times or an official population mean",934.2147101562501,924.183463246375,-5.625,-16.6875,32.34375,0.0,4620.917316231876,-1.125,10.78125,10.78125
3,stress,stress_design,development,immediate,assumption__radius_max__noise_correlated__scale_150,1,0,0,"Actual executed-action costs, including failures; not hypothetical completion times or an official population mean",936.0829120000008,930.0829159031273,0.0,-15.0,21.0,0.0,4650.414579515633,0.0,7.0,7.0
3,stress,stress_design,development,immediate,assumption__radius_max__noise_correlated__scale_300,1,0,0,"Actual executed-action costs, including failures; not hypothetical completion times or an official population mean",26.783141000000796,41.78314693045422,0.0,-12.0,-3.0,0.0,208.91573465226975,0.0,-1.0,-1.0
3,stress,stress_design,development,immediate,assumption__radius_max__noise_correlated__scale_75,1,0,0,"Actual executed-action costs, including failures; not hypothetical completion times or an official population mean",1511.0909270000002,1509.090924881767,-10.0,-21.0,33.0,0.0,7545.454624408838,-2.0,11.0,11.0
3,stress,stress_design,development,immediate,assumption__radius_max__noise_deterministic__scale_150,1,0,0,"Actual executed-action costs, including failures; not hypothetical completion times or an official population mean",2394.469392,2378.4693943565444,0.0,-20.0,36.0,0.0,11892.346971782721,0.0,12.0,12.0
3,stress,stress_design,development,immediate,assumption__radius_max__noise_deterministic__scale_300,1,0,0,"Actual executed-action costs, including failures; not hypothetical completion times or an official population mean",743.5704570000007,738.5704575734917,0.0,-16.0,21.0,0.0,3692.8522878674557,0.0,7.0,7.0
3,stress,stress_design,development,immediate,assumption__radius_max__noise_deterministic__scale_75,1,0,0,"Actual executed-action costs, including failures; not hypothetical completion times or an official population mean",1717.129935,1705.1299323975527,0.0,-18.0,30.0,0.0,8525.649661987765,0.0,10.0,10.0
3,stress,stress_design,development,immediate,assumption__radius_max__noise_extreme__scale_150,1,0,0,"Actual executed-action costs, including failures; not hypothetical completion times or an official population mean",121.74492800000007,141.74493380050035,0.0,-14.0,-6.0,0.0,708.7246690025022,0.0,-2.0,-2.0
3,stress,stress_design,development,immediate,assumption__radius_max__noise_extreme__scale_300,1,0,0,"Actual executed-action costs, including failures; not hypothetical completion times or an official population mean",2532.0890259999996,2411.089032977121,0.0,-14.0,135.0,0.0,12055.445164885605,0.0,45.0,45.0
3,stress,stress_design,development,immediate,assumption__radius_max__noise_extreme__scale_75,2,0,0,"Actual executed-action costs, including failures; not hypothetical completion times or an official population mean",2029.8661500000005,1970.866156901874,0.0,-16.0,75.0,0.0,9854.330784509371,0.0,25.0,25.0
3,stress,stress_design,development,immediate,assumption__radius_min__noise_correlated__scale_150,2,0,0,"Actual executed-action costs, including failures; not hypothetical completion times or an official population mean",-217.7518204999999,-157.75181951752484,-40.0,-23.0,3.0,0.0,-788.7590975876237,-8.0,1.0,1.0
3,stress,stress_design,development,immediate,assumption__radius_min__noise_correlated__scale_75,2,0,0,"Actual executed-action costs, including failures; not hypothetical completion times or an official population mean",258.03510550000055,263.53511029918536,0.0,-16.0,10.5,0.0,1317.6755514959277,0.0,3.5,3.5
3,stress,stress_design,development,immediate,assumption__radius_min__noise_deterministic__scale_150,2,0,0,"Actual executed-action costs, including failures; not hypothetical completion times or an official population mean",176.4134214999999,178.41342228149847,0.0,-15.5,13.5,0.0,892.0671114074939,0.0,4.5,4.5
3,stress,stress_design,development,immediate,assumption__radius_min__noise_deterministic__scale_300,1,0,0,"Actual executed-action costs, including failures; not hypothetical completion times or an official population mean",637.7268320000003,621.7268327797146,0.0,-17.0,33.0,0.0,3108.6341638985723,0.0,11.0,11.0
3,stress,stress_design,development,immediate,assumption__radius_min__noise_deterministic__scale_75,1,0,0,"Actual executed-action costs, including failures; not hypothetical completion times or an official population mean",650.5419200000006,651.5419198740328,0.0,-16.0,15.0,0.0,3257.7095993701623,0.0,5.0,5.0
3,stress,stress_design,development,immediate,assumption__radius_min__noise_extreme__scale_150,2,0,0,"Actual executed-action costs, including failures; not hypothetical completion times or an official population mean",1501.5676725,1469.067679770633,-5.0,-16.5,54.0,0.0,7345.338398853165,-1.0,18.0,18.0
3,stress,stress_design,development,immediate,assumption__radius_min__noise_extreme__scale_300,1,0,0,"Actual executed-action costs, including failures; not hypothetical completion times or an official population mean",64.19518400000015,76.19518910242186,0.0,-12.0,0.0,0.0,380.9759455121093,0.0,0.0,0.0
3,stress,stress_design,development,immediate,assumption__radius_min__noise_extreme__scale_75,2,0,0,"Actual executed-action costs, including failures; not hypothetical completion times or an official population mean",1399.5711454999998,1360.5711484478925,0.0,-15.0,54.0,0.0,6802.855742239464,0.0,18.0,18.0
3,stress,stress_design,development,immediate,assumption__radius_mixed__noise_correlated__scale_150,1,0,0,"Actual executed-action costs, including failures; not hypothetical completion times or an official population mean",569.4648299999999,590.4648379010073,0.0,-15.0,-6.0,0.0,2952.324189505038,0.0,-2.0,-2.0
3,stress,stress_design,development,immediate,assumption__radius_mixed__noise_correlated__scale_300,1,0,0,"Actual executed-action costs, including failures; not hypothetical completion times or an official population mean",1285.7337120000002,1273.7337116345352,0.0,-18.0,30.0,0.0,6368.668558172678,0.0,10.0,10.0
3,stress,stress_design,development,immediate,assumption__radius_mixed__noise_correlated__scale_75,2,0,0,"Actual executed-action costs, including failures; not hypothetical completion times or an official population mean",410.2033954999995,408.20339912933673,0.0,-14.5,16.5,0.0,2041.0169956466852,0.0,5.5,5.5
3,stress,stress_design,development,immediate,assumption__radius_mixed__noise_deterministic__scale_150,1,0,0,"Actual executed-action costs, including failures; not hypothetical completion times or an official population mean",206.83670600000005,216.8367089059384,0.0,-13.0,3.0,0.0,1084.1835445296892,0.0,1.0,1.0
3,stress,stress_design,development,immediate,assumption__radius_mixed__noise_deterministic__scale_300,1,0,0,"Actual executed-action costs, including failures; not hypothetical completion times or an official population mean",1962.4665730000006,1964.466575018797,0.0,-20.0,18.0,0.0,9822.332875093987,0.0,6.0,6.0
3,stress,stress_design,development,immediate,assumption__radius_mixed__noise_deterministic__scale_75,2,0,0,"Actual executed-action costs, including failures; not hypothetical completion times or an official population mean",698.669852,699.1698508258805,0.0,-15.5,15.0,0.0,3495.8492541294,0.0,5.0,5.0
3,stress,stress_design,development,immediate,assumption__radius_mixed__noise_extreme__scale_150,1,0,0,"Actual executed-action costs, including failures; not hypothetical completion times or an official population mean",2021.794406,1938.7944135694443,-80.0,-29.0,192.0,0.0,9693.972067847219,-16.0,64.0,64.0
3,stress,stress_design,development,scan_then_clear,__design_mixture__,32,0,0,"Actual executed-action costs, including failures; not hypothetical completion times or an official population mean",14.477760875000115,32.60276182953541,4.375,-2.53125,-19.96875,0.0,163.0138091476776,0.875,-6.65625,-6.65625
3,stress,stress_design,development,scan_then_clear,assumption__radius_max__noise_correlated__scale_150,1,0,0,"Actual executed-action costs, including failures; not hypothetical completion times or an official population mean",129.90905199999997,137.90905273117642,0.0,-5.0,-3.0,0.0,689.5452636558803,0.0,-1.0,-1.0
3,stress,stress_design,development,scan_then_clear,assumption__radius_max__noise_correlated__scale_300,1,0,0,"Actual executed-action costs, including failures; not hypothetical completion times or an official population mean",-310.40650999999934,-309.40650570368825,0.0,-1.0,0.0,0.0,-1547.0325285184408,0.0,0.0,0.0
3,stress,stress_design,development,scan_then_clear,assumption__radius_max__noise_correlated__scale_75,1,0,0,"Actual executed-action costs, including failures; not hypothetical completion times or an official population mean",-187.05379699999958,-148.05379540704507,0.0,-3.0,-36.0,0.0,-740.2689770352226,0.0,-12.0,-12.0
3,stress,stress_design,development,scan_then_clear,assumption__radius_max__noise_deterministic__scale_150,1,0,0,"Actual executed-action costs, including failures; not hypothetical completion times or an official population mean",-218.32358999999997,-168.32358829101122,0.0,-5.0,-45.0,0.0,-841.617941455057,0.0,-15.0,-15.0
3,stress,stress_design,development,scan_then_clear,assumption__radius_max__noise_deterministic__scale_300,1,0,0,"Actual executed-action costs, including failures; not hypothetical completion times or an official population mean",-87.37764699999934,-64.37764529714423,0.0,-5.0,-18.0,0.0,-321.8882264857202,0.0,-6.0,-6.0
3,stress,stress_design,development,scan_then_clear,assumption__radius_max__noise_deterministic__scale_75,1,0,0,"Actual executed-action costs, including failures; not hypothetical completion times or an official population mean",-305.4206549999999,-195.42065421048574,0.0,-5.0,-105.0,0.0,-977.1032710524269,0.0,-35.0,-35.0
3,stress,stress_design,development,scan_then_clear,assumption__radius_max__noise_extreme__scale_150,1,0,0,"Actual executed-action costs, including failures; not hypothetical completion times or an official population mean",68.42107600000054,76.42107524030689,0.0,-2.0,-6.0,0.0,382.1053762015363,0.0,-2.0,-2.0
3,stress,stress_design,development,scan_then_clear,assumption__radius_max__noise_extreme__scale_300,1,0,0,"Actual executed-action costs, including failures; not hypothetical completion times or an official population mean",390.5246189999998,377.5246214161789,0.0,-2.0,15.0,0.0,1887.6231070808935,0.0,5.0,5.0
3,stress,stress_design,development,scan_then_clear,assumption__radius_max__noise_extreme__scale_75,2,0,0,"Actual executed-action costs, including failures; not hypothetical completion times or an official population mean",223.89829550000036,236.398295188779,0.0,-2.0,-10.5,0.0,1181.9914759438943,0.0,-3.5,-3.5
3,stress,stress_design,development,scan_then_clear,assumption__radius_min__noise_correlated__scale_150,2,0,0,"Actual executed-action costs, including failures; not hypothetical completion times or an official population mean",147.50459549999982,139.00459450376343,20.0,0.5,-12.0,0.0,695.0229725188183,4.0,-4.0,-4.0
3,stress,stress_design,development,scan_then_clear,assumption__radius_min__noise_correlated__scale_75,2,0,0,"Actual executed-action costs, including failures; not hypothetical completion times or an official population mean",-194.91713849999974,-181.417137071144,0.0,-4.5,-9.0,0.0,-907.0856853557198,0.0,-3.0,-3.0
3,stress,stress_design,development,scan_then_clear,assumption__radius_min__noise_deterministic__scale_150,2,0,0,"Actual executed-action costs, including failures; not hypothetical completion times or an official population mean",-87.7599809999997,-59.75997902749964,0.0,-4.0,-24.0,0.0,-298.7998951374975,0.0,-8.0,-8.0
3,stress,stress_design,development,scan_then_clear,assumption__radius_min__noise_deterministic__scale_300,1,0,0,"Actual executed-action costs, including failures; not hypothetical completion times or an official population mean",-297.29112199999963,-267.29112111091854,0.0,-3.0,-27.0,0.0,-1336.4556055545909,0.0,-9.0,-9.0
3,stress,stress_design,development,scan_then_clear,assumption__radius_min__noise_deterministic__scale_75,1,0,0,"Actual executed-action costs, including failures; not hypothetical completion times or an official population mean",-126.34252500000002,-104.34252462751556,0.0,-4.0,-18.0,0.0,-521.7126231375769,0.0,-6.0,-6.0
3,stress,stress_design,development,scan_then_clear,assumption__radius_min__noise_extreme__scale_150,2,0,0,"Actual executed-action costs, including failures; not hypothetical completion times or an official population mean",478.29929800000036,452.29930029586535,30.0,3.5,-7.5,0.0,2261.496501479326,6.0,-2.5,-2.5
3,stress,stress_design,development,scan_then_clear,assumption__radius_min__noise_extreme__scale_300,1,0,0,"Actual executed-action costs, including failures; not hypothetical completion times or an official population mean",56.62633300000016,56.62633375247469,0.0,-3.0,3.0,0.0,283.131668762373,0.0,1.0,1.0
3,stress,stress_design,development,scan_then_clear,assumption__radius_min__noise_extreme__scale_75,2,0,0,"Actual executed-action costs, including failures; not hypothetical completion times or an official population mean",105.35078499999986,113.35078460262162,0.0,-3.5,-4.5,0.0,566.7539230131097,0.0,-1.5,-1.5
3,stress,stress_design,development,scan_then_clear,assumption__radius_mixed__noise_correlated__scale_150,1,0,0,"Actual executed-action costs, including failures; not hypothetical completion times or an official population mean",-125.09429300000056,-120.09429065540371,0.0,-2.0,-3.0,0.0,-600.4714532770195,0.0,-1.0,-1.0
3,stress,stress_design,development,scan_then_clear,assumption__radius_mixed__noise_correlated__scale_300,1,0,0,"Actual executed-action costs, including failures; not hypothetical completion times or an official population mean",-158.39876600000025,-133.39876624526187,0.0,-4.0,-21.0,0.0,-666.9938312263075,0.0,-7.0,-7.0
3,stress,stress_design,development,scan_then_clear,assumption__radius_mixed__noise_correlated__scale_75,2,0,0,"Actual executed-action costs, including failures; not hypothetical completion times or an official population mean",-98.8384745000003,-89.3384737516269,0.0,-3.5,-6.0,0.0,-446.69236875813294,0.0,-2.0,-2.0
3,stress,stress_design,development,scan_then_clear,assumption__radius_mixed__noise_deterministic__scale_150,1,0,0,"Actual executed-action costs, including failures; not hypothetical completion times or an official population mean",-97.61432200000036,-25.61432070631554,0.0,-3.0,-69.0,0.0,-128.07160353157815,0.0,-23.0,-23.0
3,stress,stress_design,development,scan_then_clear,assumption__radius_mixed__noise_deterministic__scale_300,1,0,0,"Actual executed-action costs, including failures; not hypothetical completion times or an official population mean",-198.1804319999992,-145.18043128064528,0.0,-5.0,-48.0,0.0,-725.9021564032228,0.0,-16.0,-16.0
3,stress,stress_design,development,scan_then_clear,assumption__radius_mixed__noise_deterministic__scale_75,2,0,0,"Actual executed-action costs, including failures; not hypothetical completion times or an official population mean",116.48051549999991,170.98051561725742,0.0,-3.5,-51.0,0.0,854.9025780862867,0.0,-17.0,-17.0
3,stress,stress_design,development,scan_then_clear,assumption__radius_mixed__noise_extreme__scale_150,1,0,0,"Actual executed-action costs, including failures; not hypothetical completion times or an official population mean",549.2751360000002,513.2751382243987,40.0,5.0,-9.0,0.0,2566.3756911219934,8.0,-3.0,-3.0
4,broad,broad_joint,development,immediate,__design_mixture__,64,0,0,"Actual executed-action costs, including failures; not hypothetical completion times or an official population mean",1926.71496875,1934.1055927776272,-22.5,-23.328125,38.4375,0.0,9670.527963888137,-4.5,12.8125,12.8125
4,broad,broad_joint,development,immediate,assumption__radius_max__noise_correlated__scale_150,3,0,0,"Actual executed-action costs, including failures; not hypothetical completion times or an official population mean",3318.0805613333323,3143.7472279564827,0.0,-19.666666666666668,194.0,0.0,15718.736139782413,0.0,64.66666666666667,64.66666666666667
4,broad,broad_joint,development,immediate,assumption__radius_max__noise_correlated__scale_300,3,0,0,"Actual executed-action costs, including failures; not hypothetical completion times or an official population mean",2260.251362333333,2223.584693437998,-113.33333333333333,-39.0,189.0,0.0,11117.92346718999,-22.666666666666668,63.0,63.0
4,broad,broad_joint,development,immediate,assumption__radius_max__noise_correlated__scale_75,1,0,0,"Actual executed-action costs, including failures; not hypothetical completion times or an official population mean",2855.1576999999997,2748.1577022998463,0.0,-16.0,123.0,0.0,13740.788511499231,0.0,41.0,41.0
4,broad,broad_joint,development,immediate,assumption__radius_max__noise_deterministic__scale_150,3,0,0,"Actual executed-action costs, including failures; not hypothetical completion times or an official population mean",2865.1751566666676,2821.841824561012,0.0,-17.666666666666668,61.0,0.0,14109.209122805058,0.0,20.333333333333332,20.333333333333332
4,broad,broad_joint,development,immediate,assumption__radius_max__noise_deterministic__scale_300,3,0,0,"Actual executed-action costs, including failures; not hypothetical completion times or an official population mean",1956.5579476666662,1939.557946181528,-88.33333333333333,-34.666666666666664,140.0,0.0,9697.789730907642,-17.666666666666668,46.666666666666664,46.666666666666664
4,broad,broad_joint,development,immediate,assumption__radius_max__noise_deterministic__scale_75,3,0,0,"Actual executed-action costs, including failures; not hypothetical completion times or an official population mean",2007.0973116666676,1887.097310400123,0.0,-16.0,136.0,0.0,9435.486552000615,0.0,45.333333333333336,45.333333333333336
4,broad,broad_joint,development,immediate,assumption__radius_max__noise_extreme__scale_150,3,0,0,"Actual executed-action costs, including failures; not hypothetical completion times or an official population mean",2387.130298333333,2381.4636319291526,0.0,-20.333333333333332,26.0,0.0,11907.318159645763,0.0,8.666666666666666,8.666666666666666
4,broad,broad_joint,development,immediate,assumption__radius_max__noise_extreme__scale_300,3,0,0,"Actual executed-action costs, including failures; not hypothetical completion times or an official population mean",2617.008668,2494.00866628612,0.0,-17.0,140.0,0.0,12470.0433314306,0.0,46.666666666666664,46.666666666666664
4,broad,broad_joint,development,immediate,assumption__radius_max__noise_extreme__scale_75,1,0,0,"Actual executed-action costs, including failures; not hypothetical completion times or an official population mean",4663.076358,4410.076354786304,0.0,-20.0,273.0,0.0,22050.38177393152,0.0,91.0,91.0
4,broad,broad_joint,development,immediate,assumption__radius_min__noise_correlated__scale_150,2,0,0,"Actual executed-action costs, including failures; not hypothetical completion times or an official population mean",1543.7453235000003,1506.2453200539899,0.0,-21.0,58.5,0.0,7531.226600269951,0.0,19.5,19.5
4,broad,broad_joint,development,immediate,assumption__radius_min__noise_correlated__scale_300,3,0,0,"Actual executed-action costs, including failures; not hypothetical completion times or an official population mean",1469.9140573333332,1501.5807245424949,-28.333333333333332,-28.333333333333332,25.0,0.0,7507.903622712474,-5.666666666666667,8.333333333333334,8.333333333333334
4,broad,broad_joint,development,immediate,assumption__radius_min__noise_correlated__scale_75,2,0,0,"Actual executed-action costs, including failures; not hypothetical completion times or an official population mean",1953.3318925000003,2047.3318914999109,0.0,-22.0,-72.0,0.0,10236.659457499554,0.0,-24.0,-24.0
4,broad,broad_joint,development,immediate,assumption__radius_min__noise_deterministic__scale_150,1,0,0,"Actual executed-action costs, including failures; not hypothetical completion times or an official population mean",464.9573099999998,787.957309240328,0.0,-17.0,-306.0,0.0,3939.7865462016416,0.0,-102.0,-102.0
4,broad,broad_joint,development,immediate,assumption__radius_min__noise_deterministic__scale_300,3,0,0,"Actual executed-action costs, including failures; not hypothetical completion times or an official population mean",142.83336133333373,285.8333604541137,-133.33333333333334,-42.666666666666664,33.0,0.0,1429.166802270566,-26.666666666666668,11.0,11.0
4,broad,broad_joint,development,immediate,assumption__radius_min__noise_deterministic__scale_75,2,0,0,"Actual executed-action costs, including failures; not hypothetical completion times or an official population mean",1839.7793139999994,1872.279311344826,0.0,-20.5,-12.0,0.0,9361.396556724132,0.0,-4.0,-4.0
4,broad,broad_joint,development,immediate,assumption__radius_min__noise_extreme__scale_150,1,0,0,"Actual executed-action costs, including failures; not hypothetical completion times or an official population mean",471.8957129999999,757.8957113724027,0.0,-19.0,-267.0,0.0,3789.4785568620136,0.0,-89.0,-89.0
4,broad,broad_joint,development,immediate,assumption__radius_min__noise_extreme__scale_300,3,0,0,"Actual executed-action costs, including failures; not hypothetical completion times or an official population mean",989.8810530000004,1029.5477202082886,0.0,-17.666666666666668,-22.0,0.0,5147.738601041441,0.0,-7.333333333333333,-7.333333333333333
4,broad,broad_joint,development,immediate,assumption__radius_min__noise_extreme__scale_75,3,0,0,"Actual executed-action costs, including failures; not hypothetical completion times or an official population mean",1194.730971666667,1244.3976365236122,-45.0,-26.666666666666668,22.0,0.0,6221.98818261806,-9.0,7.333333333333333,7.333333333333333
4,broad,broad_joint,development,immediate,assumption__radius_mixed__noise_correlated__scale_150,2,0,0,"Actual executed-action costs, including failures; not hypothetical completion times or an official population mean",2283.8618670000005,2254.86186662587,0.0,-22.0,51.0,0.0,11274.30933312935,0.0,17.0,17.0
4,broad,broad_joint,development,immediate,assumption__radius_mixed__noise_correlated__scale_300,2,0,0,"Actual executed-action costs, including failures; not hypothetical completion times or an official population mean",618.9586369999997,787.9586370356647,-92.5,-34.5,-42.0,0.0,3939.7931851783214,-18.5,-14.0,-14.0
4,broad,broad_joint,development,immediate,assumption__radius_mixed__noise_correlated__scale_75,2,0,0,"Actual executed-action costs, including failures; not hypothetical completion times or an official population mean",1418.9099189999997,1504.409916228481,0.0,-21.0,-64.5,0.0,7522.049581142408,0.0,-21.5,-21.5
4,broad,broad_joint,development,immediate,assumption__radius_mixed__noise_deterministic__scale_150,3,0,0,"Actual executed-action costs, including failures; not hypothetical completion times or an official population mean",2439.650072,2366.650070349457,0.0,-21.0,94.0,0.0,11833.250351747285,0.0,31.333333333333332,31.333333333333332
4,broad,broad_joint,development,immediate,assumption__radius_mixed__noise_deterministic__scale_300,3,0,0,"Actual executed-action costs, including failures; not hypothetical completion times or an official population mean",2135.5466583333337,2131.879990944733,-10.0,-21.333333333333332,35.0,0.0,10659.399954723662,-2.0,11.666666666666666,11.666666666666666
4,broad,broad_joint,development,immediate,assumption__radius_mixed__noise_deterministic__scale_75,2,0,0,"Actual executed-action costs, including failures; not hypothetical completion times or an official population mean",2018.0454209999998,2081.045419373959,0.0,-19.5,-43.5,0.0,10405.227096869796,0.0,-14.5,-14.5
4,broad,broad_joint,development,immediate,assumption__radius_mixed__noise_extreme__scale_150,3,0,0,"Actual executed-action costs, including failures; not hypothetical completion times or an official population mean",1891.931553333333,2015.2648869295044,0.0,-20.333333333333332,-103.0,0.0,10076.32443464752,0.0,-34.333333333333336,-34.333333333333336
4,broad,broad_joint,development,immediate,assumption__radius_mixed__noise_extreme__scale_300,2,0,0,"Actual executed-action costs, including failures; not hypothetical completion times or an official population mean",1961.3890505,1946.8890483490045,0.0,-18.5,33.0,0.0,9734.445241745023,0.0,11.0,11.0
4,broad,broad_joint,development,immediate,assumption__radius_mixed__noise_extreme__scale_75,2,0,0,"Actual executed-action costs, including failures; not hypothetical completion times or an official population mean",2275.6304855,2338.630483465997,0.0,-18.0,-45.0,0.0,11693.152417329984,0.0,-15.0,-15.0
4,broad,broad_joint,development,scan_then_clear,__design_mixture__,64,0,0,"Actual executed-action costs, including failures; not hypothetical completion times or an official population mean",811.3829843593749,817.2423591257286,7.1875,-5.59375,-7.453125,0.0,4086.211795628643,1.4375,-2.484375,-2.484375
4,broad,broad_joint,development,scan_then_clear,assumption__radius_max__noise_correlated__scale_150,3,0,0,"Actual executed-action costs, including failures; not hypothetical completion times or an official population mean",1238.5600399999996,1136.8933724923706,0.0,-6.333333333333333,108.0,0.0,5684.4668624618525,0.0,36.0,36.0
4,broad,broad_joint,development,scan_then_clear,assumption__radius_max__noise_correlated__scale_300,3,0,0,"Actual executed-action costs, including failures; not hypothetical completion times or an official population mean",1210.3219736666663,1260.9886406684561,26.666666666666668,-3.3333333333333335,-74.0,0.0,6304.943203342283,5.333333333333333,-24.666666666666668,-24.666666666666668
4,broad,broad_joint,development,scan_then_clear,assumption__radius_max__noise_correlated__scale_75,1,0,0,"Actual executed-action costs, including failures; not hypothetical completion times or an official population mean",728.025877,770.0258759967764,0.0,-6.0,-36.0,0.0,3850.1293799838822,0.0,-12.0,-12.0
4,broad,broad_joint,development,scan_then_clear,assumption__radius_max__noise_deterministic__scale_150,3,0,0,"Actual executed-action costs, including failures; not hypothetical completion times or an official population mean",690.7054393333334,779.7054401225787,0.0,-5.0,-84.0,0.0,3898.5272006128944,0.0,-28.0,-28.0
4,broad,broad_joint,development,scan_then_clear,assumption__radius_max__noise_deterministic__scale_300,3,0,0,"Actual executed-action costs, including failures; not hypothetical completion times or an official population mean",110.39899066666537,280.0656570193235,0.0,-6.666666666666667,-163.0,0.0,1400.3282850966182,0.0,-54.333333333333336,-54.333333333333336
4,broad,broad_joint,development,scan_then_clear,assumption__radius_max__noise_deterministic__scale_75,3,0,0,"Actual executed-action costs, including failures; not hypothetical completion times or an official population mean",273.7532533333342,253.41991862335786,0.0,-4.666666666666667,25.0,0.0,1267.099593116788,0.0,8.333333333333334,8.333333333333334
4,broad,broad_joint,development,scan_then_clear,assumption__radius_max__noise_extreme__scale_150,3,0,0,"Actual executed-action costs, including failures; not hypothetical completion times or an official population mean",801.0501173333329,708.0501177055127,0.0,-7.0,100.0,0.0,3540.2505885275627,0.0,33.333333333333336,33.333333333333336
4,broad,broad_joint,development,scan_then_clear,assumption__radius_max__noise_extreme__scale_300,3,0,0,"Actual executed-action costs, including failures; not hypothetical completion times or an official population mean",301.5694133333327,392.56941410846474,0.0,-6.0,-85.0,0.0,1962.8470705423194,0.0,-28.333333333333332,-28.333333333333332
4,broad,broad_joint,development,scan_then_clear,assumption__radius_max__noise_extreme__scale_75,1,0,0,"Actual executed-action costs, including failures; not hypothetical completion times or an official population mean",524.0532309999999,553.0532323251336,0.0,-5.0,-24.0,0.0,2765.2661616256664,0.0,-8.0,-8.0
4,broad,broad_joint,development,scan_then_clear,assumption__radius_min__noise_correlated__scale_150,2,0,0,"Actual executed-action costs, including failures; not hypothetical completion times or an official population mean",804.8882999999996,793.8882988143137,0.0,-7.0,18.0,0.0,3969.441494071565,0.0,6.0,6.0
4,broad,broad_joint,development,scan_then_clear,assumption__radius_min__noise_correlated__scale_300,3,0,0,"Actual executed-action costs, including failures; not hypothetical completion times or an official population mean",1493.5045059999995,1435.50450740181,33.333333333333336,-3.3333333333333335,28.0,0.0,7177.522537009053,6.666666666666667,9.333333333333334,9.333333333333334
4,broad,broad_joint,development,scan_then_clear,assumption__radius_min__noise_correlated__scale_75,2,0,0,"Actual executed-action costs, including failures; not hypothetical completion times or an official population mean",883.3782215000001,936.3782224164479,0.0,-8.0,-45.0,0.0,4681.891112082238,0.0,-15.0,-15.0
4,broad,broad_joint,development,scan_then_clear,assumption__radius_min__noise_deterministic__scale_150,1,0,0,"Actual executed-action costs, including failures; not hypothetical completion times or an official population mean",762.157792,778.1577914703903,0.0,-7.0,-9.0,0.0,3890.788957351957,0.0,-3.0,-3.0
4,broad,broad_joint,development,scan_then_clear,assumption__radius_min__noise_deterministic__scale_300,3,0,0,"Actual executed-action costs, including failures; not hypothetical completion times or an official population mean",1058.7831393333333,973.4498058730675,0.0,-7.666666666666667,93.0,0.0,4867.2490293653345,0.0,31.0,31.0
4,broad,broad_joint,development,scan_then_clear,assumption__radius_min__noise_deterministic__scale_75,2,0,0,"Actual executed-action costs, including failures; not hypothetical completion times or an official population mean",947.6637019999998,860.66370007755,0.0,-7.5,94.5,0.0,4303.318500387748,0.0,31.5,31.5
4,broad,broad_joint,development,scan_then_clear,assumption__radius_min__noise_extreme__scale_150,1,0,0,"Actual executed-action costs, including failures; not hypothetical completion times or an official population mean",452.34408600000097,663.3440862382831,0.0,-7.0,-204.0,0.0,3316.7204311914174,0.0,-68.0,-68.0
4,broad,broad_joint,development,scan_then_clear,assumption__radius_min__noise_extreme__scale_300,3,0,0,"Actual executed-action costs, including failures; not hypothetical completion times or an official population mean",503.64234899999974,601.3090144415182,0.0,-6.666666666666667,-91.0,0.0,3006.545072207591,0.0,-30.333333333333332,-30.333333333333332
4,broad,broad_joint,development,scan_then_clear,assumption__radius_min__noise_extreme__scale_75,3,0,0,"Actual executed-action costs, including failures; not hypothetical completion times or an official population mean",787.0421783333337,802.37551190669,0.0,-5.333333333333333,-10.0,0.0,4011.877559533447,0.0,-3.3333333333333335,-3.3333333333333335
4,broad,broad_joint,development,scan_then_clear,assumption__radius_mixed__noise_correlated__scale_150,2,0,0,"Actual executed-action costs, including failures; not hypothetical completion times or an official population mean",573.253721,572.7537167574237,0.0,-8.5,9.0,0.0,2863.7685837871213,0.0,3.0,3.0
4,broad,broad_joint,development,scan_then_clear,assumption__radius_mixed__noise_correlated__scale_300,2,0,0,"Actual executed-action costs, including failures; not hypothetical completion times or an official population mean",270.69781499999954,389.6978142641501,0.0,-6.5,-112.5,0.0,1948.4890713207496,0.0,-37.5,-37.5
4,broad,broad_joint,development,scan_then_clear,assumption__radius_mixed__noise_correlated__scale_75,2,0,0,"Actual executed-action costs, including failures; not hypothetical completion times or an official population mean",127.7711220000001,242.7711198191373,0.0,-7.0,-108.0,0.0,1213.8555990956884,0.0,-36.0,-36.0
4,broad,broad_joint,development,scan_then_clear,assumption__radius_mixed__noise_deterministic__scale_150,3,0,0,"Actual executed-action costs, including failures; not hypothetical completion times or an official population mean",1510.3715363333329,1363.0382032299597,0.0,-7.666666666666667,155.0,0.0,6815.191016149797,0.0,51.666666666666664,51.666666666666664
4,broad,broad_joint,development,scan_then_clear,assumption__radius_mixed__noise_deterministic__scale_300,3,0,0,"Actual executed-action costs, including failures; not hypothetical completion times or an official population mean",1852.6797066666668,1690.6797072221223,93.33333333333333,7.666666666666667,61.0,0.0,8453.398536110612,18.666666666666668,20.333333333333332,20.333333333333332
4,broad,broad_joint,development,scan_then_clear,assumption__radius_mixed__noise_deterministic__scale_75,2,0,0,"Actual executed-action costs, including failures; not hypothetical completion times or an official population mean",892.5182540000005,715.5182535080448,0.0,-4.5,181.5,0.0,3577.591267540225,0.0,60.5,60.5
4,broad,broad_joint,development,scan_then_clear,assumption__radius_mixed__noise_extreme__scale_150,3,0,0,"Actual executed-action costs, including failures; not hypothetical completion times or an official population mean",586.1480970000006,673.1480983533202,0.0,-8.0,-79.0,0.0,3365.740491766604,0.0,-26.333333333333332,-26.333333333333332
4,broad,broad_joint,development,scan_then_clear,assumption__radius_mixed__noise_extreme__scale_300,2,0,0,"Actual executed-action costs, including failures; not hypothetical completion times or an official population mean",847.6968669999997,844.6968677362715,0.0,-6.0,9.0,0.0,4223.484338681359,0.0,3.0,3.0
4,broad,broad_joint,development,scan_then_clear,assumption__radius_mixed__noise_extreme__scale_75,2,0,0,"Actual executed-action costs, including failures; not hypothetical completion times or an official population mean",755.3008934999989,886.3008918618561,0.0,-6.5,-124.5,0.0,4431.5044593092825,0.0,-41.5,-41.5
4,calibrated,broad_joint,development,immediate,__design_mixture__,32,0,0,"Actual executed-action costs, including failures; not hypothetical completion times or an official population mean",1969.1749947499998,1979.83124389341,-18.90625,-23.15625,31.40625,0.0,9899.15621946705,-3.78125,10.46875,10.46875
4,calibrated,broad_joint,development,immediate,mixed_correlated150_after_observable_screen,15,0,0,"Actual executed-action costs, including failures; not hypothetical completion times or an official population mean",1983.7519416666662,1975.1519411608845,-24.666666666666668,-24.733333333333334,58.0,0.0,9875.759705804423,-4.933333333333334,19.333333333333332,19.333333333333332
4,calibrated,broad_joint,development,immediate,mixed_extreme150_after_observable_screen,17,0,0,"Actual executed-action costs, including failures; not hypothetical completion times or an official population mean",1956.3129827647058,1983.960040422109,-13.823529411764707,-21.764705882352942,7.9411764705882355,0.0,9919.800202110544,-2.764705882352941,2.6470588235294117,2.6470588235294117
4,calibrated,broad_joint,development,scan_then_clear,__design_mixture__,32,0,0,"Actual executed-action costs, including failures; not hypothetical completion times or an official population mean",854.4950269999997,872.4325271456668,7.5,-5.65625,-19.78125,0.0,4362.162635728335,1.5,-6.59375,-6.59375
4,calibrated,broad_joint,development,scan_then_clear,mixed_correlated150_after_observable_screen,15,0,0,"Actual executed-action costs, including failures; not hypothetical completion times or an official population mean",716.9683343999998,778.6350014028935,5.333333333333333,-6.8,-60.2,0.0,3893.1750070144685,1.0666666666666667,-20.066666666666666,-20.066666666666666
4,calibrated,broad_joint,development,scan_then_clear,mixed_extreme150_after_observable_screen,17,0,0,"Actual executed-action costs, including failures; not hypothetical completion times or an official population mean",975.8421087058823,955.1950498598785,9.411764705882353,-4.647058823529412,15.882352941176471,0.0,4775.975249299394,1.8823529411764706,5.294117647058823,5.294117647058823
4,calibrated,smoothed_joint,development,immediate,__design_mixture__,32,0,0,"Actual executed-action costs, including failures; not hypothetical completion times or an official population mean",1862.8275866875,1910.1713349980191,-22.03125,-23.71875,-1.59375,0.0,9550.856674990097,-4.40625,-0.53125,-0.53125
4,calibrated,smoothed_joint,development,immediate,mixed_correlated150_after_observable_screen,16,0,0,"Actual executed-action costs, including failures; not hypothetical completion times or an official population mean",1648.4197071249996,1705.2322054920062,-44.0625,-27.0,14.25,0.0,8526.161027460032,-8.8125,4.75,4.75
4,calibrated,smoothed_joint,development,immediate,mixed_extreme150_after_observable_screen,16,0,0,"Actual executed-action costs, including failures; not hypothetical completion times or an official population mean",2077.23546625,2115.1104645040323,0.0,-20.4375,-17.4375,0.0,10575.552322520161,0.0,-5.8125,-5.8125
4,calibrated,smoothed_joint,development,scan_then_clear,__design_mixture__,32,0,0,"Actual executed-action costs, including failures; not hypothetical completion times or an official population mean",846.51067034375,833.5731703297452,0.0,-7.125,20.0625,0.0,4167.865851648725,0.0,6.6875,6.6875
4,calibrated,smoothed_joint,development,scan_then_clear,mixed_correlated150_after_observable_screen,16,0,0,"Actual executed-action costs, including failures; not hypothetical completion times or an official population mean",717.1405753124998,730.3280749739138,0.0,-6.8125,-6.375,0.0,3651.6403748695675,0.0,-2.125,-2.125
4,calibrated,smoothed_joint,development,scan_then_clear,mixed_extreme150_after_observable_screen,16,0,0,"Actual executed-action costs, including failures; not hypothetical completion times or an official population mean",975.8807653750001,936.8182656855765,0.0,-7.4375,46.5,0.0,4684.091328427882,0.0,15.5,15.5
4,stress,stress_design,development,immediate,__design_mixture__,32,0,0,"Actual executed-action costs, including failures; not hypothetical completion times or an official population mean",1458.4907514687502,1445.4907499396095,-29.0625,-24.125,66.1875,0.0,7227.453749698047,-5.8125,22.0625,22.0625
4,stress,stress_design,development,immediate,assumption__radius_max__noise_correlated__scale_150,1,0,0,"Actual executed-action costs, including failures; not hypothetical completion times or an official population mean",-33.43872300000112,159.56127732951245,-280.0,-66.0,153.0,0.0,797.8063866475568,-56.0,51.0,51.0
4,stress,stress_design,development,immediate,assumption__radius_max__noise_correlated__scale_300,1,0,0,"Actual executed-action costs, including failures; not hypothetical completion times or an official population mean",924.0861110000005,891.0861096900971,0.0,-15.0,48.0,0.0,4455.430548450488,0.0,16.0,16.0
4,stress,stress_design,development,immediate,assumption__radius_max__noise_correlated__scale_75,1,0,0,"Actual executed-action costs, including failures; not hypothetical completion times or an official population mean",257.91672599999947,276.91672539295087,0.0,-16.0,-3.0,0.0,1384.5836269647552,0.0,-1.0,-1.0
4,stress,stress_design,development,immediate,assumption__radius_max__noise_deterministic__scale_150,1,0,0,"Actual executed-action costs, including failures; not hypothetical completion times or an official population mean",2199.0799640000005,2149.0799628404966,0.0,-19.0,69.0,0.0,10745.399814202487,0.0,23.0,23.0
4,stress,stress_design,development,immediate,assumption__radius_max__noise_deterministic__scale_300,1,0,0,"Actual executed-action costs, including failures; not hypothetical completion times or an official population mean",3251.651946,3091.6519435931914,0.0,-26.0,186.0,0.0,15458.259717965957,0.0,62.0,62.0
4,stress,stress_design,development,immediate,assumption__radius_max__noise_deterministic__scale_75,2,0,0,"Actual executed-action costs, including failures; not hypothetical completion times or an official population mean",2689.8227115,2647.322708925377,-65.0,-35.0,142.5,0.0,13236.613544626885,-13.0,47.5,47.5
4,stress,stress_design,development,immediate,assumption__radius_max__noise_extreme__scale_300,1,0,0,"Actual executed-action costs, including failures; not hypothetical completion times or an official population mean",-613.1923929999994,-364.19239259631377,-300.0,-63.0,114.0,0.0,-1820.961962981568,-60.0,38.0,38.0
4,stress,stress_design,development,immediate,assumption__radius_max__noise_extreme__scale_75,2,0,0,"Actual executed-action costs, including failures; not hypothetical completion times or an official population mean",1595.7806485,1421.780645364678,0.0,-16.5,190.5,0.0,7108.903226823397,0.0,63.5,63.5
4,stress,stress_design,development,immediate,assumption__radius_min__noise_correlated__scale_150,1,0,0,"Actual executed-action costs, including failures; not hypothetical completion times or an official population mean",1429.3885769999997,1432.3885765850573,0.0,-18.0,15.0,0.0,7161.9428829252865,0.0,5.0,5.0
4,stress,stress_design,development,immediate,assumption__radius_min__noise_correlated__scale_300,1,0,0,"Actual executed-action costs, including failures; not hypothetical completion times or an official population mean",2219.200465,2050.2004647774593,0.0,-20.0,189.0,0.0,10251.002323887296,0.0,63.0,63.0
4,stress,stress_design,development,immediate,assumption__radius_min__noise_correlated__scale_75,1,0,0,"Actual executed-action costs, including failures; not hypothetical completion times or an official population mean",1354.2347930000014,1497.2347942755987,0.0,-20.0,-123.0,0.0,7486.17397137799,0.0,-41.0,-41.0
4,stress,stress_design,development,immediate,assumption__radius_min__noise_deterministic__scale_150,2,0,0,"Actual executed-action costs, including failures; not hypothetical completion times or an official population mean",993.7869920000012,1086.7869884325246,-90.0,-39.0,36.0,0.0,5433.934942162621,-18.0,12.0,12.0
4,stress,stress_design,development,immediate,assumption__radius_min__noise_deterministic__scale_300,1,0,0,"Actual executed-action costs, including failures; not hypothetical completion times or an official population mean",1870.0725669999993,1892.07256359633,0.0,-25.0,3.0,0.0,9460.362817981644,0.0,1.0,1.0
4,stress,stress_design,development,immediate,assumption__radius_min__noise_deterministic__scale_75,2,0,0,"Actual executed-action costs, including failures; not hypothetical completion times or an official population mean",637.4056610000007,770.9056614065876,-20.0,-26.5,-87.0,0.0,3854.5283070329388,-4.0,-29.0,-29.0
4,stress,stress_design,development,immediate,assumption__radius_min__noise_extreme__scale_150,1,0,0,"Actual executed-action costs, including failures; not hypothetical completion times or an official population mean",1401.498520000001,1228.4985148218366,0.0,-19.0,192.0,0.0,6142.4925741091865,0.0,64.0,64.0
4,stress,stress_design,development,immediate,assumption__radius_min__noise_extreme__scale_300,1,0,0,"Actual executed-action costs, including failures; not hypothetical completion times or an official population mean",341.9951869999986,269.9951830546652,0.0,-15.0,87.0,0.0,1349.975915273324,0.0,29.0,29.0
4,stress,stress_design,development,immediate,assumption__radius_min__noise_extreme__scale_75,1,0,0,"Actual executed-action costs, including failures; not hypothetical completion times or an official population mean",708.6718219999984,498.67182341381886,0.0,-15.0,225.0,0.0,2493.3591170690925,0.0,75.0,75.0
4,stress,stress_design,development,immediate,assumption__radius_mixed__noise_correlated__scale_300,1,0,0,"Actual executed-action costs, including failures; not hypothetical completion times or an official population mean",1830.9360780000006,1876.9360766012187,0.0,-16.0,-30.0,0.0,9384.680383006096,0.0,-10.0,-10.0
4,stress,stress_design,development,immediate,assumption__radius_mixed__noise_correlated__scale_75,2,0,0,"Actual executed-action costs, including failures; not hypothetical completion times or an official population mean",1548.0820525000008,1531.0820504686303,0.0,-20.5,37.5,0.0,7655.41025234315,0.0,12.5,12.5
4,stress,stress_design,development,immediate,assumption__radius_mixed__noise_deterministic__scale_150,1,0,0,"Actual executed-action costs, including failures; not hypothetical completion times or an official population mean",2365.8015720000003,2299.801566195645,0.0,-21.0,87.0,0.0,11499.007830978226,0.0,29.0,29.0
4,stress,stress_design,development,immediate,assumption__radius_mixed__noise_deterministic__scale_300,1,0,0,"Actual executed-action costs, including failures; not hypothetical completion times or an official population mean",2378.641082,2311.641085078678,0.0,-23.0,90.0,0.0,11558.20542539339,0.0,30.0,30.0
4,stress,stress_design,development,immediate,assumption__radius_mixed__noise_deterministic__scale_75,2,0,0,"Actual executed-action costs, including failures; not hypothetical completion times or an official population mean",2559.0414494999995,2534.041446859004,0.0,-20.0,45.0,0.0,12670.20723429502,0.0,15.0,15.0
4,stress,stress_design,development,immediate,assumption__radius_mixed__noise_extreme__scale_150,1,0,0,"Actual executed-action costs, including failures; not hypothetical completion times or an official population mean",2024.0029090000007,1960.0029062358772,0.0,-14.0,78.0,0.0,9800.01453117939,0.0,26.0,26.0
4,stress,stress_design,development,immediate,assumption__radius_mixed__noise_extreme__scale_300,1,0,0,"Actual executed-action costs, including failures; not hypothetical completion times or an official population mean",246.52796200000012,288.5279636192927,0.0,-15.0,-27.0,0.0,1442.6398180964607,0.0,-9.0,-9.0
4,stress,stress_design,development,immediate,assumption__radius_mixed__noise_extreme__scale_75,2,0,0,"Actual executed-action costs, including failures; not hypothetical completion times or an official population mean",1233.394926,1230.8949253242426,0.0,-15.5,18.0,0.0,6154.474626621213,0.0,6.0,6.0
4,stress,stress_design,development,scan_then_clear,__design_mixture__,32,0,0,"Actual executed-action costs, including failures; not hypothetical completion times or an official population mean",441.80159181249985,445.082841542161,9.375,-5.34375,-7.3125,0.0,2225.4142077108054,1.875,-2.4375,-2.4375
4,stress,stress_design,development,scan_then_clear,assumption__radius_max__noise_correlated__scale_150,1,0,0,"Actual executed-action costs, including failures; not hypothetical completion times or an official population mean",-281.0570680000001,-187.05706706315323,0.0,-7.0,-87.0,0.0,-935.2853353157698,0.0,-29.0,-29.0
4,stress,stress_design,development,scan_then_clear,assumption__radius_max__noise_correlated__scale_300,1,0,0,"Actual executed-action costs, including failures; not hypothetical completion times or an official population mean",299.7610850000001,277.76108556702275,0.0,-2.0,24.0,0.0,1388.805427835112,0.0,8.0,8.0
4,stress,stress_design,development,scan_then_clear,assumption__radius_max__noise_correlated__scale_75,1,0,0,"Actual executed-action costs, including failures; not hypothetical completion times or an official population mean",-73.19474900000023,-84.19474748124503,0.0,-4.0,15.0,0.0,-420.97373740622425,0.0,5.0,5.0
4,stress,stress_design,development,scan_then_clear,assumption__radius_max__noise_deterministic__scale_150,1,0,0,"Actual executed-action costs, including failures; not hypothetical completion times or an official population mean",461.155804,533.1558034316295,0.0,-9.0,-63.0,0.0,2665.779017158151,0.0,-21.0,-21.0
4,stress,stress_design,development,scan_then_clear,assumption__radius_max__noise_deterministic__scale_300,1,0,0,"Actual executed-action costs, including failures; not hypothetical completion times or an official population mean",-522.6980429999985,-420.6980401275123,0.0,-12.0,-90.0,0.0,-2103.4902006375632,0.0,-30.0,-30.0
4,stress,stress_design,development,scan_then_clear,assumption__radius_max__noise_deterministic__scale_75,2,0,0,"Actual executed-action costs, including failures; not hypothetical completion times or an official population mean",-101.5985410000003,-56.59853918625049,0.0,-10.5,-34.5,0.0,-282.99269593125064,0.0,-11.5,-11.5
4,stress,stress_design,development,scan_then_clear,assumption__radius_max__noise_extreme__scale_300,1,0,0,"Actual executed-action costs, including failures; not hypothetical completion times or an official population mean",3756.830363,3368.8303626601,300.0,43.0,45.0,0.0,16844.1518133005,60.0,15.0,15.0
4,stress,stress_design,development,scan_then_clear,assumption__radius_max__noise_extreme__scale_75,2,0,0,"Actual executed-action costs, including failures; not hypothetical completion times or an official population mean",-181.09196699999939,-140.0919675897885,0.0,-3.5,-37.5,0.0,-700.4598379489398,0.0,-12.5,-12.5
4,stress,stress_design,development,scan_then_clear,assumption__radius_min__noise_correlated__scale_150,1,0,0,"Actual executed-action costs, including failures; not hypothetical completion times or an official population mean",415.7862269999987,482.7862271027825,0.0,-7.0,-60.0,0.0,2413.9311355139143,0.0,-20.0,-20.0
4,stress,stress_design,development,scan_then_clear,assumption__radius_min__noise_correlated__scale_300,1,0,0,"Actual executed-action costs, including failures; not hypothetical completion times or an official population mean",104.59784299999956,234.5978379078024,0.0,-7.0,-123.0,0.0,1172.98918953901,0.0,-41.0,-41.0
4,stress,stress_design,development,scan_then_clear,assumption__radius_min__noise_correlated__scale_75,1,0,0,"Actual executed-action costs, including failures; not hypothetical completion times or an official population mean",746.5821649999998,774.5821663491897,0.0,-7.0,-21.0,0.0,3872.910831745947,0.0,-7.0,-7.0
4,stress,stress_design,development,scan_then_clear,assumption__radius_min__noise_deterministic__scale_150,2,0,0,"Actual executed-action costs, including failures; not hypothetical completion times or an official population mean",361.5008910000006,390.50089004542133,0.0,-11.0,-18.0,0.0,1952.5044502271048,0.0,-6.0,-6.0
4,stress,stress_design,development,scan_then_clear,assumption__radius_min__noise_deterministic__scale_300,1,0,0,"Actual executed-action costs, including failures; not hypothetical completion times or an official population mean",622.334832999999,548.3348340888897,0.0,-10.0,84.0,0.0,2741.6741704444503,0.0,28.0,28.0
4,stress,stress_design,development,scan_then_clear,assumption__radius_min__noise_deterministic__scale_75,2,0,0,"Actual executed-action costs, including failures; not hypothetical completion times or an official population mean",868.3691155000006,881.8691145613384,0.0,-9.0,-4.5,0.0,4409.345572806691,0.0,-1.5,-1.5
4,stress,stress_design,development,scan_then_clear,assumption__radius_min__noise_extreme__scale_150,1,0,0,"Actual executed-action costs, including failures; not hypothetical completion times or an official population mean",-71.77438799999982,-27.7743889074045,0.0,-5.0,-39.0,0.0,-138.87194453701522,0.0,-13.0,-13.0
4,stress,stress_design,development,scan_then_clear,assumption__radius_min__noise_extreme__scale_300,1,0,0,"Actual executed-action costs, including failures; not hypothetical completion times or an official population mean",630.1006339999985,399.1006337778963,0.0,-3.0,234.0,0.0,1995.5031688894815,0.0,78.0,78.0
4,stress,stress_design,development,scan_then_clear,assumption__radius_min__noise_extreme__scale_75,1,0,0,"Actual executed-action costs, including failures; not hypothetical completion times or an official population mean",487.3981699999986,291.39816893864736,0.0,-5.0,201.0,0.0,1456.9908446932386,0.0,67.0,67.0
4,stress,stress_design,development,scan_then_clear,assumption__radius_mixed__noise_correlated__scale_300,1,0,0,"Actual executed-action costs, including failures; not hypothetical completion times or an official population mean",1837.610385,1678.6103851313064,0.0,-6.0,165.0,0.0,8393.051925656531,0.0,55.0,55.0
4,stress,stress_design,development,scan_then_clear,assumption__radius_mixed__noise_correlated__scale_75,2,0,0,"Actual executed-action costs, including failures; not hypothetical completion times or an official population mean",-100.39106300000003,-92.89106340576564,0.0,-7.5,0.0,0.0,-464.45531702882727,0.0,0.0,0.0
4,stress,stress_design,development,scan_then_clear,assumption__radius_mixed__noise_deterministic__scale_150,1,0,0,"Actual executed-action costs, including failures; not hypothetical completion times or an official population mean",188.317939999999,273.3179359989499,0.0,-7.0,-78.0,0.0,1366.5896799947514,0.0,-26.0,-26.0
4,stress,stress_design,development,scan_then_clear,assumption__radius_mixed__noise_deterministic__scale_300,1,0,0,"Actual executed-action costs, including failures; not hypothetical completion times or an official population mean",917.8842100000002,982.8842139450808,0.0,-8.0,-57.0,0.0,4914.421069725402,0.0,-19.0,-19.0
4,stress,stress_design,development,scan_then_clear,assumption__radius_mixed__noise_deterministic__scale_75,2,0,0,"Actual executed-action costs, including failures; not hypothetical completion times or an official population mean",621.5546919999997,724.5546897469953,0.0,-8.5,-94.5,0.0,3622.7734487349735,0.0,-31.5,-31.5
4,stress,stress_design,development,scan_then_clear,assumption__radius_mixed__noise_extreme__scale_150,1,0,0,"Actual executed-action costs, including failures; not hypothetical completion times or an official population mean",656.7386220000008,632.7386207278942,0.0,-3.0,27.0,0.0,3163.6931036394744,0.0,9.0,9.0
4,stress,stress_design,development,scan_then_clear,assumption__radius_mixed__noise_extreme__scale_300,1,0,0,"Actual executed-action costs, including failures; not hypothetical completion times or an official population mean",229.50732099999914,230.50732250277088,0.0,-4.0,3.0,0.0,1152.5366125138535,0.0,1.0,1.0
4,stress,stress_design,development,scan_then_clear,assumption__radius_mixed__noise_extreme__scale_75,2,0,0,"Actual executed-action costs, including failures; not hypothetical completion times or an official population mean",397.54166449999957,419.54166322730225,0.0,-4.0,-18.0,0.0,2097.7083161365117,0.0,-6.0,-6.0
